date,ustar,cstar,qstar,tstar,zeta,std_t,std_q,std_c,std_w,std_u,std_v,rqc,rqt,rct,Fc,LE,H,Ecec,Tcec,Pcec,Rcec,statuscec,Emrea,Tmrea,Pmrea,Rmrea,statusmrea,W_const_ppm,W_const_ratio,W_linear,W_sqrt,W_opt,Efvsconst_ppm,Tfvsconst_ppm,Pfvsconst_ppm,Rfvsconst_ppm,statusfvsconst_ppm,Efvsconst_ratio,Tfvsconst_ratio,Pfvsconst_ratio,Rfvsconst_ratio,statusfvsconst_ratio,Efvslinear,Tfvslinear,Pfvslinear,Rfvslinear,statusfvslinear,Efvssqrt,Tfvssqrt,Pfvssqrt,Rfvssqrt,statusfvssqrt,Efvsopt,Tfvsopt,Pfvsopt,Rfvsopt,statusfvsopt,Ececwconst_ppm,Tcecwconst_ppm,Pcecwconst_ppm,Rcecwconst_ppm,Ececwconst_ratio,Tcecwconst_ratio,Pcecwconst_ratio,Rcecwconst_ratio,Ececwlinear,Tcecwlinear,Pcecwlinear,Rcecwlinear,Ececwsqrt,Tcecwsqrt,Pcecwsqrt,Rcecwsqrt,Ececwopt,Tcecwopt,Pcecwopt,Rcecwopt,Ecea,Tcea,Pcea,Rcea,statuscea
2025-05-17 00:00:00,0.09729767486276544,1.1117436851818352,0.03659058179728971,-0.06037530322770753,0.1669338194576117,0.7022073408228712,0.21770171134385796,14.05078073117088,0.15135895551663117,0.5046512102827583,0.3551691855537763,0.8541605316059143,-0.93120205698999,-0.9037302713454455,0.10817007561155487,8.733117935934946,-7.00198496986603,6.650369232270411,2.08226414881771,-0.08966108906672814,0.19782516198778763,OK,,,,,E>ET,-0.049337767117513025,-0.03873722647074527,-0.010664461416201825,-0.01924037275645201,-0.05170316960264363,4.641833815470675,4.0912841204642705,-0.08228896173952109,0.19045903735107594,OK,4.33068529751724,4.402432638417705,-0.06952222997822552,0.17769230558978039,OK,3.2204113489580948,5.51270658697685,-0.023966590581188846,0.1321366661927437,OK,3.614745512720575,5.118372423214371,-0.040146511752543426,0.14831658736409828,OK,4.70535462033739,4.0277633155975545,-0.08489528325546136,0.1930653588670162,OK,8.345735641676903,0.3873822942580425,-0.007791511381798261,0.11596158699335313,9.216150331540847,-0.4830323956059015,0.007627939380877469,0.1005421362306774,19.880243991238686,-11.14712605530374,0.04846233009307982,0.05970774551847505,13.321297570379466,-4.58817963444452,0.03598788684886842,0.07218218876268645,8.200218351106725,0.5328995848282201,-0.011232204490644881,0.11940228010219975,6.254354271967366,2.478763663967579,-0.08237290667998083,0.1905429822915357,OK
2025-05-17 00:30:00,0.17927264665066528,0.5890028249289079,0.026425344639551943,-0.06256111848897646,0.05090232990349658,0.27741545913906424,0.10258767138534422,3.5719385240884334,0.20527322246935037,0.7875009853300308,0.3722525842551758,0.7962362056072315,-0.9619221366193025,-0.8247308293848199,0.10559209530972376,11.62069863127826,-13.35517813508021,10.396079328320294,1.223973708589564,-0.017565823281518806,0.12315205236372538,OK,,,,,E>ET,-0.041525333684363334,-0.033935872842980955,-0.010414693878063435,-0.018020153473525143,-0.04686999301195612,4.914328342720593,6.706370288557668,-0.11352803263076108,0.21912012794048488,OK,4.559170707629107,7.0615279236491535,-0.09769225996498841,0.20328435527471217,OK,3.172604802664399,8.448093828613862,-0.03586804365192427,0.14146013896164805,OK,3.6769563516953623,7.9437422795828985,-0.05835607624631645,0.16394817155604022,OK,5.143733479734754,6.476965151543507,-0.12375675148451981,0.2293488467942436,OK,9.783097574766924,1.8376010565113372,-0.0311076221159282,0.13669971742565196,10.547293332001605,1.073405299276656,-0.014849957499076444,0.1204420528088002,19.99049807273107,-8.36979944145281,0.035535629434780835,0.07005646587494292,14.240253438233749,-2.619554806955488,0.01924369329541316,0.0863484020143106,9.393444721305576,2.227253909972685,-0.042556614429788656,0.1481487097395124,8.10028626082566,3.5204123704526,-0.09758718398278197,0.20317927929250573,OK
2025-05-17 01:00:00,0.1268696825541088,0.4011437219978951,0.012083169177815494,-0.05867108112110487,0.09552231648638715,0.3200386518019484,0.07259746711470871,1.9730521037233162,0.19226878373855774,0.563571179433489,0.4874936576221608,0.8980159951913347,-0.9687479891309572,-0.9294131230521077,0.050892976668446624,3.7604191662142683,-8.88540350797202,3.6114408145804333,0.1487694394579326,-0.0022065093830094624,0.053096658663863386,OK,,,,,E>ET,-0.045005659874423454,-0.03665495343513225,-0.010443294362455913,-0.018711841458003742,-0.024523457128441305,,,,,13b not satisfied,,,,,13b not satisfied,,,,,13b not satisfied,,,,,13b not satisfied,,,,,13b not satisfied,3.281465069055693,0.4789540971585753,-0.008787462369417201,0.059680439037863825,3.598821519058553,0.16159764715571523,-0.0024147387817854207,0.053307715450232045,7.891696465225105,-4.131277299010836,0.017588318355687707,0.03330465831275892,5.2389296614021745,-1.4785104951879062,0.011278293509967674,0.03961468315847895,4.444925859684362,-0.6845066934700941,0.006843241154278416,0.04404973551416821,2.812837875616156,0.9475812905981117,-0.02475403027220397,0.0756470069406506,OK
2025-05-17 01:30:00,0.08377067948436949,-1.6339512828043645,-0.025188673863279127,0.05818556269498429,-0.21788701908824573,0.45377036096659695,0.18927651306124021,12.873876020366026,0.08447769278256537,0.2449902290018715,0.4571868018020733,0.9896294306327769,-0.9464766094591643,-0.9566552081866023,-0.13687720920487878,-5.176007412825334,5.835142780245526,-5.1757198568579525,0.0,0.0,-0.13686960491547853,OK,-5.176007412825334,0.0,0.0,-0.13687720920487878,OK,-0.045860067337335796,-0.038716461534275055,-0.010243429851208298,-0.01921185721019366,-0.0520868120905481,-3.7643169199678344,-1.4116904928574998,0.026392262968577856,-0.1632694721734566,OK,-3.694821078200938,-1.481186334624397,0.023378024357757488,-0.16025523356263624,OK,-3.3332395981800444,-1.8427678146452895,0.0076951744155659965,-0.14457238362044475,OK,-3.4648159019349634,-1.711191510890371,0.013402024853861091,-0.15027923405873983,OK,-3.819782606001787,-1.3562248068235478,0.02879797255016623,-0.165675181755045,OK,-4.16477141636993,-1.0112359964554045,0.018905564978142136,-0.15578277418302092,-4.61495239921082,-0.5610550136145145,0.00885530568822604,-0.14573251489310482,-12.648227975126778,7.472220562301444,-0.031203084860452965,-0.10567412434442582,-7.549033716652961,2.3730263038276265,-0.018585504486412552,-0.11829170471846623,-3.873096818565315,-1.3029105942600192,0.0276659026881394,-0.16454311189301818,,,,,Not enough points
2025-05-17 02:00:00,0.07995905419037527,0.20723651029929088,-0.0010841851491102325,-0.04221185621246167,0.1739799354067837,0.35217470939651835,0.10445492185149294,12.720332830345622,0.0425467871477164,0.35714135584746337,0.4155158567089959,0.877070267354311,-0.19302355096684912,-0.5045597444797725,0.016570435357245263,-0.212651598028028,-4.050772744858687,-0.20719161309845635,-0.0054481709519033075,-0.00019471808228793805,0.01676423285979117,OK,,,,,E>ET,-0.07311889406314895,-0.05657662534239574,-0.0107787731474242,-0.023187263905014733,-0.07253558849775782,-0.055426922025561695,-0.15722467600246628,0.046803388626297855,-0.030232953269052544,OK,-0.05969188673817861,-0.1529597112898494,0.3594503300952975,-0.3428798947380522,Small ratioRP,-0.06527154337372597,-0.14738005465430204,-0.002992712667496113,0.019563148024741427,OK,-0.06494956840514479,-0.1477020296228832,-0.008851107457569868,0.02542154281481518,OK,-0.0555926289121925,-0.1570589691158355,0.047953936006473206,-0.031383500649227895,OK,,,,,,,,,,,,,,,,,,,,,,,,,Not enough points
2025-05-17 02:30:00,0.06513031547161559,0.9923591427410572,0.0023436734904540893,-0.08516799618571286,0.5300177923416091,0.4083054590812469,0.08085745066002605,6.449200014178145,0.06249808441506493,0.3136142510415574,0.3346673815092222,0.6987302547708624,-0.526454466065606,-0.6929619557225377,0.06463266402786706,0.3744362073809435,-6.666746226586228,0.3428174403860171,0.03159689712311137,-0.006312140898683518,0.07093815663046889,OK,,,,,E>ET,-0.07813622794994698,-0.05979941075975557,-0.010850813578892863,-0.023818563761515508,-0.060774941267582656,,,,,13b not satisfied,,,,,13b not satisfied,,,,,13b not satisfied,,,,,13b not satisfied,,,,,13b not satisfied,1.1806080912831163,-0.8061718839021728,0.025679262163643843,0.03895340186422322,1.486230087841566,-1.1117938804606224,0.027103391332184,0.03752927269568306,7.361002443845166,-6.986566236464222,0.030904984830191752,0.03372767919767531,3.453522455792399,-3.079086248411455,0.02989784432735175,0.03473481970051531,1.465326087548999,-1.0908898801680555,0.027027626741383558,0.037605037286483504,0.25965248491871457,0.11478372246222898,-0.04262671818620306,0.10725938221407011,OK
2025-05-17 03:00:00,0.04784722700888327,0.02722870490437259,0.006459017405809292,-0.005146065262030753,0.05953764889839754,0.8530849981346799,0.06557082556767128,15.009322283092244,0.08028859878918475,0.4189822388968909,0.3695268696311842,0.3656917600878338,-0.4159226445417377,-0.9583330847726397,0.0013028180247174085,0.7580900147879197,-0.2968285504965642,0.4478234716707691,0.3102256641497214,-0.0008902059493562013,0.002192893953174938,OK,,,,,E>ET,-0.09569278434615058,-0.0743816365374936,-0.01074119691896013,-0.026520844691277797,-0.11457072085167265,0.10093329290568659,0.6571567218822331,-0.025636019758948192,0.02693883778366562,Small ratioRP,0.0817245043033688,0.6763655104845508,-0.02050924319908603,0.021812061223803456,Small ratioRP,0.01703924637195147,0.7410507684159682,-0.0032449132615175887,0.004547731286235015,OK,0.034204795584110985,0.7238852192038087,-0.00782635445283969,0.009129172477557115,Small ratioRP,0.11705995906592455,0.641030055721995,-0.029940185720202624,0.03124300374492005,Small ratioRP,0.2924426838010125,0.4656473309869072,-0.018165140491435264,0.019467958516152673,0.29597809895585814,0.46211191583206157,-0.01401249105709957,0.015315309081816978,0.390035562241515,0.36805445254640473,-0.001611636914676314,0.0029144549393937224,0.32462682382610525,0.43346319096181446,-0.004686428849116988,0.0059892468738343965,0.2904094834178418,0.4676805313700779,-0.021843659032761156,0.023146477057478566,0.4795334525350682,0.27855656225285136,-0.0074059602158759895,0.008708778240593396,OK
2025-05-17 03:30:00,0.030307475110859076,0.1955564143199157,-0.006536335983757606,0.025546021891676846,-0.7365376386480222,0.42523898348739525,0.04725461125097439,6.561838284821489,0.06879172552940649,0.197816885508615,0.2313087270319444,0.6634106676627023,-0.657401222666078,-0.8382349811269124,0.00592682115976969,-0.4859389078731,0.9331032375380534,-0.38584341698843816,-0.10006148290149956,-0.0010828671333470606,0.007012892007451482,OK,,,,,E>ET,-0.08695367993377597,-0.06835050737793534,-0.010669344276357882,-0.025429463622477978,-0.09134482217764697,-0.10359525222565226,-0.38234365564744777,0.013553276745975545,-0.007626455586205868,OK,-0.07502231092842389,-0.41091659694467614,0.011449799384909566,-0.00552297822513989,OK,-0.03468549527695088,-0.45125341259614915,-0.01054030218870172,0.016467123348471398,OK,-0.009825344680065665,-0.4761135631930344,0.006990184537112777,-0.0010633633773431002,OK,-0.10976937659145596,-0.3761695312816441,0.01400780225991463,-0.008080981100144954,OK,-0.11895569676310921,-0.36698321110999077,0.013008781361568477,-0.007081960201798788,-0.10197231049277503,-0.383966597380325,0.01069886332944339,-0.0047720421696737,,,,,,,,,-0.12195536059414726,-0.36398354727895277,0.013554020546997598,-0.007627199387227908,-0.345767570967103,-0.1401713369059971,-0.013350332349352092,0.019277153509121785,OK
2025-05-17 04:00:00,0.12291099750581015,-1.8494055948602852,0.0009539045657226249,0.05866816604233749,-0.1030566881716517,0.40955362833407666,0.032573321294880685,10.89944082709596,0.05413956422600239,0.7538109453075903,0.383695620429636,-0.022545181042771697,0.25721838915010037,-0.8870859785623212,-0.22731228645710386,0.28760287224596537,8.708612191261745,0.0436992812206511,0.24390033489807397,-0.2601471502965179,0.03284705023360863,OK,0.23522695289756881,0.052375919348396555,-0.25771492431843057,0.030402637861326697,OK,-0.10408968242308324,-0.08478775877858878,-0.010442382684835405,-0.028291026822072508,-0.07942060377693196,,,,,rET < 0,,,,,rET < 0,,,,,rET < 0,,,,,rET < 0,,,,,rET < 0,,,,,,,,,,,,,,,,,,,,,,,,,unrealistic fluxes
2025-05-17 04:30:00,0.04284615190769038,-0.7360002987822994,0.039028342735868346,0.08709515892818238,-1.2555224667130236,0.6203865715690762,0.18148592949758116,11.779279516874924,0.0699268362796938,0.25361344275027947,0.3830106322096755,-0.6923258484126954,0.9174094679553815,-0.8214821406338128,-0.03153478060573191,4.101941681742427,4.495398326384261,0.0,4.1017137960934384,-0.03153302867347605,0.0,OK,0.0,4.101941681742427,-0.03153478060573191,0.0,OK,-0.13188504210694937,-0.10437675896144047,-0.010608895651050823,-0.031405463622740375,,,,,,13a not satisfied,,,,,13a not satisfied,,,,,13a not satisfied,,,,,13a not satisfied,,,,,13a not satisfied,0.0,4.101941681742427,-0.03153478060573191,0.0,0.0,4.101941681742427,-0.03153478060573191,0.0,,,,,0.0,4.101941681742427,-0.03153478060573191,0.0,0.0,4.101941681742427,-0.03153478060573191,0.0,,,,,Not enough points
2025-05-17 05:00:00,0.07657829434974037,0.29608575827071376,0.08232064635928969,0.20523746579941785,-0.92003836278645,0.5541937719919857,0.14494016786369138,3.3221226295352246,0.119433854161336,0.23043325043970786,0.1996626521739017,0.12942727926207653,0.05855200553449229,-0.6421305890552435,0.02267374234962079,15.463649909572183,18.813080115703293,8.574363322796644,6.8884274951138895,-0.18800474377320914,0.21067722647047726,Small ratioRP,8.92327744898907,6.540372460583113,-0.061303687641742224,0.08397742999136301,OK,-0.11056052678040729,-0.08764928692444471,-0.01058105020312926,-0.028846229134353148,,,,,,13b not satisfied,,,,,13b not satisfied,,,,,13b not satisfied,,,,,13b not satisfied,,,,,13b not satisfied,8.402391060238985,7.061258849333198,-0.31826192340607046,0.34093566575569123,8.471591409918672,6.992058499653512,-0.24983650290608764,0.27251024525570844,10.903831508464304,4.559818401107879,-0.019668841181930307,0.0423425835315511,9.152314775166532,6.311335134405651,-0.07421859740348911,0.0968923397531099,,,,,8.105223528136937,7.358426381435246,-0.3408509250330444,0.36352466738266503,OK
2025-05-17 05:30:00,0.12566216768265862,1.4320649791112436,0.07050421852726635,0.2040281470771643,-0.3381091280559241,0.3901315159870387,0.11021372847526538,11.1596910895411,0.1836172567634336,0.47962335496475667,0.3894208310746782,-0.01444687774740091,0.7009462824456129,-0.6071924762543803,0.17995638953754012,21.73287581951769,30.56057718754965,9.888417599625495,11.843250837902225,31.955800993462905,-31.775854601503095,Small ratioRP,9.24439559497507,12.488480224542622,-0.20052209249788466,0.3804784820354248,OK,-0.07213992948552499,-0.05853544521024105,-0.010444377868696612,-0.02363368240900453,,,,,,13a not satisfied,,,,,13a not satisfied,,,,,13a not satisfied,,,,,13a not satisfied,,,,,13a not satisfied,12.712322447193948,9.020553372323743,-0.26528417619235617,0.4452405657298963,13.361436202317282,8.371439617200409,-0.19976597841152705,0.37972236794906716,29.210232474440676,-7.4773566549229855,0.03183707230453686,0.14811931723300326,18.44455676073297,3.2883190587847224,-0.03168165034439252,0.21163803988193264,,,,,10.690946597933712,11.041929221583977,-4.571956959509848,4.751913349047392,OK
2025-05-17 06:00:00,0.14885030376733432,0.18760059241279853,0.07617176471648146,0.31855986091991234,-0.37529385506733515,0.43094285074451755,0.11646809758872603,1.2157886468478218,0.24072438720738598,0.733572691103187,0.6625946337382057,-0.25387579190157705,0.9292762135403793,-0.10663669166459602,0.027924405167576934,27.812580846477978,56.39776716921538,14.623851840336497,13.187183862761115,-0.2370816163999017,0.2650044702116359,Small ratioRP,12.790046515814817,15.022534330663161,-0.016014496818653367,0.0439389019862303,OK,-0.05843218528060692,-0.051249227955750265,-0.010005830635768275,-0.022138122565414038,,,,,,13a not satisfied,,,,,13a not satisfied,,,,,13a not satisfied,,,,,13a not satisfied,,,,,13a not satisfied,14.434938044658962,13.377642801819016,-0.3186648605029214,0.34658926567049836,14.516763625122119,13.29581722135586,-0.27778245725041034,0.3057068624179873,17.26048004111321,10.552100805364766,-0.043042206893613474,0.07096661206119041,15.392061443891373,12.420519402586605,-0.11209416260112734,0.14001856776870428,,,,,,,,,unrealistic fluxes
2025-05-17 06:30:00,0.24656212589194695,0.03280040289380806,0.05068159547449182,0.2590150945022401,-0.11096653152960667,0.656549168049825,0.1476962327717239,1.6124987950885865,0.24818349807866782,0.6772740076033353,1.180651731178528,-0.4100987304319383,0.9119664035350907,-0.1408446989932191,0.008087337067609685,30.653085199047993,75.80959214163028,13.743242603601235,16.908139646269046,0.02881536993866102,-0.020728482167555115,OK,12.981282178564623,17.67180302048337,-0.039312089782148896,0.047399426849758584,OK,-0.04826349729877495,-0.04267388772916783,-0.009971996943249774,-0.020228398740952034,,,,,,13a not satisfied,,,,,13a not satisfied,,,,,13a not satisfied,,,,,13a not satisfied,,,,,13a not satisfied,16.479523738707307,14.173561460340686,-0.2788689952120561,0.28695633227966577,16.508085770133103,14.14499942891489,-0.2460750581160445,0.2541623951836542,17.316841060927818,13.336244138120176,-0.05421483317560827,0.06230217024321795,16.781734837960258,13.871350361087735,-0.1143885879247989,0.12247592499240859,,,,,,,,,unrealistic fluxes
2025-05-17 07:00:00,0.23118334984691638,-0.012049021624784943,0.06778480384886607,0.398504757784301,-0.19395908201247233,0.7904625468054167,0.16382281108620494,2.252277002303802,0.25856696771928006,0.8938097991966476,1.1039295508940956,-0.3057197466232804,0.9159094790896094,-0.22380490695275543,-0.0027855331815957183,38.44027130918516,109.24036216868843,15.409004146081637,23.029131592475228,-0.038469537899447535,0.035684159469695234,Small ratioRP,13.85570177592372,24.584569533261437,-0.07599190521749535,0.07320637203589964,OK,-0.04925235450175428,-0.043456956107644704,-0.009978218449552555,-0.020419404034037344,,,,,,13a not satisfied,,,,,13a not satisfied,,,,,13a not satisfied,,,,,13a not satisfied,,,,,13a not satisfied,16.050504930694157,22.389766378491,-0.44955104398079837,0.4467655107992026,16.04275183115761,22.397519478027547,-0.3967908768352062,0.39400534365361045,15.821679125315034,22.61859218387012,-0.09200703376763072,0.08922150058603501,15.968413582104432,22.471857727080724,-0.18706153376464138,0.18427600058304566,,,,,17.176310584959815,21.26396072422535,-0.011665500179276311,0.008879966997680592,OK
2025-05-17 07:30:00,0.1971573737516901,-0.20889042062566612,0.07471193719946267,0.4588621820628061,-0.3069145328242448,0.7294137834374163,0.1364221824883436,2.2679253493100235,0.2536401311624762,1.0316728613048811,1.1286408383841637,-0.3430112042846953,0.8681406735769798,-0.34620393023503165,-0.04118428673244221,36.13271287703923,107.22736996921596,10.888677946230768,25.242027557870845,-0.08315397310620182,0.04197197438968918,OK,9.641186096101974,26.491526780937257,-0.09741741955472855,0.05623313282228634,OK,-0.04766687307900424,-0.042489894343726,-0.009926043442725569,-0.02019494760744742,,,,,,13a not satisfied,,,,,13a not satisfied,,,,,13a not satisfied,,,,,13a not satisfied,,,,,13a not satisfied,15.673567935972947,20.459144941066285,-0.3975635814149034,0.35637929468246116,15.55457475639033,20.5781381206489,-0.35644635733264257,0.31526207060020034,11.960211735174198,24.172501141865034,-0.09781381836668802,0.05662953163424581,14.345018534041927,21.787694342997305,-0.17937274592087613,0.13818845918843392,,,,,14.676455162746269,21.456257714292963,-0.30299535789566356,0.26181107116322144,OK
2025-05-17 08:00:00,0.1898386637059405,-0.18674178832202598,0.08591972427568341,0.6197483335298758,-0.44559496749977195,0.9022111873804849,0.16930387136187663,1.903291606071254,0.28372947665871745,1.0670259476068529,1.1039379334115518,-0.5649421912500433,0.8340065530110806,-0.32199690369895917,-0.035450811553111014,40.01060248099999,138.9853139729544,12.83851552721968,27.169864142531363,-0.05583102212792628,0.02038218006434599,OK,13.463220868307067,26.547381612692924,-0.07857914159713375,0.04312833004402274,OK,-0.03962837633642274,-0.03559891418208224,-0.009885018957363352,-0.01851349609951819,,,,,,13a not satisfied,,,,,13a not satisfied,,,,,13a not satisfied,,,,,13a not satisfied,,,,,13a not satisfied,21.33389342734644,18.676709053653553,-0.3017234631488205,0.26627265159570945,21.19376698900766,18.816835491992332,-0.27307742024369913,0.23762660869058813,17.608928081674968,22.401674399325024,-0.09027353286343624,0.05482272131032523,19.92197392361344,20.088628557386553,-0.15161465407331665,0.11616384252020565,,,,,16.15096377274688,23.859638708253108,-0.09798575063343781,0.06253493908032678,OK
2025-05-17 08:30:00,0.23031664811924854,-0.11567645596572901,0.07369241350541506,0.46485699005205566,-0.2267509849302274,0.8137417280547115,0.19959085054649278,1.983523223690849,0.2743985843477927,1.0201213738088621,1.154528839843413,-0.30201730354502754,0.610094475361165,-0.32842554406199326,-0.026642213604340558,41.633762461454005,126.301366515097,11.327453493983647,30.30398939454394,-0.05448847316908583,0.027847708687241443,OK,15.379373187200304,26.2543892742537,-0.11130925568495241,0.08466704208061185,OK,-0.03415947295668936,-0.03079712111538853,-0.009869372802127217,-0.01723426988557184,,,,,,13a not satisfied,,,,,13a not satisfied,,,,,13a not satisfied,,,,,13a not satisfied,,,,,13a not satisfied,16.7791088826832,24.854653578770805,-0.34611572228777154,0.319473508683431,16.690873443063253,24.94288901839075,-0.31315498331311636,0.2865127697087758,14.79004024629545,26.843722215158557,-0.10800273213947983,0.08136051853513927,15.985418685085968,25.648343776368037,-0.18019995057474672,0.15355773697040617,,,,,16.809513324817384,24.82424913663662,-0.2558857522302384,0.22924353862589766,OK
2025-05-17 09:00:00,0.31509074003780446,-0.10237273194688334,0.06219418500615784,0.4060054753410902,-0.1056249929926322,0.9669918341185443,0.22778388291173426,2.711587592000116,0.32234626468490807,0.9788311858400218,1.1635874166622722,-0.628099643392813,0.6866863809771437,-0.34754666563214986,-0.03225669986883526,48.07097929545298,150.64792706108955,10.08719679984427,37.981133485648606,-0.0519970227450542,0.019742184761419087,OK,11.580945975517274,36.490033319935705,-0.10515628519859427,0.07289958532975901,OK,-0.029425002857508594,-0.026496915828187105,-0.009876637634951077,-0.016001817081720004,,,,,,13a not satisfied,,,,,13a not satisfied,,,,,13a not satisfied,,,,,13a not satisfied,,,,,13a not satisfied,18.678769986539393,29.392209308913586,-0.35257474231686636,0.3203180424480311,18.556461929899964,29.514517365553015,-0.31881112203205264,0.28655442216321736,16.48814652206627,31.58283277338671,-0.12716355270607319,0.09490685283723792,17.750332407979382,30.320646887473597,-0.19779268051071158,0.16553598064187633,,,,,15.922933546909116,32.148045748543865,-0.08114506830201808,0.04888836843318282,OK
2025-05-17 09:30:00,0.31973549876690743,-0.2500354912889456,0.06435270772734523,0.5137072253028167,-0.1296189884188863,1.0984656084015376,0.22807672202717333,2.5767402415406733,0.3180690946349428,1.0485360540034319,1.3600577185286549,-0.48310013367656457,0.7125609500071822,-0.34063025523629087,-0.07994522251669976,50.47254803570579,193.17923867551113,11.65749841046704,38.812245594792316,-0.13668603219248773,0.05674525107703887,OK,14.902147179103286,35.570400856602504,-0.1630152554115466,0.08307003289484685,OK,-0.02655652223072106,-0.024008727255698078,-0.00985710198988978,-0.015242154388732438,,,,,,13a not satisfied,,,,,13a not satisfied,,,,,13a not satisfied,,,,,13a not satisfied,,,,,13a not satisfied,18.0875689364281,32.38497909927769,-0.3506043283291499,0.2706591058124501,17.758613400910114,32.71393463479568,-0.3201874986170177,0.2402422761003179,12.835940347772192,37.6366076879336,-0.15123843478737517,0.07129321227067541,15.786520302370082,34.686027733335706,-0.21552783931649322,0.13558261679979344,,,,,19.814476553663372,30.65807148204242,-0.2278840292966336,0.14793880677993382,OK
2025-05-17 10:00:00,0.2759531748986349,-0.1235775966234201,0.05341517195127388,0.4696938093385635,-0.15894019282400862,1.0969639431839038,0.23253534783154892,2.5858758286419334,0.29991716084056264,1.0135763185864217,1.3662968588493942,-0.3036968986898088,0.5841207258348737,-0.36910434851716206,-0.0341016301345756,36.157431663753954,152.28428262529724,12.19425165156728,23.96117126598313,-0.07173776698801712,0.03763803138844898,OK,21.647827236295768,14.509604427458186,-0.12365113154419516,0.08954950140961955,OK,-0.02618015614362321,-0.023551022533388283,-0.009882177801865233,-0.015103581166539395,,,,,,13a not satisfied,,,,,13a not satisfied,,,,,13a not satisfied,,,,,13a not satisfied,,,,,13a not satisfied,16.230056021906094,19.92737564184786,-0.21267908921166356,0.17857745907708797,16.05442267006249,20.103008993691464,-0.19300710061122503,0.15890547047664944,13.635367842679246,22.52206382107471,-0.09073258831831088,0.05663095818373527,15.076258350210688,21.081173313543268,-0.1298007387798553,0.09569910864527968,,,,,14.996946036675254,21.1604856270787,-0.10836713378229443,0.0742655036477188,OK
2025-05-17 10:30:00,0.30684608745546543,-0.07920427353918447,0.054360187598377345,0.4825561379334658,-0.13204477738118953,1.1125814003133225,0.20768839032532838,2.9927597759303244,0.31559256260888335,1.0536325271042724,1.4493651372560887,-0.21159595181297977,0.559926644163387,-0.32852143565631553,-0.024303521445251202,40.91655728350637,173.95108582133054,12.795432249464962,28.118851891970117,-0.08744618698423494,0.06314401573461961,OK,18.690078015117,22.226479268389372,-0.1854025922947493,0.16109907084949812,OK,-0.025438666197123545,-0.023142882106052844,-0.009827441071557537,-0.014973299063644056,,,,,,13a not satisfied,,,,,13a not satisfied,,,,,13a not satisfied,,,,,13a not satisfied,,,,,13a not satisfied,14.911232710458812,26.00532457304756,-0.26968641302960095,0.24538289158434975,14.821362459452615,26.095194824053756,-0.24619568583267679,0.2218921643874256,13.47210646379562,27.444450819710752,-0.10995055979289294,0.08564703834764173,14.278035015764575,26.6385222677418,-0.1626035713528086,0.1383000499075574,,,,,,,,,unrealistic fluxes
2025-05-17 11:00:00,0.260797008655923,-0.2324542893223722,0.051104608017771266,0.4495928665811567,-0.17030079841241066,0.859348172182744,0.17274425943249483,2.211604717264849,0.3221101092955175,1.0471085876321475,1.1674295867024194,-0.5007272335833054,0.6401642418436919,-0.30727324680203305,-0.060623383304513126,32.693409590640904,137.72447086215084,9.017934371862168,23.67365891824592,-0.10039907830040302,0.03977906296162905,OK,11.949468821281439,20.743940769359465,-0.12391901408617464,0.06329563078166152,OK,-0.024913741290952928,-0.022743126004955195,-0.009810521114760643,-0.014844324561981063,,,,,,13a not satisfied,,,,,13a not satisfied,,,,,13a not satisfied,,,,,13a not satisfied,,,,,13a not satisfied,13.099453910232876,19.59395568040803,-0.19900478707219044,0.1383814037676773,12.820215014741652,19.87319457589925,-0.18425542941731304,0.1236320461127999,8.595222562959496,24.09818702768141,-0.09637821959336301,0.03575483628884989,11.114789483909254,21.57862010673165,-0.13058297613698128,0.06995959283246815,,,,,12.636897955122274,20.05651163551863,-0.1924409038384582,0.13181752053394508,OK
2025-05-17 11:30:00,0.24466361067543843,-0.22889199692238385,0.05694968877945845,0.4181243068577062,-0.1796956276075351,0.8085034989652276,0.1963943776290184,2.374328183804966,0.33528115137555775,1.1711325842339453,0.938688762320602,-0.6202011787753268,0.6714826692579309,-0.40444187442741053,-0.056001542421741775,34.17891593433165,119.97059002025483,8.338668158132622,25.83834894753601,-0.07984666662944585,0.0238482354045053,OK,11.870764185365413,22.308151748966235,-0.10834129798073557,0.05233975555899379,OK,-0.022618061680008555,-0.020849659942442842,-0.009760852547054614,-0.014222481879341583,,,,,,13a not satisfied,,,,,13a not satisfied,,,,,13a not satisfied,,,,,13a not satisfied,,,,,13a not satisfied,14.596545855052216,19.582370079279432,-0.18056064178308043,0.12455909936133865,14.329008233084851,19.8499077012468,-0.1687174176354966,0.11271587521375484,10.441633552906723,23.737282381424926,-0.094454183935135,0.03845264151339322,12.734552141288063,21.444363793043586,-0.12433431531209585,0.06833277289035408,,,,,13.147772757623716,21.031143176707932,-0.11289904889855457,0.05689750647681279,OK
2025-05-17 12:00:00,0.2005925237410753,-0.4175754020299768,0.0887269674264626,0.7048756142672296,-0.4502277757756939,0.9599266782988546,0.3177997229134434,3.23533500900776,0.36702467447978926,1.138135882537709,1.1148301335714044,-0.8320152021966604,0.5464244618100821,-0.4764430053048431,-0.08376250374538718,43.65841138287737,165.62982250138487,4.539779716478464,39.116206199099864,-0.0962058123091416,0.012447962036184724,OK,10.014300635314362,33.644110747563005,-0.13716070762369117,0.05339820387830398,OK,-0.022200485547290275,-0.02046719969495536,-0.009754005109992827,-0.014095407085637493,,,,,,13a not satisfied,,,,,13a not satisfied,,,,,13a not satisfied,,,,,13a not satisfied,,,,,13a not satisfied,16.26740999444951,27.39100138842786,-0.24789789255996766,0.16413538881458048,15.89680127899714,27.76161010388023,-0.23163571865047164,0.14787321490508445,10.683126663718271,32.9752847191591,-0.13112152289202864,0.04735901914664145,13.7509880530849,29.90742332979247,-0.17185377363062243,0.08809126988523526,,,,,10.372070043126197,33.28634133975118,-0.14228092674560028,0.05851842300021308,OK
2025-05-17 12:30:00,0.26448986401587915,-0.13489946311919387,0.0705148319385763,0.4949682726050571,-0.1815141128463624,1.0537292934204847,0.30375740717077737,3.2894512050818405,0.3040260683102307,0.8563455499957967,1.2542079157627473,-0.29013201822729356,0.6684447612959522,-0.37751563808839456,-0.03567954065621069,45.74957423574633,153.07517505285398,11.78599436027473,33.96107500829258,-0.062142251156201984,0.026464781377110735,OK,23.737604438742608,22.011969797003722,-0.15219194720609416,0.11651240654988347,OK,-0.020285442338514162,-0.018569033500994064,-0.009787779767635186,-0.013438440859924959,,,,,,13a not satisfied,,,,,13a not satisfied,,,,,13a not satisfied,,,,,13a not satisfied,,,,,13a not satisfied,18.604546129889993,27.145028105856337,-0.22447978084740933,0.18880024019119865,18.425479395542933,27.324094840203397,-0.20684143190871418,0.17116189125250347,16.526802825908177,29.222771409838153,-0.11660254821012712,0.08092300755391643,17.617505549107012,28.132068686639318,-0.15411787252863812,0.11843833187242742,,,,,18.824856957597262,26.92471727814906,-0.22424061160706094,0.1885610709508502,OK
2025-05-17 13:00:00,0.26484861826867484,-0.40059394797066955,0.08035479983776463,0.527982375542091,-0.19301148234152052,0.9169246947964438,0.24391042653819475,2.564296615922064,0.3517398134270991,1.2509172064388765,1.122456474733267,-0.6316091019417196,0.4928975328840933,-0.3680512657340331,-0.10609675360682524,52.204396958430216,163.39349330752438,8.568465128495788,43.63303158565896,-0.1435832521474316,0.03749239280469561,OK,12.442574896430546,39.761822061999666,-0.17644675637256318,0.07035000276573793,OK,-0.019195646566015703,-0.01763581542301609,-0.009766621353505405,-0.013099374174905544,,,,,,13a not satisfied,,,,,13a not satisfied,,,,,13a not satisfied,,,,,13a not satisfied,,,,,13a not satisfied,16.588597648316124,35.61579931011409,-0.27870701007871823,0.17261025647189301,16.07386697493813,36.13052998349208,-0.25976003176706675,0.15366327816024153,10.97009676827486,41.23430019015535,-0.1641743973640535,0.05807764375722827,13.880203773255136,38.324193185175076,-0.20465672502404134,0.09855997141721609,,,,,18.454083177861822,33.7503137805684,-0.25495913752333316,0.1488623839165079,OK
2025-05-17 13:30:00,0.300990749075395,-0.08094570293083247,0.031035512805106042,0.3586981185192932,-0.10152353301520385,0.7913609959437793,0.29066017173464076,2.8735470033498167,0.3418572045163207,1.2516936158241483,1.3309922325831771,-0.4812503786445418,0.34624638662001017,-0.401672635204268,-0.024363907759585666,22.914459712253755,126.12136383236238,4.379169996789104,18.534016689925068,-0.03755343483626111,0.013190880627106575,OK,15.25336254083537,7.661097171418385,-0.0868346718745886,0.06247076411500293,OK,-0.01793095664036606,-0.016338483298160587,-0.009810787031647632,-0.01261295337137655,,,,,,13a not satisfied,,,,,13a not satisfied,,,,,13a not satisfied,,,,,13a not satisfied,,,,,13a not satisfied,7.874691204687899,15.039768507565856,-0.10993780554027982,0.08557389778069416,7.744046771243762,15.170412941009992,-0.1010442472331394,0.07668033947355374,6.765282090185214,16.149177622068542,-0.06458872498424957,0.0402248172246639,7.309543084900262,15.604916627353493,-0.08023811079699479,0.05587420303740912,,,,,8.751465438990357,14.162994273263397,-0.0808532462880584,0.05648933852847275,OK
2025-05-17 14:00:00,0.28903612180265403,-0.09536167912797253,0.076350962093099,0.48121180671163566,-0.14744881167942572,0.9041067663257893,0.30551188320972184,2.422252221710123,0.36513873970599875,1.191493627659957,1.6075435797472633,-0.5927058362949574,0.5506217147934664,-0.33150000263924645,-0.02756296990373828,54.13326020720029,162.15912613962638,16.604710602027595,37.52554220182784,-0.038330738109518404,0.0107692994818859,OK,26.652544842193702,27.480715365006585,-0.08052527016218847,0.05296230025845018,OK,-0.018331701022470497,-0.016684610705075494,-0.00980489653220705,-0.012751008788493872,,,,,,13a not satisfied,,,,,13a not satisfied,,,,,13a not satisfied,,,,,13a not satisfied,,,,,13a not satisfied,30.854257563368964,23.279002643831323,-0.17396808665634564,0.14640511675260737,30.631558162606485,23.501702044593802,-0.159851915825815,0.13228894592207674,28.892429230497235,25.24083097670305,-0.10089023078414189,0.0733272608804036,29.86693004952707,24.266330157673217,-0.12613949820831025,0.09857652830457198,,,,,20.46171086932448,33.6715493378758,-0.070425160679131,0.04286219077539273,OK
2025-05-17 14:30:00,0.26180805533268947,-0.13511088313152692,0.035386245732989416,0.29560658247688226,-0.11058947418800312,0.7055730781650347,0.15939443750586468,2.147827831584194,0.3251869794147246,0.9245598499905896,1.2734664814720522,-0.8060268922835939,0.5901732038879592,-0.42380177990921086,-0.03537311756694734,22.7255834556953,90.37641722533509,3.5147152267711324,19.20960569650997,-0.04282187754095555,0.007450725147206383,OK,5.301755987707211,17.42382746798809,-0.060773051324181426,0.025399933757234084,OK,-0.019299038524142113,-0.017622807594502955,-0.009795536944756074,-0.013096836830726528,,,,,,13a not satisfied,,,,,13a not satisfied,,,,,13a not satisfied,,,,,13a not satisfied,,,,,13a not satisfied,9.343868562501513,13.381714893193788,-0.1052809748238211,0.06990785725687375,9.124665742941579,13.600917712753722,-0.09771151894028783,0.06233840137334049,7.108017913508921,15.61756554218638,-0.0623654464963865,0.02699232892943916,8.252511522746632,14.473071932948669,-0.0772733230922122,0.04190020552526486,,,,,6.7970384011297025,15.928545054565598,-0.062147602002505783,0.026774484435558434,OK
2025-05-17 15:00:00,0.2296440341067637,-0.16794315677660032,0.04460161136827399,0.3710828482936566,-0.1803560316342767,0.6887349678234705,0.21270548278585866,2.5815181327336876,0.34558839288164583,0.9847445931052456,1.1770367593697078,-0.40971035570372677,0.16223395354669118,-0.2867165848051474,-0.03856714402280317,25.12483768945452,99.46382508932902,7.474133749273964,17.649308115864457,-0.05790742963282182,0.019342428229131032,OK,16.81917193682242,8.305665752632098,-0.0984994878159186,0.05993234379311543,OK,-0.018428942732981624,-0.01683469605880473,-0.009791864391869277,-0.01280352365235311,,,,,,13a not satisfied,,,,,13a not satisfied,,,,,13a not satisfied,,,,,13a not satisfied,,,,,13a not satisfied,11.176095642281235,13.948742047173285,-0.10479436134712158,0.06622721732431842,10.904318223893263,14.220519465561257,-0.09759401671465141,0.059026872691848246,8.644673365113919,16.4801643243406,-0.06578537880948435,0.027218234786681183,9.915172827008076,15.209664862446443,-0.07938740473326417,0.04082026071046101,,,,,11.276538742412814,13.848298947041703,-0.11578834646384663,0.07722120244104347,OK
2025-05-17 15:30:00,0.21915347752802786,-0.053399343981084785,0.039539417892773446,0.2993056414740882,-0.15984616653775155,0.5209662024490438,0.13163335369378884,1.9260509485516644,0.3691102831569857,1.2226622450007278,0.9787703926725874,-0.6031606990151024,0.5249041758979627,-0.2553193388653103,-0.011702651931170094,21.255737882848216,76.61130799162893,3.4907481561388933,17.763808852382486,-0.01617356379478107,0.004471562010940494,OK,5.666781137900276,15.58895674494794,-0.049563498572111966,0.03786084664094187,OK,-0.018857456849645224,-0.017101537637397784,-0.009827972552973692,-0.012901053774771772,,,,,,13a not satisfied,,,,,13a not satisfied,,,,,13a not satisfied,,,,,13a not satisfied,,,,,13a not satisfied,8.198609857396127,13.057128025452089,-0.100376774692318,0.0886741227611479,8.133670881867115,13.122067000981101,-0.09148288736148952,0.07978023543031942,7.61753099858451,13.638206884263706,-0.05464163185092561,0.04293897991975552,7.906601718391971,13.349136164456244,-0.07020706217056688,0.058504410239396794,,,,,7.6241237208857555,13.63161416196246,-0.03154551727950642,0.019842865348336326,OK
2025-05-17 16:00:00,0.25208977875742633,-0.08096256390776849,0.030851102375831257,0.22527788242696764,-0.09099858635183733,0.4440727556291209,0.14192146647275902,1.6612639631007644,0.3594515841344775,1.0712797064327124,1.0847825378157405,-0.21792158978950088,0.5463024156504485,-0.31392097489626797,-0.020409834823143347,19.077588294964766,66.38095738153831,8.80113059477564,10.27539783417273,-0.1143977320468294,0.09398903110339848,Small ratioRP,15.717335437511853,3.360252857452913,-0.09581581373450329,0.07540597891135994,OK,-0.019755111771730383,-0.01806890459523859,-0.009788556567896437,-0.013255895459902944,-0.03010619672882948,0.1820782531849522,18.895510041779815,-0.15217403704003907,0.13176420221689572,Small ratioRP,0.16431042227937315,18.91327787268539,-0.13931602668764415,0.1189061918645008,Small ratioRP,0.07657190654245344,19.00101638842231,-0.07582247197945335,0.05541263715631,OK,0.11341068273939657,18.96417761222537,-0.10248151484333123,0.08207168002018789,Small ratioRP,0.290421994531311,18.787166300433455,-0.23057893380272282,0.21016909897957944,Small ratioRP,8.443798618747559,10.633789676217207,-0.08563868879361743,0.06522885397047408,8.323086016749292,10.754502278215474,-0.07921813111877352,0.058808296295630176,7.126755709440624,11.950832585524143,-0.047689115693788454,0.027279280870645108,7.809599806785511,11.267988488179256,-0.0608916744568667,0.04048183963372335,8.88853584256626,10.189052452398506,-0.1250524327811952,0.10464259795805185,7.825376007063886,11.252212287900882,-0.273611677706053,0.2532018428829094,OK
2025-05-17 16:30:00,0.17639549121184808,-0.001742578174624254,0.04565022201831199,0.29922506905104834,-0.2469487148106797,0.39185550130712904,0.11630389383715431,1.2325672786643331,0.3434826222009139,0.8732991150808406,0.9223864453711843,-0.3996517654763081,0.5466041663944189,-0.15805670157199436,-0.00030738293308789084,19.752766155293216,61.710267074981786,7.686692382477409,12.064976396918285,-0.0009576043630506802,0.0006502385067923992,OK,11.361238838850154,8.391527316443062,-0.05246275055374318,0.052155367620655285,OK,-0.02028024493234678,-0.01846698813680862,-0.009807403144358861,-0.013398140987268525,,,,,,13a not satisfied,,,,,13a not satisfied,,,,,13a not satisfied,,,,,13a not satisfied,,,,,13a not satisfied,9.543826836240598,10.208939319052618,-0.08440268646141565,0.08409530352832775,9.542059658657625,10.210706496635591,-0.07686954575695232,0.07656216282386442,9.524607983233244,10.228158172059972,-0.04089346539651884,0.04058608246343095,9.534582118954157,10.218184036339059,-0.05581111714338657,0.05550373421029867,,,,,8.587275785395521,11.165490369897691,-0.0014414022814786456,0.0011340193483907544,OK
2025-05-17 17:00:00,0.14987165001979655,0.2593019215018392,0.01824019391132255,0.17011183449299502,-0.19465696980436012,0.2174781449849181,0.16158101785167298,1.4070545039177005,0.3286415808930456,0.9729111972298832,1.061389273691288,-0.5305209350822121,0.12652674075431247,0.21017442194214522,0.03886200682878441,6.705736561393358,29.83169180081174,1.635472611913477,5.069891408559799,0.0673662036626883,-0.028506355834283296,OK,,,,,E>ET,-0.0202923758353361,-0.018371958257103596,-0.00983933246105886,-0.013360736234768371,,,,,,13a not satisfied,,,,,13a not satisfied,,,,,13a not satisfied,,,,,13a not satisfied,,,,,13a not satisfied,4.9328117741427535,1.7729247872506049,-0.014666472120127415,0.05352847894891182,5.145227661986123,1.5605088994072354,-0.011687568022726622,0.05054957485151103,7.091668851886238,-0.3859322904928799,0.0015480293981318394,0.03731397743065257,5.987083011813723,0.7186535495796358,-0.003914284761562796,0.0427762915903472,,,,,,,,,unrealistic fluxes
2025-05-17 17:30:00,0.15731776503126887,0.2629933942703509,0.021713788869002208,0.058353704671860435,-0.06071154475904127,0.2073732074431859,0.1025073658445628,0.932615667290663,0.271946606788373,0.7515722944936849,0.6516345254833189,-0.33363049021323576,-0.297782440968564,0.5239276711938076,0.041373533004598916,8.37936149552476,10.760621948139812,3.8193109789482067,4.559584996493469,0.28893228604096344,-0.24756105156597594,Small ratioRP,,,,,E>ET,-0.021223282731703586,-0.019076704561152028,-0.009876037710932156,-0.013604172529808506,,,,,,13a not satisfied,,,,,13a not satisfied,,,,,13a not satisfied,,,,,13a not satisfied,,,,,13a not satisfied,6.506224471365001,1.8731370241597594,-0.016206325584575805,0.05757985858917472,6.772223403986094,1.6071380915386664,-0.01249853182277083,0.053872064827369746,9.222314945475434,-0.8429534499506737,0.0033938198370457445,0.03797971316755317,7.8301655681559,0.54919592736886,-0.0030458035664876204,0.044419336571086536,,,,,,,,,unrealistic fluxes
2025-05-17 18:00:00,0.15986038691658866,0.2255015610091285,0.013814823397730476,0.013757152268594964,-0.013879659233234568,0.15203664459336103,0.06626941856561683,1.2075924329760834,0.22691378259401498,0.5993302164385749,0.45621049663685176,0.631104709864102,-0.7401519849912269,-0.4004474545233095,0.036048766793214004,5.4173107122271995,2.5812857168785555,4.698115582763618,0.718894167757346,-0.004900517420712622,0.04094728150466032,OK,,,,,E>ET,-0.022680057843162245,-0.02038779466101472,-0.009878105593803008,-0.014055648659722187,,,,,,13b not satisfied,,,,,13b not satisfied,,,,,13b not satisfied,,,,,13b not satisfied,,,,,13b not satisfied,4.088628988826005,1.3286817234011945,-0.012284785300404222,0.048333552093618226,4.2810159865761,1.1362947256510996,-0.009444167770472342,0.045492934563686346,6.306233150820425,-0.8889224385932257,0.0035796452152975014,0.0324691215779165,5.138558033276649,0.2787526789505508,-0.0015972481525826643,0.03764601494579667,,,,,3.30009902811943,2.1172116841077697,-0.04456275943495366,0.08061152622816767,OK
2025-05-17 18:30:00,0.16265351607384249,0.43477668469614206,0.011038706275666945,-0.019426051838451114,0.018960431293068812,0.2960898549658587,0.0757143557129559,1.8579901638680616,0.22866606673244347,0.6893953097007245,0.5825500977878318,0.9022435043439923,-0.8640986896131295,-0.7584653945843528,0.07071795647275589,4.4043232053427985,-3.7142890505276456,4.240404564329119,0.16367395639116017,-0.002563611293856533,0.0732776389912528,OK,,,,,E>ET,-0.02470214321844692,-0.021768644228006527,-0.009980638089601814,-0.014514276658985739,-0.0216138757816694,,,,,13b not satisfied,,,,,13b not satisfied,,,,,13b not satisfied,,,,,13b not satisfied,,,,,13b not satisfied,5.432827165527003,-1.0285039601842048,0.01035721652067266,0.06036073995208323,5.882759313235146,-1.4784361078923478,0.013120077312086087,0.0575978791606698,10.357601898584578,-5.95327869324178,0.024222388945692543,0.046495567527063346,7.776410031211591,-3.3720868258687924,0.01995246681972309,0.0507654896530328,5.909889044299228,-1.5055658389564295,0.013265843059245462,0.057452113413510426,,,,,Not enough points
2025-05-17 19:00:00,0.09767827662079334,0.7420890352626421,0.018178043638223975,-0.05102551958195186,0.138385425274078,0.23276159411240596,0.12776893026327357,3.123826216175827,0.13831797633278733,0.4019663869668766,0.37851240606008896,0.7234887735937783,-0.8140840999921043,-0.8562459064668562,0.07248597806364203,4.355546738477028,-5.871604699511219,4.0307398495747835,0.32456491408344074,-0.010031018497607598,0.08251296956246834,OK,,,,,E>ET,-0.02983656338112213,-0.025689299426305674,-0.010104247388907714,-0.01575001288653109,-0.01681626103403043,,,,,13b not satisfied,,,,,13b not satisfied,,,,,13b not satisfied,,,,,13b not satisfied,,,,,13b not satisfied,6.205004177422309,-1.8494574389452803,0.0224954969823802,0.04999048108126183,6.7837490182176,-2.428202279740572,0.02542960270358486,0.04705637536005717,13.205870852163681,-8.850324113686654,0.0364557131335937,0.03603026493004833,9.411284273861853,-5.055737535384824,0.032461447751010966,0.04002453031263106,8.980683851796247,-4.6251371133192185,0.03170709866113247,0.04077887940250956,2.99560836936109,1.3599383691159384,-0.05616978918801623,0.12865576725165825,OK
2025-05-17 19:30:00,0.0794868919027375,1.570956833767728,0.021527641048647603,-0.008122191541347856,0.03328022928069843,0.2349902586632812,0.16479859449207268,9.824722216554058,0.11253236316383641,0.35107044090824135,0.282152971891111,0.9498215471263236,-0.8988957488137606,-0.8063457816606052,0.12487047602956217,4.197488424370092,-0.7610842318502186,4.1972552305687385,0.0,0.0,0.12486353878089373,OK,4.197488424370092,0.0,0.0,0.12487047602956217,OK,-0.03550849809533392,-0.02884313929429454,-0.010440757422571733,-0.01668359160527987,-0.03300772667519654,,,,,13b not satisfied,,,,,13b not satisfied,,,,,13b not satisfied,,,,,13b not satisfied,,,,,13b not satisfied,7.2542384691382145,-3.0567500447681226,0.04424810564311485,0.08062237038644732,8.381906311477826,-4.184417887107734,0.04920169098385081,0.07566878504571135,18.970346784097046,-14.772858359726953,0.06287803936890342,0.06199243666065875,12.760330520894168,-8.562842096524076,0.05823846739458059,0.06663200863498157,7.62394623518523,-3.426457810815138,0.046106637946791026,0.07876383808277114,,,,,Not enough points
2025-05-17 20:00:00,0.06666145638863714,2.3705751101468078,0.046127419696698,-0.025682885694420593,0.14966167451268397,0.3093033251974947,0.19504974019498525,10.540893896663274,0.12052891444141585,0.36260318233096195,0.3135611027796401,0.988440047424301,-0.8874577206711972,-0.8834468847704786,0.15802598932104012,7.542781155187194,-2.019178705572588,7.5423621117896875,0.0,0.0,0.15801721009941125,OK,7.542781155187194,0.0,0.0,0.15802598932104012,OK,-0.0411264224080093,-0.0322391760905428,-0.010661638969059983,-0.01763049317947748,-0.0433157259635885,5.465242093374411,2.077539061812783,-0.034831532419588675,0.19285752174062895,OK,5.309825445246606,2.2329557099405886,-0.029347188069774537,0.1873731773908148,OK,4.814247026305313,2.7285341288818823,-0.011859211494862196,0.16988520081590247,OK,4.996744334684922,2.546036820502273,-0.0182991784747507,0.17632516779579097,OK,5.500262582597365,2.04251857258983,-0.03606733581974729,0.19409332514078756,OK,8.174224404918688,-0.6314432497314932,0.010586629357987543,0.14743935996305257,9.425914202882291,-1.8831330476950967,0.024749554800881673,0.13327643452015844,21.14863246448918,-13.605851309301984,0.05913602712046058,0.09888996220057954,14.22542561548034,-6.682644460293146,0.04803029660744852,0.1099956927135916,7.944729094958205,-0.4019479397710102,0.007097703551059958,0.15092828576998016,,,,,Not enough points
2025-05-17 20:30:00,0.06297059715518928,3.2276900902437315,0.052726546988215245,-0.061005297650664654,0.3989228836818923,0.38548009727448207,0.15907445553535018,10.512563537949983,0.12096086901795754,0.27968791726508957,0.22592983063814676,0.9800877056631428,-0.7982931740413097,-0.8471797071145779,0.20324957241453456,8.144504933408037,-4.537434120560863,8.144052460911736,0.0,0.0,0.20323828077162262,OK,8.144504933408037,0.0,0.0,0.20324957241453456,OK,-0.0509380063561616,-0.037950101423183634,-0.01101505655744069,-0.01911151498531697,-0.051885051033441515,5.564440325896283,2.580064607511754,-0.05357657862892042,0.2568261510434549,OK,5.342768930023795,2.801736003384242,-0.043345358943912546,0.246594931358447,OK,4.73532261078866,3.4091823226193774,-0.015308738727386686,0.21855831114192115,OK,4.943910336354731,3.200594597053304,-0.02493608300183812,0.2281856554163726,OK,5.579239792774557,2.5652651406334788,-0.05425964644764654,0.257509218862181,OK,9.483888249509876,-1.3393833161018396,0.027813092486315638,0.17543647992821892,11.255471769381588,-3.110966835973551,0.04812943617992535,0.1551201362346092,28.245552625475288,-20.10104769206725,0.0902626079053948,0.11298696450913977,18.10432202294948,-9.959817089541442,0.07759771445486643,0.12565185795966813,9.389403070386294,-1.2448981369782572,0.026331676872626608,0.17691789554190795,,,,,Not enough points
2025-05-17 21:00:00,0.04092502887912868,0.7403733549930446,0.0027103799707454837,4.2395659463859114e-05,-0.0006589744084618398,0.5941132481961602,0.1293212564998189,10.733883923909382,0.07123983530175064,0.19595375887692393,0.18697362902772166,0.9100614739309746,-0.73449042248861,-0.7667274569148396,0.030299800934427742,0.2720925946473472,0.0020577048504702767,0.26078475407973867,0.011292724312350073,-0.0009217626841615383,0.031219880296315124,OK,,,,,E>ET,-0.04083570559250443,-0.033682426828487357,-0.010363071895623731,-0.017987885800626935,-0.043118435074018135,,,,,13b not satisfied,,,,,13b not satisfied,,,,,13b not satisfied,,,,,13b not satisfied,,,,,13b not satisfied,0.8481928334566377,-0.5761002388092904,0.00959048501581234,0.0207093159186154,1.0049004928721974,-0.7328078982248503,0.010062270041294789,0.020237530893132953,3.0179439931741068,-2.7458513985267596,0.011600267206535578,0.018699533727892164,1.785437746943404,-1.5133451522960568,0.011097382705435727,0.019202418228992015,0.8091285460404566,-0.5370359513931093,0.00943993061661531,0.02085987031781243,,,,,Not enough points
2025-05-17 21:30:00,0.05583236348940331,1.0785811717382627,0.017775734454509386,-0.03739816127414189,0.31357410360848015,0.44887820653505023,0.12573593718721984,8.8001798689131,0.061223591467265824,0.184818140719765,0.21626211416067811,0.7357665819368275,-0.30566518739826964,-0.6857679386377642,0.06021973603331723,2.434507488822498,-2.485963893245372,2.1029248783263,0.33144955865995895,-0.005882663819650625,0.06609928534415045,OK,,,,,E>ET,-0.05654775356259671,-0.04525896813929582,-0.010544042515292186,-0.020807659508248613,,,,,,13b not satisfied,,,,,13b not satisfied,,,,,13b not satisfied,,,,,13b not satisfied,,,,,13b not satisfied,1.8212960278580295,0.6132114609644685,-0.01413604996998722,0.07435578600330445,2.05643707700453,0.37807041181796786,-0.006975571432074938,0.06719530746539217,5.934418112414712,-3.499910623592214,0.015044111869090548,0.04517562416422668,3.440562561992667,-1.006055073170169,0.00853389784307828,0.05168583819023895,,,,,1.8748510527798892,0.5596564360426086,-0.03268677946363618,0.0929065154969534,OK
2025-05-17 22:00:00,0.06924541027844305,1.5667655599040309,0.024708420928049268,-0.1198929667698271,0.652728503982751,0.7358774474193535,0.13851578586072635,9.43984652374782,0.13360246434415746,0.4707534716712196,0.29768212262948696,0.9618494315241246,-0.8982637510181973,-0.8887443864694463,0.10849132400568917,4.196947458246824,-9.871002055574541,4.1967142944991425,0.0,0.0,0.10848529670991103,OK,4.196947458246824,0.0,0.0,0.10849132400568917,OK,-0.05596985935479195,-0.04373234418518105,-0.010694064822195235,-0.020462327266349202,-0.06431668286567456,1.7643826978348331,2.4325647604119913,-0.05550359050618929,0.16399491451187845,OK,1.6548317664960337,2.5421156917507908,-0.04532110819005104,0.1538124321957402,OK,1.302971008764377,2.893976449482447,-0.012616539643160087,0.12110786364884926,OK,1.416747227290074,2.7802002309567504,-0.023191751729236307,0.13168307573492546,OK,1.8338422233676157,2.363105234879209,-0.061959677933119225,0.17045100193880838,OK,4.177782108331512,0.019165349915311936,-0.00043729390103765253,0.10892861790672682,4.798742011988183,-0.6017945537413585,0.01072885713533818,0.09776246687035099,13.57277250315807,-9.375825044911245,0.04087471699626678,0.06761660700942239,8.028471904906242,-3.831524446659418,0.0319616417270944,0.07652968227859477,3.889796579336172,0.3071508789106523,-0.00805337369376663,0.1165446976994558,,,,,Not enough points
2025-05-17 22:30:00,0.09175297315548055,1.0782138047577927,0.02360150441840574,-0.06547811919107657,0.20269245556055068,0.32695193407738554,0.0886178057376308,5.301178993951536,0.15509730775854033,0.45224616281155666,0.34838396418868783,0.9298342185060842,-0.897847826446327,-0.9415855117431109,0.0989293222838103,5.3119916178647895,-7.131251985679809,4.867547433477702,0.44414907374165,-0.009896014230699196,0.10881984044104931,OK,,,,,E>ET,-0.0441600097311936,-0.036137627361745035,-0.010403802882723643,-0.018619224577964496,-0.0490875637245177,3.2130394631995114,2.098952154665277,-0.037786281115095195,0.13671560339890554,OK,3.093203201747001,2.218788416117788,-0.03268721931358385,0.1316165415973942,OK,2.595745992230978,2.7162456256338112,-0.011520295177396882,0.11044961746120721,OK,2.777177021707821,2.5348145961569686,-0.01924022920071301,0.11816955148452335,OK,3.2804347280396007,2.031556889825188,-0.04065396587414472,0.13958328815795507,OK,5.394536172639914,-0.0825445547751249,0.0014860042161135706,0.09744331806769672,6.00347456839269,-0.6914829505279005,0.010186935667826039,0.08874238661598426,14.294559818035461,-8.982568200170672,0.03809737828585299,0.060831943997957307,9.157259533880369,-3.8452679160155796,0.02918707985761744,0.06974224242619285,5.119183339185359,0.19280827867943007,-0.003858332110187962,0.10278765439399826,4.157141859180299,1.1548497586844904,-0.03304609737933497,0.13197541966314527,OK
2025-05-17 23:00:00,0.09826418772861137,0.9586395902662124,0.012072014474358506,-0.06137393975879968,0.16604546536815773,0.37254546580653103,0.06177556015229989,5.284037898664486,0.14933461525648645,0.41732609828717243,0.4641369621906577,0.9568639181263345,-0.8445434997282768,-0.8886623357678262,0.09419994066199817,2.9098631466883633,-7.177093035975326,2.9097014876246576,0.0,0.0,0.09419470733196132,OK,2.9098631466883633,0.0,0.0,0.09419994066199817,OK,-0.04715674216167092,-0.038559882441409246,-0.01041566923408213,-0.01921497806815496,-0.05939929270820023,0.9628582684315562,1.9470048782568077,-0.0374294362134005,0.1316293768753986,OK,0.918092177239424,1.9917709694489396,-0.03130960229603041,0.12550954295802852,OK,0.7559646977944731,2.153898448893891,-0.00914565585302946,0.10334559651502757,OK,0.8094196186602094,2.1004435280281544,-0.016453312810623285,0.11065325347262141,OK,1.0232428882214206,1.8866202584669431,-0.04568443088540477,0.13988437154740288,OK,3.9308371261309976,-1.0209739794426342,0.019627316225989178,0.074572624436009,4.480688023553212,-1.5708248768648483,0.024692548955544125,0.06950739170645405,12.630560711497411,-9.720697564809047,0.041274998189807864,0.05292494247219031,7.517204110365191,-4.607340963676828,0.03609048331413056,0.05810945734786761,3.422523875082202,-0.5126607283938385,0.012414058159749206,0.08178588250224897,,,,,Not enough points
2025-05-17 23:30:00,0.06931621982595546,0.3867829403256308,0.005385269779856658,0.0020790531799298848,-0.011348129942180828,0.4589459318804361,0.09610471270592424,9.365864340919249,0.08220633080199781,0.2481953814732982,0.24498991804713938,0.8553051230633851,-0.7784999455827141,-0.8263469383823571,0.026810331316540835,0.9156718921440641,0.17216234291109586,0.8287722273910869,0.0868487940923031,-0.0017035948811318985,0.02851243673482182,OK,,,,,E>ET,-0.05880225364860488,-0.04793331738457871,-0.01043864320830469,-0.021386072380912512,-0.07185975222421336,0.32926465053010745,0.5864072416139566,-0.014057100433250144,0.04086743174979099,OK,0.3111779604309655,0.6044939317130985,-0.011812229712945698,0.038622561029486545,OK,0.23920138465284327,0.6764705074912208,-0.002878693138459706,0.029689024455000552,OK,0.26192874236027774,0.6537431497837863,-0.005699550884550257,0.0325098822010911,OK,0.34961175745506406,0.566060134689,-0.016582527934266757,0.043392859250807596,OK,0.7386319574423563,0.17703993470170776,-0.004243924641770182,0.031054255958311017,0.8307219377501351,0.08494995439392894,-0.0016599808910598007,0.028470312207600636,2.6202760682134825,-1.7046041760694184,0.007253874767784281,0.019556456548756554,1.449176410513349,-0.5335045183692848,0.004651270381324662,0.022159060935216173,0.6648352311208152,0.25083666102324886,-0.007348169714586079,0.034158501031126914,,,,,Not enough points
2025-05-18 00:00:00,0.07746533962314459,2.0037794387895334,0.011241064022986788,-0.0879112009526543,0.38495743335567784,0.5082023012065259,0.1441658339537108,12.770354288220558,0.0888426863672728,0.23638430669688087,0.2618461299159243,0.8004711111073316,-0.7543825171377307,-0.8957763335379025,0.15522345475570526,2.136054842078948,-8.151006310520907,1.9427411343635543,0.19323471279599017,-0.009748030194307913,0.16496249084853312,OK,,,,,E>ET,-0.07907843094140816,-0.059534878995501826,-0.010964313101163189,-0.023808512168914792,-0.059781334424573555,,,,,13b not satisfied,,,,,13b not satisfied,,,,,13b not satisfied,,,,,13b not satisfied,,,,,13b not satisfied,2.5905756715318318,-0.45452082945288375,0.014652586230461256,0.140570868525244,3.1796553660672187,-1.0436005239882706,0.025328426789761105,0.12989502796594415,13.738595645352989,-11.60254080327404,0.0518605340954415,0.10336292066026376,6.756377445115947,-4.620322603037,0.04484427514012167,0.11037917961558359,3.169828808935534,-1.033773966856586,0.02519379830088525,0.13002965645482,,,,,Not enough points
2025-05-18 00:30:00,0.08662217716190482,2.6034758633581383,0.026836933865814816,-0.20516261941793126,0.7180670118544588,0.5939658732863988,0.08778931187277936,7.511864024396725,0.13867888687478705,0.2980723145879809,0.30750001916366143,0.9166987942540821,-0.8545081275964201,-0.8669273881226544,0.22551874747255174,5.70242443844641,-21.254709378112604,5.702107637088718,0.0,0.0,0.22550601353349592,OK,5.70242443844641,0.0,0.0,0.22551874747255174,OK,-0.08245262733611668,-0.061225836219785,-0.011054255666226845,-0.024141994402011667,-0.04301677813361065,,,,,13b not satisfied,,,,,13b not satisfied,,,,,13b not satisfied,,,,,13b not satisfied,,,,,13b not satisfied,4.726816700871012,0.9756077375753973,-0.032793078358147654,0.2583118258306994,5.61267197306195,0.08975246538445969,-0.002240183345271457,0.2277589308178232,21.23016083403453,-15.527736395588118,0.06997454872996606,0.15554419874258568,10.898274506256003,-5.195850067809594,0.05113664217315575,0.174382105299396,7.069245889877837,-1.3668214514314272,0.023969121534645504,0.20154962593790623,,,,,Not enough points
2025-05-18 01:00:00,0.04894450171388824,6.0976028755970235,0.037421625826387986,-0.2930070571217436,3.2205053393093785,0.6616606486211786,0.10530954092135174,10.156898577023766,0.120075055898351,0.25611668314116254,0.300823233036706,0.6577068061353964,-0.820703167915867,-0.7133630214041156,0.2984441343952684,4.49287268050871,-17.194469601744416,3.8581925179566583,0.6344305585142445,-0.03367622777045098,0.33210378193603085,OK,,,,,E>ET,-0.5563811693594557,-0.30220147982122353,-0.014509416017587859,-0.05319040831996491,-0.09350933481262684,,,,,13b not satisfied,,,,,13b not satisfied,,,,,13b not satisfied,,,,,13b not satisfied,,,,,13b not satisfied,2.2156739633254783,2.2771987171832317,-0.5165065165634974,0.8149506509587658,2.6378190783114426,1.8550536021972674,-0.22853646299702612,0.5269805973922945,20.959752248451377,-16.466879567942666,0.09740106243897168,0.20104307195629673,6.963741022858201,-2.4708683423494913,0.053577862223581074,0.24486627217168733,4.700084126759347,-0.20721144625063737,0.007898982676094346,0.29054515171917406,2.870410013967474,1.6224626665412363,-0.3053265847707234,0.6037707191659918,OK
2025-05-18 01:30:00,0.049840889833036424,0.6553064100024922,0.0011458427841870903,-0.011086225553108517,0.11761523100462462,0.6185680750326967,0.15889970960950411,9.701236134537039,0.08752892811508549,0.24827120517183285,0.2394472293235509,0.8452202864533127,-0.8100082645282112,-0.8249944423221076,0.03266105458781681,0.14009039820490676,-0.6629376729455692,0.13266705527775233,0.007436678304680182,-0.0014555582745745866,0.03411560217478042,OK,,,,,E>ET,-0.06912288183015627,-0.056301530731411274,-0.010442534286327014,-0.023128525750349523,-0.059090929029957134,,,,,13b not satisfied,,,,,13b not satisfied,,,,,13b not satisfied,,,,,13b not satisfied,,,,,13b not satisfied,0.5614717127191367,-0.4213813145142299,0.01187406881720466,0.02078698577061215,0.6755460511321552,-0.5354556529272484,0.012289838116017675,0.020371216471799136,3.3763598176317124,-3.236269419426806,0.013776948378375883,0.018884106209440928,1.5576359823753847,-1.4175455841704778,0.013365568506229584,0.019295486081587227,0.6465148024801555,-0.5064244042752487,0.012199383828808419,0.020461670759008392,,,,,Not enough points
2025-05-18 02:00:00,0.0424064979329452,3.5173410031752335,0.043701954747512595,-0.2131319388135051,3.1224708440305378,0.6966757629993546,0.15201842108618344,9.364170160698439,0.09898748622696088,0.24726482397972913,0.20707956099781064,0.910564175957939,-0.8171428020015031,-0.8144797917955522,0.14915811398061393,4.54601453204284,-10.838972776688262,4.545761975679947,0.0,0.0,0.14914982741872618,OK,4.54601453204284,0.0,0.0,0.14915811398061393,OK,-0.5845545421251519,-0.36265649419632917,-0.012463193019257005,-0.05799882721092048,-0.16443916472610487,,,,,13b not satisfied,,,,,13b not satisfied,,,,,13b not satisfied,,,,,13b not satisfied,,,,,13b not satisfied,2.350198680641495,2.1958158514013446,-0.5232670728116849,0.6724251867922989,2.5242305984272733,2.0217839336155663,-0.29890463652160004,0.448062750502214,15.406102522692729,-10.86008799064989,0.055177893531832264,0.09398022044878167,4.932435100443468,-0.3864205684006281,0.009136542917820567,0.14002157106279337,3.076863607961721,1.4691509240811187,-0.09848591553709099,0.24764402951770492,,,,,Not enough points
2025-05-18 02:30:00,0.0446343668576126,-0.10949335966776254,0.0006937856706641323,0.02557550087741503,-0.3387382269132816,0.4555331990680179,0.12903632540258492,8.271365758652285,0.057072305040320896,0.22613584418380756,0.180792759934352,0.8985543532537673,-0.7047219034816051,-0.7668647255020269,-0.0048871667838834365,0.07596127620763024,1.3710788706624475,0.07038520012684762,0.005565446995895916,0.00028315471819900795,-0.005170388258076103,OK,,,,,E>ET,-0.06603198077555245,-0.055490152188949045,-0.010258606054794383,-0.022949742889843,-0.06179173369441844,0.021756354541292967,0.05420492166633727,-0.008232029427102279,0.0033448626432188446,OK,0.023254508981574325,0.05270676722605592,-0.01066108449747501,0.0057739177135915755,OK,0.02657760304211198,0.04938367316551826,0.001547526818960769,-0.0064346936028442025,OK,0.026371304966349363,0.049589971241280874,0.006719445490583904,-0.011606612274467338,OK,0.022382415732484624,0.053578860475145616,-0.008970064210370868,0.004082897426487434,OK,,,,,,,,,,,,,,,,,,,,,,,,,Not enough points
2025-05-18 03:00:00,0.04829717610651808,0.6241746199875173,0.003937838632554514,-0.012264441172389083,0.13886703377071757,0.2984285076842606,0.1105952628875906,7.763231259370986,0.04225083137623756,0.16755332779555265,0.18452316735650454,0.863141297944307,-0.5298376056446599,-0.7429981765724355,0.030145871542756126,0.46652744995080914,-0.7121273196094505,0.4532261723644583,0.013281861694530817,-0.0004480072908083111,0.030592299859671917,OK,,,,,E>ET,-0.0765258634799497,-0.06213832102793445,-0.010460753635840692,-0.024272972438052168,-0.06280133097757734,,,,,13b not satisfied,,,,,13b not satisfied,,,,,13b not satisfied,,,,,13b not satisfied,,,,,13b not satisfied,0.4774362949748702,-0.010908845024061087,0.00034032155932949004,0.029805549983426636,0.55198881121165,-0.08546136126084086,0.0021648697519406485,0.027981001790815477,2.5109372925319158,-2.0444098425811066,0.00871833171379079,0.021427539828965336,1.1705788512866577,-0.7040514013358485,0.0069667428697908935,0.023179128672965232,0.547802465167403,-0.08127501521659392,0.002080790513993052,0.028065081028763074,,,,,Not enough points
2025-05-18 03:30:00,0.06262520772932523,1.4767429410373316,0.0149375448819107,-0.05767503541113911,0.38856758116481155,0.48420770743509306,0.11742100523301763,7.29934296872015,0.07823063219527418,0.251051935276293,0.21148707475764786,0.8740133883273821,-0.7920081681737967,-0.8118904759201789,0.09248133344527756,2.2947001859832397,-4.344204928721754,2.1923892094520805,0.10218384449672265,-0.002472162042338532,0.0949475622078014,OK,,,,,E>ET,-0.09370585585844525,-0.072670614359256,-0.010751310194557313,-0.026236935557356816,-0.06305788667073586,,,,,13b not satisfied,,,,,13b not satisfied,,,,,13b not satisfied,,,,,13b not satisfied,,,,,13b not satisfied,1.6901493274573318,0.6045508585259078,-0.023094152306615573,0.11557548575189314,1.9413134129074079,0.3533867730758318,-0.010469153650980709,0.10295048709625827,8.385104368481427,-6.090404182498187,0.026693772758364168,0.0657875606869134,3.921457312959487,-1.6267571269762473,0.017399560500589786,0.07508177294468778,2.1118760868776567,0.18282409910558295,-0.004699755940513334,0.0971810893857909,,,,,Not enough points
2025-05-18 04:00:00,0.06099773050141913,1.8009969958136796,0.015939675945946318,-0.05980906445563427,0.4256242781359384,0.6001856122307836,0.11180453142219557,15.360189930899152,0.05989478165597757,0.33488133644264667,0.4983455420987583,0.12489622152706896,0.034513251189803196,-0.9471238117743468,0.1098567293845083,2.3850127933683196,-4.397342337598065,0.760262584532325,1.6246233956948875,-10.382905137015248,10.492755727829186,Small ratioRP,1.9260002892022463,0.4590125041660733,-0.057853140702803146,0.16770987008731145,OK,-0.13172836083719164,-0.09701774911137893,-0.011121210057812572,-0.030279185177985307,,,,,,13b not satisfied,,,,,13b not satisfied,,,,,13b not satisfied,,,,,13b not satisfied,,,,,13b not satisfied,1.4023361719463834,0.9826766214219362,-0.05277064026618064,0.16262736965068894,1.6339866281869875,0.7510261651813321,-0.029703574427086626,0.13956030381159493,8.424049597141945,-6.039036803773625,0.027379289376937455,0.08247744000757085,3.571670182994123,-1.1866573896258035,0.0146477859124763,0.095208943472032,,,,,1.2678166651565208,1.1171961282117988,-0.099951110402861,0.2098078397873693,OK
2025-05-18 04:30:00,0.04784892271464241,0.10673274113392747,0.057687519433847645,0.10974999199720555,-1.2672383053516278,0.307647647318255,0.11870074652924566,7.1533792385500305,0.06932566290817702,0.24124973248498502,0.4564858685100719,-0.26680313021128305,0.5183362409942533,-0.2967532564732393,0.005107046681639231,6.770980721501508,6.321048461323557,3.0815059658509107,3.6890985900549578,0.08458141588950716,-0.07947465293268346,Small ratioRP,2.7960044976115603,3.9749762238899478,-0.0715534926754212,0.07666053935706044,OK,-0.12486805488613692,-0.09856616972306945,-0.010622609764375674,-0.030527183782752074,,,,,,13a not satisfied,,,,,13a not satisfied,,,,,13a not satisfied,,,,,13a not satisfied,,,,,13a not satisfied,3.233720295771537,3.537260425729971,-0.18006148756078685,0.18516853424242607,3.2463193546835685,3.5246613668179396,-0.1416275460652764,0.1467345927469156,3.741513373601477,3.029467347900031,-0.013118976531047752,0.018226023212686984,3.3796327123922483,3.39134800910926,-0.04220477127816907,0.0473118179598083,,,,,2.6022817767844337,4.168698944717074,-0.025190127556848567,0.030297174238487806,OK
2025-05-18 05:00:00,0.07771315987781399,0.9851814034849923,0.03596920691471003,0.11548297070042561,-0.5041323431538131,0.28778622813009164,0.15128803389132287,6.917741923208677,0.10311766534388718,0.20268112291580848,0.2415871071306913,-0.5739941522028491,0.6114185454373754,-0.7520816297473352,0.07656155991767838,6.856823624903453,10.774368256585223,1.8008222391836066,5.055620451074022,0.2863763630571171,-0.20981905655943417,OK,2.118626108060185,4.738197516843268,0.00688459557958962,0.06967696433808876,OK,-0.10020051749434372,-0.07994449885827683,-0.010560947831844827,-0.02753640614352741,,,,,,13a not satisfied,,,,,13a not satisfied,,,,,13a not satisfied,,,,,13a not satisfied,,,,,13a not satisfied,2.856208825429627,4.000614799473826,-0.16341772246343558,0.23997928238111396,3.011563326481844,3.845260298421609,-0.12531895945248414,0.20188051937016252,8.060423495867703,-1.2035998709642497,0.005181881552249759,0.07137967836542862,4.474180987606241,2.382642637297212,-0.026746602264778332,0.10330816218245671,,,,,,,,,unrealistic fluxes
2025-05-18 05:30:00,0.05035413496556604,-0.06289053138220242,0.05096172990458941,0.13697673323396986,-1.4237592130606311,0.15418795681890723,0.09166570278227953,2.563142311313652,0.09740660195093277,0.26457051383296465,0.36917534490339043,-0.15195646953547257,0.05690029262029682,-0.1587730375298513,-0.003166798305275587,6.294726274428406,8.280471567028657,3.1522374273471105,3.1421391400660483,0.23596612523534866,-0.23913274760738482,Small ratioRP,3.3658139785274184,2.9289122959009877,-0.03091598008106194,0.027749181775786353,OK,-0.10886412952741348,-0.09130289873116308,-0.01025687315352024,-0.02942207138530401,,,,,,13a not satisfied,,,,,13a not satisfied,,,,,13a not satisfied,,,,,13a not satisfied,,,,,13a not satisfied,3.095936976532126,3.19878929789628,-0.1419622553840541,0.13879545707877852,3.089109345669347,3.205616928759059,-0.1193159876956341,0.11614918939035852,2.7546705704801306,3.5400557039482754,-0.014802243094901454,0.011635444789625866,3.000090337058564,3.294635937369842,-0.03951692365996068,0.03635012535468509,,,,,3.030424971620158,3.264301302808249,-0.017236541484461496,0.014069743179185914,OK
2025-05-18 06:00:00,0.07686077008248904,0.18565343795695105,0.16216957638906537,0.5515606787348223,-2.448340377035238,0.915908493641084,0.19439356074456454,6.987505941760628,0.14827624518107235,0.29278301967527126,0.34286617509204875,-0.6347313817170447,0.6342532450659303,-0.7095028822399869,0.014269466209832857,30.575365822351408,50.653630516648946,2.494379339169751,28.079287851747075,0.018278625841904227,-0.004009952380194152,OK,1.9325706685038533,28.642795153847555,-0.026867845563039127,0.041137311772871984,OK,-0.11745090622223069,-0.10133900788265977,-0.010056272495362104,-0.031003840718967002,,,,,,13a not satisfied,,,,,13a not satisfied,,,,,13a not satisfied,,,,,13a not satisfied,,,,,13a not satisfied,8.898363046872333,21.677002775479075,-1.0379060824141164,1.0521755486239492,8.912019716235937,21.66334610611547,-0.8949620879789736,0.9092315541888064,9.81568181349962,20.75968400885179,-0.08510600868757631,0.09937547489740917,9.137865236709885,21.437500585641523,-0.2709518359437389,0.2852213021535718,,,,,,,,,unrealistic fluxes
2025-05-18 06:30:00,0.12952860881658965,-0.13906424599269385,0.12204466401730707,0.541727472058567,-0.8405274291026368,0.7235503639204364,0.16707370162036875,2.1210377671241973,0.18157708846782247,0.42074153411708654,0.45930570454680514,-0.33931779059775957,0.7257126099135659,-0.4956803563726337,-0.018012798319561634,38.77769990857316,83.24230364706256,13.566807791606747,25.208737800304828,-0.06568263294646705,0.04767083533792317,OK,10.042247977892641,28.73545193068052,-0.07167513545172588,0.05366233713216424,OK,-0.05688375075213584,-0.05017997501738678,-0.009964862162813384,-0.021921870175624986,,,,,,13a not satisfied,,,,,13a not satisfied,,,,,13a not satisfied,,,,,13a not satisfied,,,,,13a not satisfied,16.18041007009487,22.597289838478293,-0.5240189983064703,0.5060061999869087,16.136225075468584,22.641474833104578,-0.46316699611984485,0.4451541978002832,14.623146262145353,24.154553646427807,-0.09812343974355262,0.08011064142399098,15.652933767069449,23.124766141503713,-0.20666046522451395,0.18864766690495233,,,,,,,,,unrealistic fluxes
2025-05-18 07:00:00,0.11815416915786002,-0.028924139995024634,0.10945552815455459,0.35596241658037775,-0.6621095740538858,0.39522596646487346,0.2044542841678331,2.5625945925865454,0.18264546945647556,0.5483393846993394,1.0176183093207056,0.3061270929617208,0.5436189911462184,-0.12917000535480178,-0.003417507729717765,31.723734003615082,49.7894488636063,19.33850996830118,12.383461605647033,0.006096836257591962,-0.009514154125769184,OK,21.327517813213106,10.396216190401976,-0.11098216633089056,0.1075646586011728,OK,-0.04380002062977371,-0.03935031153215319,-0.009881566823940289,-0.01944225070581339,-0.0426101675586151,16.770828369600462,14.952905634014622,-0.2669945272094968,0.263577019479779,Small ratioRP,15.91673558087518,15.806998422739904,-0.25357126470569935,0.2501537569759815,Small ratioRP,6.299247043742338,25.424486959872745,-0.10241898363570394,0.09900147590598618,Small ratioRP,10.49059561357179,21.233138390043294,-0.16829188742374596,0.16487437969402816,Small ratioRP,16.551616759756918,15.172117243858164,-0.2635493102241353,0.26013180249441753,Small ratioRP,15.771892105100635,15.951841898514447,-0.28483122879650274,0.28141372106678497,15.761066708733441,15.96266729488164,-0.25606845941202855,0.2526509516823108,15.443289806761037,16.280444196854045,-0.06558348848538284,0.062165980755665075,15.651955611724492,16.07177839189059,-0.12738342632833718,0.12396591859861941,15.769218849680504,15.954515153934578,-0.277140058714071,0.2737225509843532,,,,,unrealistic fluxes
2025-05-18 07:30:00,0.13995650085698058,-0.05796750781997341,0.12669058553053641,0.47456882553808694,-0.6280543073658911,0.642716255609578,0.19547818968203337,1.8042844033854546,0.20992414265813739,0.6303837398563986,0.9604587977221934,-0.09212383293484883,0.872212152718599,-0.011961757392374787,-0.008112929557883137,43.49456256694806,78.50423129142365,22.994560575689846,20.49758562667115,-0.03673456951886866,0.028622090679294315,OK,20.334728112971145,23.159834453976917,-0.05501552542846011,0.04690259587057697,OK,-0.04155495957871461,-0.03781559982002742,-0.009814575285262927,-0.01907018234002243,,,,,,13a not satisfied,,,,,13a not satisfied,,,,,13a not satisfied,,,,,13a not satisfied,,,,,13a not satisfied,25.38469496668223,18.109867600265833,-0.30678957036482685,0.2986766408069437,25.356748683064954,18.13781388388311,-0.2796136614117655,0.2715007318538824,24.470711214182653,19.02385135276541,-0.07611537762632171,0.06800244806843858,25.051474591263972,18.44308797568409,-0.1433807788868205,0.13526784932893735,,,,,20.6481270468268,22.846435520121265,-0.04586185449532965,0.03774892493744652,OK
2025-05-18 08:00:00,0.10668726136141383,-0.4483759359642877,0.283783653488154,1.4020702002467242,-3.1822625756795517,0.9846472782243315,0.2184957107395041,1.856192308866305,0.2731632815979263,0.8147184151892632,0.7883624599499552,-0.5101865185745894,0.9081803676474516,-0.35609455672503226,-0.04783600066839051,74.26727528640895,176.18461410077305,21.017781373061652,53.24536795360915,-0.08758467896595802,0.0397513358531602,OK,16.753354642903766,57.51392064350518,-0.10342352897760795,0.055587528309217434,OK,-0.04794889474289331,-0.044009256545634146,-0.009740899716812657,-0.020572991097114936,,,,,,13a not satisfied,,,,,13a not satisfied,,,,,13a not satisfied,,,,,13a not satisfied,,,,,13a not satisfied,33.4079370410648,40.85933824534415,-0.7986792127151576,0.7508432120467671,33.30603331389326,40.96124197251569,-0.7348853674668734,0.6870493667984828,28.94281907125268,45.32445621515627,-0.17998409405254934,0.1321480933841588,31.893159746429575,42.37411553997937,-0.3553861809017999,0.3075501802334094,,,,,27.355424899885506,46.91185038652344,-0.21894509266014503,0.17110909199175453,OK
2025-05-18 08:30:00,0.24155598313633483,0.25842109274560704,0.058107944275830124,0.28877639377422915,-0.12778019554966596,0.535219874936499,0.24061765510157251,1.6298794360127866,0.2532301967572184,1.019642757320685,1.153190711953331,0.6845776909239886,0.3102331952934569,0.03665868554983354,0.062423161121331075,34.43109690339253,82.12707296379712,28.607802123560926,5.821381941114746,-0.00661441694135108,0.06903411010928653,OK,,,,,E>ET,-0.029548700093959983,-0.026545061172640945,-0.009890590559400116,-0.01601918667011465,-0.038910219653246515,7.199638598071723,27.2314583053208,-0.3280286158112927,0.3904517769326238,Small ratioRP,6.687072692429317,27.744024210963207,-0.3002310720975322,0.3626542332188633,OK,3.4541066434391436,30.976990259953382,-0.12490041884375203,0.18732357996508314,OK,4.72780458530302,29.703292318089506,-0.19397577837768362,0.2563989394990147,OK,8.682280133712686,25.74881676967984,-0.4084354326618164,0.47085859378314754,Small ratioRP,12.68108630586042,21.75001059753211,-0.2619994048866398,0.32442256600797087,12.868795522429311,21.56230138096322,-0.23333575588283273,0.2957589170041638,15.978254722957399,18.45284218043513,-0.07440257100037174,0.13682573212170282,14.082167552102266,20.348929351290263,-0.13288760612119593,0.19531076724252702,12.281965589088692,22.149131314303837,-0.35133614536003377,0.41375930648136483,,,,,Not enough points
2025-05-18 09:00:00,0.12791016264629945,-0.03224018726048564,0.11258440153969132,0.5226848923204686,-0.8239547579373999,0.6522006696890612,0.15374758771166178,2.2270414542807506,0.20767174271048733,0.9547951750840056,1.207240532427799,-0.11502757822166867,0.7207232620323385,-0.4012121398909811,-0.00412384759623587,35.32489039266373,78.62516004114813,10.299680291489276,25.02324760726375,-0.010738911821711022,0.00661529332811939,OK,10.496671340390664,24.82821905227307,-0.07398431192442619,0.06986046432819032,OK,-0.02932043756812839,-0.026919813992380123,-0.009776192471947215,-0.016134078331289915,,,,,,13a not satisfied,,,,,13a not satisfied,,,,,13a not satisfied,,,,,13a not satisfied,,,,,13a not satisfied,14.01094939124866,21.313941001415074,-0.25476317833785667,0.2506393307416208,13.998625979917835,21.3262644127459,-0.23403957241884848,0.2299157248226126,13.734682977885447,21.590207414778284,-0.08604566783372784,0.08192182023749198,13.898006298895298,21.426884093768436,-0.14093070785337541,0.13680686025713953,,,,,,,,,unrealistic fluxes
2025-05-18 09:30:00,0.19235190318701464,0.02277259077412681,0.08846061476004367,0.46731065725531873,-0.32471794534302467,0.8333783557265836,0.25952686242766076,2.8423339943646555,0.266332001278859,1.3396326270252736,1.0708099268854188,-0.5901989928293521,0.6268968077529128,-0.3702516691584842,0.004380351175902343,41.73918733797848,105.34710370845696,6.334559664194765,35.402316490365095,0.006899005922404414,-0.0025188516869166762,OK,7.854799003243185,33.88438833473529,-0.04801851737292119,0.052398868548823536,OK,-0.023101558248836477,-0.02113930122009999,-0.009790573441809268,-0.014322161116930776,,,,,,13a not satisfied,,,,,13a not satisfied,,,,,13a not satisfied,,,,,13a not satisfied,,,,,13a not satisfied,13.88082595433037,27.85836138364811,-0.262361010281893,0.26674136145779537,13.895025975728329,27.844161362250148,-0.2399535728730842,0.24433392404898654,14.088807973808711,27.650379364169765,-0.11035999586579355,0.11474034704169589,13.974599399547525,27.764587938430953,-0.16210717562144353,0.16648752679734588,,,,,,,,,unrealistic fluxes
2025-05-18 10:00:00,0.2573655657526915,-0.40932629344677474,0.12676193682153128,0.5712993937567916,-0.22120596815522686,0.9749923442896423,0.3595492200078952,2.9472099077700977,0.35485849107896644,1.2115885001259457,1.8139667636121006,-0.8535147522285973,0.7154861446306446,-0.4337695403278775,-0.1053464930903814,80.02705855840976,171.89280081291045,9.903463922382205,70.11914868832986,-0.13056941474181422,0.025228774234382252,OK,11.659251643774402,68.36780691463537,-0.15397753078504628,0.0486310376946649,OK,-0.0214582679953973,-0.019891111047301777,-0.009719939120978476,-0.013904067130842277,,,,,,13a not satisfied,,,,,13a not satisfied,,,,,13a not satisfied,,,,,13a not satisfied,,,,,13a not satisfied,28.708929954985102,51.31812860342466,-0.4489189386850998,0.3435724455947184,28.308262323877354,51.718796234532405,-0.4193821113468638,0.3140356182564824,22.567442967323498,57.45961559108626,-0.22768200793321813,0.12233551484283675,25.945951615290518,54.081106943119245,-0.3065419247645293,0.20119543167414788,,,,,,,,,Not enough points
2025-05-18 10:30:00,0.21872873925449882,-0.4019449997675761,0.1074425516836599,0.3261459597256689,-0.175150096461208,0.5308900472635448,0.36957577374492073,2.426348456122792,0.34493912071949046,1.1665810150962985,1.2858472349847738,-0.43258487915075794,0.08708359030340007,-0.3525868589503017,-0.08791692304881174,57.64739830814665,83.54380055611767,24.858721688299543,32.78547398660776,-0.13787741427191832,0.04996537549660931,OK,40.07983091290382,17.567567395242826,-0.15880865238279346,0.07089172933398173,OK,-0.021130950484832284,-0.019569227499916863,-0.009729730054594201,-0.013783854394961671,-0.024554715696280323,17.53301234390355,40.11438596424309,-0.3455585420056531,0.25764161895684135,OK,16.406566116755588,41.24083219139106,-0.32900580001599217,0.2410888769671804,OK,7.54184459879915,50.10555370934749,-0.19874174962410215,0.1108248265752904,OK,11.61839998925001,46.02899831889664,-0.25864533663824235,0.17072841358943058,OK,19.79935931400451,37.848038994142144,-0.378861735492416,0.2909448124436042,OK,32.09962359604911,25.547774712097535,-0.2200769516669317,0.13216002861811996,31.548533264222733,26.098865043923915,-0.20820816450638993,0.12029124145757819,24.00786303921833,33.63953526892832,-0.13342992145481997,0.045512998406008226,28.418863474912563,29.228534833234086,-0.16424046812856252,0.07632354507975078,33.062480029716006,24.584918278430642,-0.24609689308730123,0.1581799700384895,22.849671980693252,34.79772632745339,-0.4237283964763547,0.3358114734275428,OK
2025-05-18 11:00:00,0.16528539144689966,-0.3991743408068837,0.12905034316807018,0.5995399263387267,-0.5627579384263873,0.7883074192592434,0.21469151519503635,2.8559722844246513,0.34872858264588413,1.1776560924742303,1.1096971112808336,-0.4204193359717303,0.6118273420945172,-0.47409243542816043,-0.0659776871758239,52.32282480234414,115.81238629030244,14.663864955539339,37.65605302320467,-0.1391400859241858,0.07316606417542723,OK,16.617233145996543,35.70559165634759,-0.17037914305023527,0.10440145587441135,OK,-0.020063551898436633,-0.01864436503179085,-0.009709311443718805,-0.013464705759294511,,,,,,13a not satisfied,,,,,13a not satisfied,,,,,13a not satisfied,,,,,13a not satisfied,,,,,13a not satisfied,18.829725176370463,33.49309962597367,-0.27394640953331895,0.20796872235749503,18.568480322845215,33.754344479498926,-0.2565545535607796,0.1905768663849557,15.169687368298147,37.15313743404599,-0.14705722888644124,0.08107954171061732,17.14772168688643,35.1751031154577,-0.19307884773847606,0.12710116056265214,,,,,22.06290048733809,30.259924315006057,-0.15711742397464856,0.09113973679882464,OK
2025-05-18 11:30:00,0.22636341343185482,-0.002438642928282448,0.06456850159034676,0.35655633881245974,-0.17835392112643172,0.6145048732347554,0.16715242672848077,2.0819452360980426,0.36155770126193204,1.3376874309821878,0.9591588370006426,-0.19325426456530953,0.4805264825158127,-0.3889748740902325,-0.0005520195373874688,35.852916568679554,94.28066071382521,12.511822191766118,23.33910254821519,-0.0030658866311600625,0.002513897761524655,Small ratioRP,17.722499319689906,18.130417248989648,-0.10973555018288483,0.10918353064549736,OK,-0.018642272011059953,-0.017035543151208234,-0.009795486847260865,-0.012878453764589768,,,,,,13a not satisfied,,,,,13a not satisfied,,,,,13a not satisfied,,,,,13a not satisfied,,,,,13a not satisfied,14.145087987995076,21.707828580684478,-0.16497482477398354,0.16442280523659605,14.142379657373247,21.710536911306306,-0.15077488315876794,0.15022286362138046,14.119153688272306,21.733762880407248,-0.08678874375724241,0.08623672421985494,14.132236257048547,21.720680311631007,-0.1140353759187832,0.11348335638139573,,,,,,,,,unrealistic fluxes
2025-05-18 12:00:00,0.20485400913760646,-0.34063126815351774,0.1473764258249344,0.8921371010602004,-0.5427724717234084,1.0999190503829865,0.24271051660052162,2.4341262747269683,0.41166521596531036,1.348351824587853,1.2627492258816801,-0.5964568860629894,0.7847619851366063,-0.3766857133153939,-0.0697796809188752,74.05766857743961,212.61154613787102,16.498407062640137,57.555147199878505,-0.11321914024834308,0.043443335978407806,OK,16.463934693316443,57.59373388412317,-0.14734530125737033,0.07756562033849512,OK,-0.017987064358516762,-0.016763750400501078,-0.0096855877243515,-0.012789800824253926,,,,,,13a not satisfied,,,,,13a not satisfied,,,,,13a not satisfied,,,,,13a not satisfied,,,,,13a not satisfied,27.598505588614724,46.459162988824886,-0.34067018129751864,0.27089050037864343,27.301557795404236,46.75611078203538,-0.3195302775573658,0.2497505966384906,24.11077662570424,49.946891951735374,-0.19721361743059063,0.12743393651171542,25.94492900126405,48.112739576175564,-0.2508570551522563,0.1810773742333811,,,,,25.191900479041415,48.8657680983982,-0.17768109850697245,0.10790141758809726,OK
2025-05-18 12:30:00,0.16807390566514388,-0.7480543385618788,0.07965554126484843,0.7601559047919775,-0.6875193962850522,0.8398690134188521,0.2477996338996406,2.990658425007627,0.3856799262957878,1.2612234936804045,1.2928714276308422,0.09984306423014153,0.17206338288080425,-0.5409468228509647,-0.1257284143318508,32.840807978007334,148.70850161897872,18.534330083749552,14.304653404925666,-1.6299388429793802,1.5042174135594368,Small ratioRP,,,,,E>ET,-0.015445443520712651,-0.01445264268068401,-0.00967688998448446,-0.011879693518125362,-0.015841473500341756,6.570752103239492,26.270055874767845,-0.16541078854451377,0.03968237421266303,OK,5.679611375835402,27.161196602171934,-0.16002897238931904,0.03430055805746831,OK,0.3832030540902216,32.45760492391711,-0.12804267101859235,0.0023142566867416104,OK,3.061626576352059,29.779181401655276,-0.1442183237962998,0.018489909464449096,OK,6.910125093365489,25.930682884641847,-0.1674603447871257,0.041731930455274985,OK,7.518119663076988,25.322688314930346,-0.1594456388752005,0.033717224543349696,6.717040813344869,26.123767164662464,-0.15391662140409793,0.028188207072247114,0.5664117053288336,32.2743962726785,-0.12731992745469434,0.0015915131228435165,4.017813361769628,28.822994616237708,-0.13958758349591574,0.013859169164064931,7.809656128015119,25.031151849992213,-0.16165117354858632,0.03592275921673551,15.624420189594113,17.216387788413222,-1.1580640648900564,1.0323356505582062,OK
2025-05-18 13:00:00,0.24463813737476403,-0.39953940289384055,0.12982004321592092,0.8252130623872386,-0.35115403618144325,1.0595194905364362,0.2874574605300653,1.9663171809647868,0.4454017568296229,1.6034014438083157,1.459808230702944,-0.5021932914080145,0.6901860909661416,-0.38764851927192184,-0.09774257533177455,77.90466403802169,234.17948986065838,19.30312665105636,58.59720935007432,-0.15561556573419438,0.05787842054549384,OK,26.189654676702432,51.71500936131926,-0.1645706470447843,0.06682807171300977,OK,-0.015080396059712464,-0.013980763265035041,-0.009706417929748088,-0.011696426460070642,,,,,,13a not satisfied,,,,,13a not satisfied,,,,,13a not satisfied,,,,,13a not satisfied,,,,,13a not satisfied,29.123660454403982,48.78100358361771,-0.2998927249209981,0.20215014958922356,28.53630682009666,49.36835721792504,-0.2813727334070501,0.18363015807527555,24.989191200357414,52.91547283766428,-0.20938430261418778,0.11164172728241323,26.96315126910017,50.94151276892153,-0.24289998282366096,0.1451574074918864,,,,,31.714077434147605,46.1905866038741,-0.2377334395713653,0.13999086423959073,OK
2025-05-18 13:30:00,0.2807638001050343,-0.16721015394535022,0.061462952271771544,0.5499248349373173,-0.1778838643390683,0.9955062489519174,0.1955646370933847,2.850271118530061,0.4335915954924255,1.2995904972930994,1.2281811672789713,-0.5904226480213279,0.7607799538243069,-0.5194836490071173,-0.04694655823784433,42.330371227603976,179.33145143005922,6.903347041782249,35.424672498531315,-0.07675741124484535,0.029813461149125354,OK,10.31094960375971,32.019421623844266,-0.15690997643842322,0.1099634182005789,OK,-0.014774109193930702,-0.013488749105203738,-0.009788912552665072,-0.011487409493771332,,,,,,13a not satisfied,,,,,13a not satisfied,,,,,13a not satisfied,,,,,13a not satisfied,,,,,13a not satisfied,11.538263744949807,30.792107482654167,-0.18545697442314846,0.13851041618530413,11.290107144076085,31.04026408352789,-0.1706866426343149,0.12374008439647058,10.212028568522086,32.11834265908189,-0.12817107526550536,0.08122451702766105,10.793170509898768,31.537200717705208,-0.14768884587506675,0.10074228763722244,,,,,15.045212761963713,27.285158465640258,-0.1680562652606794,0.12110970702283506,OK
2025-05-18 14:00:00,0.21824367259485067,0.023108179237470765,0.07398966824421888,0.43598443751399024,-0.23350096947481308,0.8022153151364955,0.1696807446455596,3.0461858726480315,0.3935854371896769,1.2568595775154727,1.3295993855948296,-0.35183661801658145,0.6191577448124972,-0.4788301071646032,0.0050432139037656955,39.610496813442744,110.55266999089505,16.45489944139674,23.153396788889687,0.02099046897139604,-0.01594753524618056,OK,21.24713470633054,18.363362107112202,-0.14465128460103957,0.14969449850480526,OK,-0.015255019834168576,-0.0139809543988987,-0.00976893157959821,-0.011691842320475933,,,,,,13a not satisfied,,,,,13a not satisfied,,,,,13a not satisfied,,,,,13a not satisfied,,,,,13a not satisfied,19.536398351155967,20.074098462286777,-0.12483928666744307,0.12988250057120876,19.572115744875713,20.03838106856703,-0.11420941375759913,0.11925262766136482,19.756508753966393,19.85398805947635,-0.07906736687125325,0.08411058077501894,19.655846481371913,19.95465033207083,-0.09511073185601501,0.1001539457597807,,,,,,,,,unrealistic fluxes
2025-05-18 14:30:00,0.19163008201712808,-0.13029113422768918,0.08463351831805929,0.5952425077599027,-0.41327544727843685,0.7468020035536077,0.17515171638036914,2.3548333695755894,0.42541056806883515,1.3579369893022795,1.048116234079201,-0.45324355675057537,0.6126176032861462,-0.4808115481095637,-0.024967700738156722,39.783558723055215,132.4266960609058,9.737522583156293,30.043825942192093,-0.047293919256121725,0.022327605612450462,OK,14.067448811919578,25.71610991113564,-0.12203827679914371,0.09707057606098698,OK,-0.015407494153650537,-0.014187399410924813,-0.009742403271501283,-0.011779326463085209,,,,,,13a not satisfied,,,,,13a not satisfied,,,,,13a not satisfied,,,,,13a not satisfied,,,,,13a not satisfied,14.5763794350005,25.207179288054714,-0.15832836017559063,0.13336065943743391,14.437224554475367,25.346334168579848,-0.146595420486104,0.12162771974794728,13.63546861821489,26.148090104840325,-0.10385048454174754,0.07888278380359082,14.077983403554397,25.705575319500817,-0.1234383871218206,0.09847068638366388,,,,,15.68961783477089,24.093940888284315,-0.07785361309032054,0.05288591235216381,OK
2025-05-18 15:00:00,0.18089657775003798,-0.29846418954116094,0.10284801985543256,0.7420481788798972,-0.5775322521248842,0.7475353650410286,0.18154634337202244,2.3093502694454755,0.441681389775835,1.3005814505236368,1.2400337487085313,-0.4805669924247416,0.737889876047249,-0.27647549158567,-0.05399115046893469,45.63770887398912,155.6680266027425,13.764456391857413,31.87071484442931,-0.09202337107326337,0.038035063280072834,OK,17.762914611838536,27.874794262150584,-0.12854251894088223,0.07455136847194754,OK,-0.01475683373103702,-0.013651368584586075,-0.009717441113566493,-0.011559598792649896,,,,,,13a not satisfied,,,,,13a not satisfied,,,,,13a not satisfied,,,,,13a not satisfied,,,,,13a not satisfied,18.734074137322356,26.903634736666763,-0.16184772302060477,0.10785657255167008,18.36270855338233,27.27500032060679,-0.151790086637304,0.09779893616836932,16.355815572965643,29.281893301023477,-0.1159988071122841,0.0620076566433494,17.46564975792658,28.172059116062538,-0.13275894844863356,0.07876779797969888,,,,,18.965483041423994,26.672225832565136,-0.17328211003163518,0.11929095956270046,OK
2025-05-18 15:30:00,0.16064592285502632,-0.11056316080389855,0.09141798181388774,0.5051963375534828,-0.4990329315265247,0.5697608610150999,0.18331947933920265,1.5262002569274449,0.4077388492077692,1.1029926965015104,1.4163729418825244,-0.30889628623465293,0.4437021640067686,-0.4128462284600353,-0.017761521001110957,36.024576610550334,94.20124700183108,11.688258418459021,24.33431682672404,-0.0898608748143413,0.07210034056439706,Small ratioRP,18.597124557490115,17.427452053060218,-0.12174576389752219,0.10398424289641123,OK,-0.01542411156576434,-0.014076888204663414,-0.009783456792738982,-0.011734148545857696,,,,,,13a not satisfied,,,,,13a not satisfied,,,,,13a not satisfied,,,,,13a not satisfied,,,,,13a not satisfied,12.432257087308905,23.59231952324143,-0.14834511554082183,0.13058359453971088,12.331023542665188,23.693553067885148,-0.13596881276309786,0.11820729176198691,11.822399137790809,24.202177472759523,-0.09652709237462026,0.0787655713735093,12.09962669170524,23.924949918845094,-0.11444717337950851,0.09668565237839755,,,,,,,,,unrealistic fluxes
2025-05-18 16:00:00,0.19095110790050396,-0.0029017836964858514,0.05435413693548497,0.255562826807253,-0.17897080386743486,0.40207648564080917,0.11693902441994043,2.132123902472928,0.3421523236652478,1.0884386070736245,0.8849285724931993,-0.5431361104212852,0.6583532798254358,-0.36241249318018287,-0.000554098811731593,25.459644481676488,56.73878345638375,6.933365899605363,18.524864157377692,-0.0010950097015900368,0.0005409416731257554,OK,9.55903364110203,15.900610840574458,-0.07241800424181262,0.07186390543008103,OK,-0.016122081649886967,-0.014700677480904952,-0.009793756982434345,-0.011984134626718565,,,,,,13a not satisfied,,,,,13a not satisfied,,,,,13a not satisfied,,,,,13a not satisfied,,,,,13a not satisfied,10.938083175706558,14.52156130596993,-0.09544141747194715,0.09488731866021556,10.934569406110768,14.52507507556572,-0.08704787773005408,0.0864937789183225,10.914601316811567,14.545043164864921,-0.058072000838037,0.057517902026305405,10.925535268669819,14.53410921300667,-0.0710064090860589,0.07045231027432731,,,,,9.284577902964333,16.175066578712155,-0.0019967642978259716,0.0014426654860943786,OK
2025-05-18 16:30:00,0.22781146641270567,0.010387281297737753,0.04268169599596337,0.1918663744085938,-0.09439689162521288,0.36878110772406664,0.14722301449615285,1.359521036399444,0.3267318379562123,0.9550486358802068,0.9039500701981266,-0.5727211831500567,0.3075874085062401,-0.049905087750000514,0.00236634178447891,23.85145053612469,50.816554732132005,6.718153965868038,17.1319714896713,0.004275795606428884,-0.0019095852853824315,OK,9.458143195000282,14.393307341124409,-0.029315137191824093,0.031681478976303,OK,-0.016442868908614048,-0.015007419072367011,-0.00978988672910333,-0.012108555030445457,,,,,,13a not satisfied,,,,,13a not satisfied,,,,,13a not satisfied,,,,,13a not satisfied,,,,,13a not satisfied,11.316400688126475,12.535049847998216,-0.08402453380088754,0.08639087558536644,11.33218741855837,12.519263117566322,-0.076592673494719,0.07895901527919791,11.42856349691697,12.42288703920772,-0.049579558484422914,0.05194590026890182,11.375480380020992,12.475970156103699,-0.06158417089008429,0.0639505126745632,,,,,,,,,unrealistic fluxes
2025-05-18 17:00:00,0.2211709940577902,0.03179941570978718,0.02637545531015445,0.15541725455279698,-0.08122774555788115,0.3247215301408767,0.11231666034021019,1.2856147574279257,0.2937316024786315,0.7729762617867476,0.7025973945573163,-0.38674521618982843,0.34865074628851983,-0.1828567536663132,0.007033108382990541,14.309540347709538,40.01632937774367,4.9435295061338715,9.3652158671119,0.016729290423754144,-0.009696572769007102,OK,7.961597747357603,6.347942600351935,-0.02947334234082943,0.03650645072381997,OK,-0.01728259486644433,-0.015764723535013972,-0.009797046670674402,-0.012404063008935009,,,,,,13a not satisfied,,,,,13a not satisfied,,,,,13a not satisfied,,,,,13a not satisfied,,,,,13a not satisfied,7.296201561829232,7.013338785880306,-0.04941243085914794,0.05644553924213848,7.342012485477332,6.967527862232206,-0.04477829207933047,0.05181140046232101,7.659738782629845,6.6498015650796924,-0.026558669500126152,0.033591777883116694,7.483332515316079,6.826207832393459,-0.03451802367105345,0.04155113205404399,,,,,,,,,unrealistic fluxes
2025-05-18 17:30:00,0.2194471599741625,0.0830520888714083,0.012883463159155499,0.06199202784451379,-0.03295909810318672,0.22521525616528643,0.1358440172968682,0.9304634568729856,0.30381335204290205,0.9192293213839547,0.6431764970048162,0.17773239652715003,-0.5882097553546222,-0.15659381664407312,0.0182255450327523,6.935218250428369,15.862310051152011,4.14453829242145,2.7902946681041145,-0.011424661930757746,0.02964919443323045,OK,,,,,E>ET,-0.018396152786969735,-0.01671112741915127,-0.009821821947099515,-0.012763302683690496,,,,,,13b not satisfied,,,,,13b not satisfied,,,,,13b not satisfied,,,,,13b not satisfied,,,,,13b not satisfied,3.409091974231886,3.5261262761964827,-0.026444010486367357,0.04466955551911966,3.498291172488437,3.4369270779399317,-0.023414156677450237,0.04163970171020254,4.181360682392366,2.7538575680360022,-0.011026456869515734,0.029252001902268034,3.799505974928488,3.1357122754998805,-0.01631555030622456,0.03454109533897686,,,,,3.4760397559597274,3.459178494468641,-0.09172893211845574,0.10995447715120801,OK
2025-05-18 18:00:00,0.20178228614501756,0.2577280533309051,-0.0033581402283429404,0.005056755634238336,-0.003188388530837299,0.30911747626771047,0.18044192318891134,0.9904103022105452,0.29380190845483134,0.9621522684818046,0.7763088481795644,-0.029016546463145314,-0.823359721853021,-0.13799704712161637,0.05200495580481504,-1.662185210190357,1.1931837156057457,-0.8964529639701643,-0.7656399025974052,2.268550596128297,-2.216548529487699,Small ratioRP,,,,,E>ET,-0.02087862383134472,-0.018812809631810593,-0.00986929343565144,-0.013526855093552973,-0.0036166835544444538,-0.6586724278683339,-1.003512782322023,0.05637421404509684,-0.004369258240281811,OK,-0.6620290822028302,-1.0001561279875266,0.05778371292350069,-0.005778757118685663,OK,-0.5552332992855433,-1.1069519109048136,0.08494060840538074,-0.03293565260056572,OK,-0.6397929942246423,-1.0223922159657146,0.06580063121310435,-0.013795675408289328,OK,,,,,rET < 0,,,,,,,,,,,,,,,,,,,,,,,,,unrealistic fluxes
2025-05-18 18:30:00,0.21865935525168537,0.3305958544821837,0.0018406821619557493,-0.056996662265018025,0.030696698949383622,0.3193769914147651,0.04387438986609234,1.6542551232545974,0.2912868689475085,0.8037083353718496,0.5927317429722349,0.5291340024670834,-0.47391235931126624,-0.8753382964040279,0.07228787638995429,0.9872892652777495,-14.620806043307354,0.7289030455537002,0.25833137032042336,-0.030950495057347618,0.10323435545416915,OK,,,,,E>ET,-0.024019017132268578,-0.021583374056767315,-0.009887625492605539,-0.014468629828506652,-0.02058616846152357,,,,,13b not satisfied,,,,,13b not satisfied,,,,,13b not satisfied,,,,,13b not satisfied,,,,,13b not satisfied,3.8356447187790006,-2.848355453501251,0.027890215424556553,0.04439766096539774,4.21743258751495,-3.2301433222372005,0.028421276633026744,0.04386659975692755,8.670914830901163,-7.683625565623413,0.03097138688067417,0.04131648950928012,6.068812710959441,-5.081523445681691,0.02997255674702244,0.04231531964293185,4.399810774730405,-3.412521509452655,0.02863870471755607,0.04364917167239822,0.5949747884224306,0.392314476855319,-0.08509643694822983,0.15738431333818412,OK
2025-05-18 19:00:00,0.17043685211843554,0.4062996217456182,0.0029200840215806716,-0.06035928820117737,0.053649628454532715,0.3341896912872106,0.049835739347160464,2.4148362620545636,0.24537678471945867,0.6671879623845665,0.43627948176063425,0.8871383918158041,-0.8823754172726131,-0.8112194659371866,0.06924842854723422,1.2208333947565797,-12.102505708658374,1.2207655706790936,0.0,0.0,0.06924458141231493,OK,1.2208333947565797,0.0,0.0,0.06924842854723422,OK,-0.027450608976818572,-0.02435377742778386,-0.009955618103158547,-0.01535060856143308,-0.029421537488453595,,,,,13b not satisfied,,,,,13b not satisfied,,,,,13b not satisfied,,,,,13b not satisfied,,,,,13b not satisfied,3.7168742571920843,-2.4960408624355046,0.027932263230688155,0.04131616531654606,4.111631811172467,-2.8907984164158873,0.028700310322862854,0.04054811822437136,9.172250282226553,-7.951416887469973,0.03227120664926893,0.03697722189796529,6.163902529404004,-4.943069134647425,0.030933191756247203,0.038315236790987015,3.5089119115296,-2.2880785167730204,0.02744345204148501,0.04180497650574921,,,,,Not enough points
2025-05-18 19:30:00,0.16535779348139376,0.3737130287780387,0.0029311082304916847,-0.07695900898891307,0.07282245391020785,0.2712628542983143,0.1177092074407186,3.0284478615726296,0.24461556884470867,0.6980107773647437,0.42934900526947756,-0.1305013924104885,-0.28289055754035913,-0.5947665234468686,0.06179636183398508,1.1889239389190287,-15.005850217027547,0.9353205597170496,0.2535376229964931,-0.09776769608142477,0.15956062813835545,OK,,,,,E>ET,-0.030014620175934884,-0.026516787115354712,-0.009981777145279754,-0.0160030369089008,,,,,,13a not satisfied,,,,,13a not satisfied,,,,,13a not satisfied,,,,,13a not satisfied,,,,,13a not satisfied,4.325677796550611,-3.1367538576315823,0.038380952149290846,0.023415409684694237,4.787549051020778,-3.5986251121017494,0.038900927845728316,0.022895433988256768,11.352799515354107,-10.163875576435078,0.04135896491493141,0.02043739691905367,7.391363035131033,-6.202439096212005,0.04046386538193642,0.021332496452048662,,,,,,,,,unrealistic fluxes
2025-05-18 20:00:00,0.13858238473998508,0.521424701082011,0.002437203018128715,-0.07652072536465239,0.10329450960628724,0.2803082746111676,0.027939911901988447,1.8701404873914396,0.1977281006422548,0.627759357123536,0.3935437858141757,0.8216682959765458,-0.8490115411355776,-0.9122423587860756,0.07226027853827896,0.828509105771071,-12.532891962058807,0.7776780307810824,0.05078504670633465,-0.004303863417825328,0.0765601274961855,OK,,,,,E>ET,-0.03399434232908844,-0.029683199887786005,-0.01004760440490589,-0.016916228576796494,-0.03581105880360064,,,,,13b not satisfied,,,,,13b not satisfied,,,,,13b not satisfied,,,,,13b not satisfied,,,,,13b not satisfied,2.7954140217530794,-1.9669049159820085,0.027257904216330738,0.04500237432194822,3.145749550694616,-2.317240444923545,0.028040404123411244,0.044219874414867716,8.544335290773429,-7.715826185002358,0.031604390201352583,0.04065588833692638,5.230637849795247,-4.402128744024177,0.030357691014430907,0.04190258752384805,2.6730447092027045,-1.8445356034316336,0.02692815856495117,0.04533211997332779,0.6066375659650087,0.22187153980606222,-0.03803691993457847,0.11029719847285743,OK
2025-05-18 20:30:00,0.05396247719722097,0.5796841119574514,-0.0022042890406986115,-0.07913667421512163,0.7068725806047175,0.6703927332546384,0.06269233700002201,7.002775948114657,0.11724165044992098,0.42701700082106325,0.2674177715527111,0.7540223522296956,-0.7161227986318784,-0.9336187958448108,0.03128119067309526,-0.2917816445735025,-5.064894309599333,-0.27143298162660007,-0.020220718069260134,-0.0021320453150506543,0.0334118812536221,OK,,,,,E>ET,-0.04152836644526594,-0.03510494816473553,-0.01023095720670285,-0.018369993898883632,-0.04753799684789762,-0.08524803312083976,-0.20653361145266272,-0.04710960456268531,0.07839079523578056,OK,-0.08366690076546594,-0.20811474380803655,-0.030939398179792587,0.06222058885288785,OK,-0.069903616460898,-0.2218780281126045,-0.005066271372309728,0.03634746204540499,OK,-0.07610342175023407,-0.21567822282326843,-0.010487228578976679,0.04176841925207194,OK,-0.08623133932880087,-0.20555030524470164,-0.07437857862094047,0.10565976929403573,OK,,,,,,,,,,,,,,,,,,,,,,,,,Not enough points
2025-05-18 21:00:00,0.06310246407022585,0.09132927033900726,-0.01091284887742976,-0.0227405470257116,0.14942905442634277,0.7589464585831758,0.07332648785458955,13.603535457972692,0.056479543112131575,0.4773123023418232,0.24409158946575835,-0.11694048994422881,0.04095934957014065,-0.9069440957211115,0.005763102000127149,-1.6892036357325246,-1.7125362183133368,-0.914654905157159,-0.7744548859289359,-0.02137902012160457,0.027141801949398324,OK,,,,,E>ET,-0.057620575922428044,-0.04774291140426927,-0.010356457598337624,-0.021367340811385385,,,,,,13a not satisfied,,,,,13a not satisfied,,,,,13a not satisfied,,,,,13a not satisfied,,,,,13a not satisfied,-0.6958512908775116,-0.993352344855013,0.023333686997325805,-0.017570584997198657,-0.6713880927316002,-1.0178155430009244,0.01980981544858597,-0.014046713448458818,-0.15623110181844876,-1.5329725339140758,0.0064721422938839425,-0.0007090402937567934,-0.4952359450701606,-1.193967690662364,0.010400291302146552,-0.0046371893020194024,,,,,,,,,unrealistic fluxes
2025-05-18 21:30:00,0.13471016210283074,-0.6402477411278732,-0.0023913449024438875,-0.02199718340001723,0.031830137133362336,0.34976904220522476,0.07314767109417414,12.369029222736176,0.06758611682584172,0.41350013265402225,0.3967397536422964,-0.43902624306224847,0.7217438954015973,-0.5873615120109026,-0.08624787699330701,-0.7902056410357414,-3.5488536192764455,-0.17326377388911154,-0.6168979668332384,-0.11361544490873646,0.027372388221882853,OK,,,,,E>ET,-0.07387201022389679,-0.06147791596611087,-0.010330047687936038,-0.024203860472833922,,,,,,13a not satisfied,,,,,13a not satisfied,,,,,13a not satisfied,,,,,13a not satisfied,,,,,13a not satisfied,-1.966939234896884,1.1767335938611425,-0.03543729151101231,-0.050810585482294696,-2.2777278662632665,1.487522225227525,-0.03728078530789241,-0.0489670916854146,-11.44954649943826,10.659340858402517,-0.0448885036238333,-0.041359373369473706,-5.130402585391019,4.340196944355278,-0.0428249169448819,-0.04342296004842511,,,,,-0.32538626860617625,-0.4648193724295651,-0.19161729209336267,0.10536941510005568,OK
2025-05-18 22:00:00,0.0827156985288628,-1.1559436221864576,0.007543582356922681,0.048833398784272154,-0.18777845532217738,0.52329713933471,0.09713565990855454,15.64748817492504,0.060436903703650645,0.4983760977118454,0.2479104785621003,-0.9102631104284463,0.8582586008937506,-0.9337985131811996,-0.09561468416913672,1.5306049940062074,4.846733180776726,0.0,1.5305199603954294,-0.09560937224223838,0.0,OK,0.0,1.5306049940062074,-0.09561468416913672,0.0,OK,-0.08752989098743358,-0.07306704243695186,-0.010309512394701171,-0.026358644552231678,-0.11082255776940071,,,,,rET < 0,,,,,rET < 0,,,,,rET < 0,,,,,rET < 0,,,,,rET < 0,,,,,,,,,,,,,,,,,,,,,,,,,Not enough points
2025-05-18 22:30:00,0.04401822294362114,0.6237808482933123,-0.004333485065701883,-0.01945295872616944,0.26390334163736623,0.25544738510521625,0.035162566821529885,7.25394858474509,0.05099005117464582,0.18793642758851975,0.20177122303961792,-0.29809599232001555,0.621077734569549,-0.8674573895093539,0.02745772444813614,-0.46791542071028436,-1.0265924070927395,-0.24643177394932564,-0.2214615475689254,0.10357493066706487,-0.07611875496800644,OK,,,,,E>ET,-0.08211765559943122,-0.06574913612944248,-0.01056670024746352,-0.025019800362356185,-0.09833290881013249,,,,,rET < 0,,,,,rET < 0,,,,,rET < 0,,,,,rET < 0,,,,,rET < 0,,,,,,,,,,,,,,,,,,,,,,,,,unrealistic fluxes
2025-05-18 23:00:00,0.05431026900043475,-2.566481034927367,0.009247078085977222,0.08505642974863524,-0.7584238318266473,0.39774727435493473,0.06963627657438942,9.154855355992524,0.07377099913140313,0.23671302916207226,0.22707275651633074,-0.6447388243879004,0.6989808493687363,-0.9195596008137674,-0.13938627539141946,1.2319243147727006,5.541219502760382,0.09240105584248844,1.139455127837629,-0.1459923815369382,0.006613843783982204,OK,0.29943150094966436,0.9324928138230362,-0.1495353750693387,0.010149099677919254,OK,-0.080562322098254,-0.06993804506129606,-0.010091979431696027,-0.02579185189929816,,,,,,13a not satisfied,,,,,13a not satisfied,,,,,13a not satisfied,,,,,13a not satisfied,,,,,13a not satisfied,,,,,,,,,,,,,,,,,,,,,0.46798588996841195,0.7639384248042886,-0.33067811954165305,0.1912918441502336,OK
2025-05-18 23:30:00,0.08349645388345041,-2.3269692935392867,0.008874238156239346,0.09425324414694405,-0.35585632869129064,0.6229551522789579,0.0927259422573312,13.757231628989798,0.09196403843639653,0.3483177367023058,0.24812756365350694,-0.5604801128013676,0.7166997804318537,-0.8892849837852509,-0.19429368430620825,1.817593073810716,9.44729864190352,0.39745653790300906,1.420035558514717,-0.2655178725711926,0.07123498235855699,OK,1.3221008681543942,0.4954922056563218,-0.24661210096664685,0.052318416660438606,OK,-0.08091493626939036,-0.0697981540850883,-0.01012649427198408,-0.025757603923353307,-0.015342247516650254,,,,,rET < 0,,,,,rET < 0,,,,,rET < 0,,,,,rET < 0,,,,,rET < 0,,,,,,,,,,,,,,,,,,,,,0.5935925408036069,1.224000533007109,-1.5678239154474432,1.3735302311412356,OK
2025-05-19 00:00:00,0.05216345718220639,0.7969523803551196,0.0009230941879138735,-0.04917458864579543,0.47532000492748344,0.6825060404219059,0.05248533330909821,9.431363365544122,0.07819657089753676,0.31251839847209056,0.20002379894286293,-0.23072119002915553,0.11939587954258235,-0.8902727916583355,0.041571791368911745,0.11811632651109202,-3.07669002179107,0.05846526306886228,0.05964450142409031,-0.2823982932707296,0.32396777509567626,Small ratioRP,,,,,E>ET,-0.08079109238050934,-0.06555597737408007,-0.010480419787100112,-0.024974781416844713,,,,,,13a not satisfied,,,,,13a not satisfied,,,,,13a not satisfied,,,,,13a not satisfied,,,,,13a not satisfied,0.6359968672789953,-0.5178805407679032,0.017056720183957534,0.02451507118495421,0.7711538114347641,-0.6530374849236721,0.01745230761764468,0.024119483751267067,4.537639586511148,-4.419523260000056,0.01888237220695221,0.022689419161959535,1.9357604282837246,-1.8176441017726326,0.018506018807740946,0.0230657725611708,,,,,,,,,unrealistic fluxes
2025-05-19 00:30:00,0.05540695338751225,-1.193687206437087,-0.004063464835322556,0.0218701877899776,-0.18782555685998187,0.5995506947992888,0.11533156193300158,12.993879604177227,0.054880440116109104,0.501709620761562,0.197603998795907,-0.831992874224257,0.9188203042371677,-0.9353643845612356,-0.0661385714063294,-0.552278739090322,1.4569792059514721,-0.0616518983217061,-0.4905943009312818,-0.06694702377729508,0.0008121177694621275,OK,,,,,E>ET,-0.08368655141568096,-0.07204460184217276,-0.010142106587019337,-0.026154315302169953,,,,,,13a not satisfied,,,,,13a not satisfied,,,,,13a not satisfied,,,,,13a not satisfied,,,,,13a not satisfied,-2.2716349188801455,1.7193561797898234,-0.058657557823827894,-0.007481013582501501,-2.557328384023609,2.005049644933287,-0.05888830140359093,-0.007250270002738464,-15.091921749449895,14.539643010359573,-0.060115209599786994,-0.006023361806542401,-6.160688596315182,5.60840985722486,-0.059797847431576415,-0.0063407239747529775,,,,,-0.1863033997890196,-0.3659753393013024,-0.09670276537934148,0.030564193973012084,OK
2025-05-19 01:00:00,0.06889956256760418,2.282741090085573,-0.013363310341961624,-0.047401018148700506,0.2644225096462731,0.46531913252106816,0.09331154614641707,19.262915510926028,0.04718247233173164,0.29206048548623564,0.45807434588865453,-0.3587416699269288,0.5909855705626814,-0.8618604414740088,0.15727986256199192,-2.2585414594009765,-3.9444009815480063,-0.8175564473695244,-1.4408595375059312,-1.340273660357615,1.497544785149464,Small ratioRP,,,,,E>ET,-0.11978952726737604,-0.08576152176084527,-0.011383811839602227,-0.028486743811443574,-0.12021945140192315,-0.0003527720831840549,-2.2581886873177925,0.2539278942180119,-0.09664803165601997,OK,,,,,rET < 0,,,,,rET < 0,,,,,rET < 0,-0.002584719965903265,-2.255956739435073,0.2518255379259246,-0.09454567536393274,OK,,,,,,,,,,,,,,,,,,,,,-0.7821306581395078,-1.4764108012614687,-0.8013802232447114,0.9586600858067033,OK
2025-05-19 01:30:00,0.07429565303265065,-1.7819725636254033,0.00411052944818349,0.048070372891359354,-0.23023056315483933,0.4711166227835367,0.0733503352154864,27.05939552943046,0.0430197026221273,0.3788191972063275,0.3365466510159338,-0.5219934904799797,0.5559341770415037,-0.9362471266030993,-0.13239281530081595,0.7491326340826854,4.306641555153425,0.10640094402311646,0.6426900715798977,-0.19146188706741474,0.059076270956790945,OK,0.2650638023473094,0.48406883173537596,-0.1616295559120161,0.029236740611200157,OK,-0.10076326361862932,-0.08491504227850546,-0.010261140318217732,-0.028355826421725194,-0.11301939604980779,,,,,rET < 0,,,,,rET < 0,,,,,rET < 0,,,,,rET < 0,,,,,rET < 0,,,,,,,,,,,,,,,,,,,,,0.26486419890002044,0.484268435182665,-0.30525490286539725,0.17286208756458127,OK
2025-05-19 02:00:00,0.01819289868574571,-1.4051970273270373,0.021878422482596516,0.0854320439263556,-6.818035054332236,0.2879053175298085,0.09448670299674598,18.990674477195828,0.040023415062335414,0.3222014534287126,0.13610915503398383,-0.22795110818844003,0.7875747377654131,-0.6714364764681221,-0.025564607151671834,0.9763723086639474,1.8726357275346008,0.5643439792627062,0.41197680500304695,-0.2696160697106814,0.24405272293516697,Small ratioRP,,,,,E>ET,-0.12319856882437226,-0.10024916566386473,-0.010461185815566166,-0.030812311497423698,-0.16163513116424483,0.026688806587561877,0.9496835020763855,-0.0476965545421641,0.022131947390492256,OK,0.0164777699242195,0.959894538739728,-0.0392289550077285,0.013664347856056656,OK,,,,,rET < 0,,,,,rET < 0,0.043312553402135905,0.9330597552618115,-0.061481955126710605,0.03591734797503876,OK,0.28140547429011986,0.6949668343738276,-0.03490375840817779,0.009339151256505954,0.21124288518117995,0.7651294234827675,-0.03126929732124796,0.005704690169576128,,,,,,,,,0.3542880574538218,0.6220842512101257,-0.040990896673281575,0.01542628952160974,0.4363909132128204,0.5399813954511271,-0.06961141506712148,0.044046807915449654,OK
2025-05-19 02:30:00,0.026719206350850604,2.1980972008791473,0.0014925234624051003,-0.014092311019788285,0.5210343106583425,0.18673502308132436,0.03906919158788977,15.364268367810697,0.03423594543463245,0.18151762586542347,0.18707112734109718,-0.352490715299098,0.578739184178129,-0.8923346853367294,0.058731412689517044,0.09782329094707179,-0.45337664315269316,0.057944931947341974,0.03987292437245503,-0.1101827209951229,0.1689108708283794,OK,,,,,E>ET,-0.14084343870595442,-0.10131482464270272,-0.011334655718420846,-0.030992087613771684,,,,,,13a not satisfied,,,,,13a not satisfied,,,,,13a not satisfied,,,,,13a not satisfied,,,,,13a not satisfied,0.5453915399442126,-0.44756824899714087,0.02569794180365273,0.033033470885864315,0.7396060220426377,-0.6417827310955659,0.026507176869002072,0.03222423582051497,6.233055240357278,-6.1352319494102066,0.028349262902250576,0.030382149787266468,2.3097937466592056,-2.211970455712134,0.027946833331636743,0.0307845793578803,,,,,,,,,unrealistic fluxes
2025-05-19 03:00:00,0.024821431386552704,-3.3491851007809075,-0.017786005065791297,0.01762863605438061,-0.7562812901247921,0.32810942774683116,0.12521731399816813,27.745046717476498,0.03890313480389973,0.20721020810491628,0.18032147207145832,0.26376125711070675,0.12755183984339946,-0.8373122373910785,-0.0831315681798979,-1.082935978047617,0.5276160781669067,-0.688093587282793,-0.3947822276549321,0.055995866279307076,-0.13912281603875054,OK,,,,,E>ET,-0.09023129379294584,-0.07591469172028065,-0.010278993603933232,-0.026822378305255468,,,,,,13b not satisfied,,,,,13b not satisfied,,,,,13b not satisfied,,,,,13b not satisfied,,,,,13b not satisfied,-1.3782691193814198,0.29533314133380273,-0.010863551342227454,-0.07226801683767045,-1.55399181050803,0.4710558324604128,-0.014578091440795929,-0.06855347673910198,-8.625867033778038,7.5429310557304206,-0.03160772118905924,-0.051523846990838666,-3.5810270130312563,2.498091034983639,-0.027315427142804043,-0.05581614103709386,,,,,-0.5685035971071202,-0.5144323809404969,-0.14538542281023223,0.0622538546303343,OK
2025-05-19 03:30:00,0.04286499999380421,-1.463429014650983,-0.0012165545000765968,0.006567707097577447,-0.09480430133308364,0.3265085075347794,0.06286215918123159,28.822629340736782,0.035864725664273185,0.22129783801403322,0.280349424501768,-0.520421134688561,0.6169259487146393,-0.7634165043331005,-0.06272988470394729,-0.12791808398961696,0.34058220525211963,-0.03109445209469655,-0.09681652533469862,-0.08096300763733277,0.018236607926980127,OK,,,,,E>ET,-0.13161834696195637,-0.09928062291881037,-0.01097662429585307,-0.030619155005247093,,,,,,13a not satisfied,,,,,13a not satisfied,,,,,13a not satisfied,,,,,13a not satisfied,,,,,13a not satisfied,-0.7623604709849563,0.6344423869953393,-0.034041687003230486,-0.028688197700716803,-0.9861868892766517,0.8582688052870346,-0.03473683718739503,-0.02799304751655226,-8.314936715698721,8.187018631709105,-0.0366350703723685,-0.02609481433157879,-3.029045028050896,2.901126944061279,-0.03621282331435432,-0.02651706138959297,,,,,-0.055762695946844174,-0.0721553880427728,-0.11801203709596,0.05528215239201272,OK
2025-05-19 04:00:00,0.018449448793383092,4.8514836370304515,-0.0113682239773852,0.0025633880059434456,-0.199534859255042,0.27946977875457385,0.11422409848659162,14.55552947081484,0.05120068937586508,0.1655843902089574,0.2844332943088683,-0.6513927468109154,0.7558702683833106,-0.8754675424116569,0.08950719893332927,-0.5144860044474988,0.057153823203083376,0.0,-0.5144584727109425,0.08950243996793052,0.0,OK,0.0,-0.5144860044474988,0.08950719893332927,0.0,OK,-0.17007019342528223,-0.11011832778845335,-0.012321582559763839,-0.032266190897157945,,,,,,13a not satisfied,,,,,13a not satisfied,,,,,13a not satisfied,,,,,13a not satisfied,,,,,13a not satisfied,,,,,,,,,,,,,,,,,,,,,,,,,Not enough points
2025-05-19 04:30:00,0.22983278507938448,-1.3280034656523636,0.05314131729826838,0.18583715341623747,-0.09294214481893798,0.380490397596945,0.11080165181428317,4.14751873270719,0.1349589442576915,0.482276188961048,0.15541731795885516,-0.7672540688147538,0.9663459833416634,-0.7291520731480615,-0.30521873510595743,29.960002396620666,51.476915278316646,3.860232096788659,26.09810585525442,-0.3193384063785178,0.014136627868955073,OK,1.377112895070209,28.582889501550458,-0.31011682242710814,0.0048980873211507325,OK,-0.2819940496406325,-0.2187964763777875,-0.010711822736087484,-0.04539314899762045,,,,,,13a not satisfied,,,,,13a not satisfied,,,,,13a not satisfied,,,,,13a not satisfied,,,,,13a not satisfied,21.015327406057054,8.944674990563612,-1.028269516228422,0.7230507811224648,20.42509476008426,9.534907636536406,-0.8504705232212898,0.5452517881153324,,,,,10.364355716398736,19.595646680221932,-0.362620509359984,0.05740177425402657,,,,,12.254974831039174,17.705027565581492,-0.5921503688087907,0.2869316337028333,OK
2025-05-19 05:00:00,0.05230389756152012,1.2206175014937966,0.06792829574484699,0.3557715964128646,-3.4274384648727154,0.24794777983371297,0.17404491080129514,4.608220243962918,0.12915783056015467,0.2620953084798858,0.3187884064851512,-0.7446594982832861,0.5802058394778034,-0.1360867267630074,0.06384305275993016,8.715299568175945,22.384015447427892,1.1733563799877458,7.54145900487885,0.09176898793941655,-0.027929482015750875,OK,1.7515998405925381,6.963699727583407,0.03954572618405089,0.02429732657587927,OK,-0.23521473969619483,-0.17368856831565263,-0.011093707457442875,-0.04053132314137334,,,,,,13a not satisfied,,,,,13a not satisfied,,,,,13a not satisfied,,,,,13a not satisfied,,,,,13a not satisfied,3.173466756261683,5.541832811914262,-0.5313985985708294,0.5952416513307596,3.253250666953188,5.462048901222757,-0.38674906389052754,0.45059211665045773,7.723688580712143,0.9916109874638019,-0.00448456673726437,0.06832761949719453,4.255311257762382,4.459988310413563,-0.0736931216535344,0.13753617441346455,,,,,,,,,unrealistic fluxes
2025-05-19 05:30:00,0.04540280370917572,0.609738471128396,0.18833634599771887,0.8152285406277152,-10.394198070236147,0.5098056904513302,0.1218354112440532,3.824471646639249,0.15347659307277045,0.25897688216541076,0.306518578014572,-0.48760260342258926,0.9163392625564234,-0.41941956033431904,0.027683836118575465,20.9755984586086,44.42119005584382,5.487536790849719,15.4868963567334,0.07362894761266373,-0.04594664948498379,OK,4.883424795161498,16.092173663447102,-0.035555541788748445,0.06323937790732391,OK,-1.3171680565862343,-0.9725946447384306,-0.010553678731933459,-0.09364958104720084,,,,,,13a not satisfied,,,,,13a not satisfied,,,,,13a not satisfied,,,,,13a not satisfied,,,,,13a not satisfied,7.615407673465875,13.360190785142727,-7.173916238111599,7.201600074230175,7.622022906706922,13.35357555190168,-5.294584618789075,5.32226845490765,9.927146862437601,11.048451596171,-0.04753436960102165,0.07521820571959711,7.859357191769303,13.1162412668393,-0.5007462289251966,0.5284300650437721,,,,,,,,,unrealistic fluxes
2025-05-19 06:00:00,0.09702901837470383,-1.7783542900979585,0.10751924035539967,0.5612338583330075,-1.558439780279692,0.6763122292293255,0.11699740985763715,11.121140142452102,0.17395349579722497,0.4726422789210211,0.405017322368054,0.09370509302440198,0.5407487064403427,-0.7369263246439045,-0.1725519710906482,25.590889011836005,65.02019656424069,15.179784439475432,10.409682856304356,-1.7811913480789647,1.6086489632089322,Small ratioRP,12.828606844831784,12.762282167004221,-0.4882878607686997,0.31573588967805144,OK,-0.14316453891388642,-0.11666941454066465,-0.010409066668924256,-0.03331510401308414,-0.1608030401229842,6.429175753466209,19.161713258369794,-1.1183358513797876,0.9457838802891395,Small ratioRP,5.366003490813451,20.22488552102255,-0.961934591475607,0.7893826203849589,Small ratioRP,0.22148567426512494,25.36940333757088,-0.40192706330680283,0.22937509221615462,OK,1.0891030172847815,24.50178599455122,-0.3327678552445178,0.1602158841538696,OK,7.077077456062444,18.513811555773557,-1.2136474449377999,1.0410954738471518,Small ratioRP,13.977602628928329,11.613286382907676,-0.6777867061899278,0.5052347350992795,13.562977698654104,12.027911313181901,-0.5720706771528611,0.39951870606221285,,,,,7.957510728042776,17.633378283793228,-0.2394854592852142,0.066933488194566,14.177871703737887,11.413017308098118,-0.7481646474188396,0.5756126763281914,13.92411751880591,11.666771493030092,-1.1881973086164126,1.0156453375257641,OK
2025-05-19 06:30:00,0.09924096652118485,-0.01595644019423375,0.17993857735351007,0.6706617360436319,-1.773403351826377,0.5982147233187682,0.20624487586089382,2.4735254785818825,0.195747063363407,0.49711431840250037,0.7361775590134709,0.10698738758996149,0.5266084807247023,-0.11175873511774574,-0.0015835325471132396,43.80390374596586,79.18884226360943,18.587483747116714,25.213986448641045,0.009216700761839185,-0.010800145334922033,Small ratioRP,16.021360195125443,27.78254355084042,-0.08479337642476158,0.08320984387764833,OK,-0.09388367768111266,-0.07864343924909463,-0.01024033981320531,-0.027394646767700977,-0.09218417235286998,20.66497155690439,23.138932189061475,-0.8855964335602311,0.8840129010131179,Small ratioRP,18.7440357777139,25.059867968251968,-0.8034220155534952,0.801838483006382,Small ratioRP,3.8609093548074775,39.942994391158386,-0.16674677363326612,0.1651632410861529,Small ratioRP,9.038835741626757,34.76506800433911,-0.3882497993615742,0.38666626681446103,Small ratioRP,20.46547451560754,23.338429230358326,-0.8770622839852651,0.8754787514381519,Small ratioRP,16.89964573551597,26.90425801044989,-1.0297067620475218,1.0281232295004086,16.89654946497734,26.90735428098852,-0.8626526219937983,0.8610690894466851,16.76914089394196,27.034762852023903,-0.11285982811828144,0.1112762955711682,16.86086697399017,26.94303677197569,-0.3008948125631686,0.29931128001605534,16.899351174135557,26.904552571830305,-1.0110778277042218,1.0094942951571086,,,,,unrealistic fluxes
2025-05-19 07:00:00,0.1630695935028842,0.3126399278149726,0.11993620299173453,0.5771817096724268,-0.5632354985257657,0.7517228695396392,0.1935842276660298,9.195319765991302,0.2386330915042948,0.7093199150546298,0.5241123771920254,0.10902274988397263,0.5083521358623128,-0.042799529460154064,0.05098206594155863,47.97564612055123,111.61533657278359,16.904591585399135,31.068389221478736,-0.10828049798664185,0.15925973159120377,OK,14.27432684874969,33.701319271801545,-0.2785136908370612,0.3294957567786198,OK,-0.055850690428762784,-0.04617524785346194,-0.01034782984975243,-0.021059009499187296,-0.07450435023111832,3.0225010066794575,44.95314511387178,-1.0235076198753015,1.07448968581686,Small ratioRP,2.548816337680413,45.42682978287082,-0.8551141966657477,0.9060962626073064,Small ratioRP,0.7043469313169106,47.27129918923433,-0.19941107247734893,0.2503931384189076,OK,1.27128839843273,46.7043577221185,-0.40095699670751517,0.4519390626490738,Small ratioRP,3.908403628375613,44.06724249217562,-1.3384432402595412,1.3894253062010997,Small ratioRP,13.560034808877349,34.415611311673885,-0.7835856719465654,0.834567737888124,13.686734919104504,34.28891120144673,-0.6454541269270893,0.6964361928686479,16.218951982920114,31.75669413763112,-0.13396366389190267,0.1849457298334613,14.559005759906293,33.41664036064494,-0.286881918787504,0.33786398472906265,13.408644592811084,34.567001527740146,-1.0498948178811065,1.100876883822665,24.13980464268416,23.83584147786707,-0.27905088881454604,0.33003295475610467,OK
2025-05-19 07:30:00,0.14887579433397377,-0.3776258104858958,0.15494393825448544,0.8303526486204807,-0.9690354209833802,0.8610910354646545,0.20701298851691324,3.179532794449994,0.26010437040661266,0.738024878654603,0.6805451574549944,0.29378427389007994,0.724532998943547,-0.25029935212920007,-0.056219342497098375,56.58433682358784,146.14138971996596,35.87711682884694,20.704076420472905,0.4089996836295506,-0.46521590282984365,Small ratioRP,33.001241484894194,23.583095338693646,-0.19573749691732248,0.1395181544202241,OK,-0.04219268044195932,-0.037208344040964035,-0.009988709385200144,-0.01893086013167271,-0.04005309892897685,28.943920579497018,27.640416244090826,-0.4754273338237547,0.4192079913266563,Small ratioRP,27.049829087882802,29.53450773570504,-0.44799434362438806,0.3917750011272897,Small ratioRP,9.387744320847839,47.19659250274,-0.19218632143562417,0.1359669789385258,OK,17.137441771311593,39.44689505227625,-0.3044287211020847,0.24820937860498632,Small ratioRP,28.161463198859646,28.422873624728197,-0.4640946470187705,0.40787530452167214,Small ratioRP,32.18775003552867,24.396586788059167,-0.41963203841137686,0.3634126959142785,31.923419432440667,24.660917391147173,-0.37406926157994186,0.3178499190828435,25.8259429872066,30.75839383638124,-0.1252493506674047,0.06903000817030631,29.763073593185812,26.821263230402028,-0.20699126896433637,0.150771926467238,32.08234213664914,24.5019946869387,-0.40007371265928315,0.3438543701621848,,,,,unrealistic fluxes
2025-05-19 08:00:00,0.13226429736206363,-0.6468961845295773,0.20544310717350217,0.9300336097165942,-1.3706286963099794,0.8675236633457704,0.21493515806393074,3.057051204029177,0.2449638394505231,0.7779489504575995,0.8282500699996098,-0.2912402553834532,0.7793368570488536,-0.4107887093474347,-0.0855612693130044,66.65484949920143,144.97523209895502,17.542203569887896,49.108942882119145,-0.17208790426553924,0.0865313883563856,OK,14.590396810658097,52.064452688543334,-0.16766393408988903,0.08210266477688463,OK,-0.03551172575036744,-0.03242100759371065,-0.009809439759189723,-0.017692600122319897,,,,,,13a not satisfied,,,,,13a not satisfied,,,,,13a not satisfied,,,,,13a not satisfied,,,,,13a not satisfied,25.229673327289024,41.42517617191241,-0.5997062761425231,0.5141450068295188,24.995660555750934,41.6591889434505,-0.5506045173597371,0.4650432480467327,18.7978484386347,47.85700106056673,-0.19137805501798122,0.10581678570497682,22.757372054614027,43.89747744458741,-0.31661659796397956,0.23105532865097514,,,,,29.243029715023187,37.41181978417823,-0.4202618685730561,0.3347005992600517,OK
2025-05-19 08:30:00,0.20340578541083681,-0.6353168805792507,0.1860483993742664,0.8315536399277044,-0.5165020357508722,1.0140724227147362,0.2722156061625559,2.165367627940089,0.28707303097829323,1.1129448624886262,0.7310111870628505,-0.2625693365984481,0.7563825552928964,-0.3936374427841811,-0.12922712907898531,92.82966592031912,198.7419084503234,29.34859714296786,63.47591157368899,-0.20072126193472795,0.07150131214069148,OK,29.409961188207408,63.41970473211171,-0.20175521613567277,0.07252808705668747,OK,-0.029262538030406467,-0.027256226237887215,-0.009714977293233404,-0.016247060334990498,-0.033038417169191134,33.51264636824259,59.31701955207652,-0.7076096781464564,0.5783825490674711,Small ratioRP,31.802550111944843,61.027115808374276,-0.6780957501503619,0.5488686210713766,Small ratioRP,11.236106427159637,81.59355949315947,-0.3231469945985051,0.19391986551951973,OK,20.33397639673984,72.49568952357927,-0.4801638164355209,0.3509366873565356,OK,36.4841530165853,56.345512903733805,-0.7588938283430748,0.6296666992640896,Small ratioRP,46.3142622515405,46.51540366877862,-0.554895543765733,0.42566841468674765,45.863871715173225,46.96579420514589,-0.5218549988982916,0.39262786981930625,34.002865211145604,58.82680070917351,-0.23298044562706371,0.10375331654807841,41.41261701827143,51.41704890204768,-0.3405527500035571,0.2113256209245718,47.01354917662685,45.81611674369226,-0.6170778548921598,0.4878507258131745,42.27358840450695,50.55607751581216,-0.36589292697064824,0.23666579789166292,OK
2025-05-19 09:00:00,0.1251945281492554,-0.25175468458017136,0.21544914690919129,1.22561268478559,-2.0062623440022693,0.9869752727903033,0.19858043711029166,1.4602699725944193,0.27407177044794606,0.8957742448838946,1.0553698038766133,-0.23813535366296334,0.6793000640813535,-0.1839597571709273,-0.03151830894537918,66.1649021671291,180.01706079550277,21.182540249293336,44.978686089937575,-0.08231928139776463,0.05080272346954905,OK,18.465535958252033,47.699366208877066,-0.08861949212240136,0.05710118317702219,OK,-0.025790374981351942,-0.02363736708364615,-0.00979598548523322,-0.01514631034473814,,,,,,13a not satisfied,,,,,13a not satisfied,,,,,13a not satisfied,,,,,13a not satisfied,,,,,13a not satisfied,27.3399646924969,38.8249374746322,-0.4081980008554047,0.37667969191002554,27.221781334575308,38.94312083255379,-0.3752600254797643,0.3437417165343851,25.22146045510943,40.94344171201967,-0.16350646584852715,0.13198815690314797,26.42814187843602,39.73676028869308,-0.24535886809091395,0.21384055914553476,,,,,29.376287057740672,36.788615109388445,-0.1405759334039533,0.10905762445857417,OK
2025-05-19 09:30:00,0.11383968095414593,-0.4481697561241219,0.22651110533040072,1.5353177479380038,-3.0334149360692386,1.050967890075513,0.20429768880801763,1.527278851662986,0.2852007084067749,0.9939845535728896,1.0593387100922698,-0.4942758467353295,0.7624604869304611,-0.2516442122183772,-0.05101950205046742,63.25294016618037,204.64093562954147,20.192942550017964,43.05648356393095,-0.09640631253202545,0.04538964489833861,OK,17.120894345847017,46.13204582033336,-0.09586135626917976,0.04484185421871233,OK,-0.022580012795356194,-0.020877873568814934,-0.009755230719555053,-0.014250042294259363,,,,,,13a not satisfied,,,,,13a not satisfied,,,,,13a not satisfied,,,,,13a not satisfied,,,,,13a not satisfied,28.799043610954705,34.45389655522567,-0.3171501936677025,0.26613069161723507,28.57354573867842,34.679394427501954,-0.29516184765611536,0.24414234560564793,25.16285769642656,38.09008246975381,-0.15147881884195993,0.10045931679149252,27.182226333565122,36.070713832615255,-0.2095430891556843,0.15852358710521686,,,,,23.843422973342637,39.40951719283774,-0.1722670339234276,0.12124753187296017,OK
2025-05-19 10:00:00,0.16776790181996812,-0.5697049760173335,0.19416717904526856,1.0603615507935302,-0.9622757024366977,1.0819685652897801,0.24175596367624044,1.670763471433664,0.28449223535504714,1.0726485029403197,1.1528052757674603,-0.6910697941933182,0.8172520187252914,-0.42655381579401735,-0.09557820848282331,79.9065246259728,207.75505568643752,13.37604023938854,66.52630836203853,-0.12553837712436008,0.02996672401221362,OK,11.352856774944225,68.55366785102858,-0.12990682769057915,0.03432861920775585,OK,-0.02072135759635088,-0.019416555752358438,-0.009687720227002745,-0.013755569080684787,,,,,,13a not satisfied,,,,,13a not satisfied,,,,,13a not satisfied,,,,,13a not satisfied,,,,,13a not satisfied,31.360435601803463,48.54608902416935,-0.41008596435959954,0.3145077558767762,31.012803773453808,48.893720852518996,-0.3870149436906586,0.2914367352078353,25.468685974350606,54.4378386516222,-0.21499329417840696,0.11941508569558366,28.740812042151195,51.165712583821616,-0.28691948390102784,0.1913412754182045,,,,,26.206951186463453,53.69957343950935,-0.1961666100416411,0.1005884015588178,OK
2025-05-19 10:30:00,0.2444155157002605,-0.30625516027129995,0.12487687509397988,0.8349096032682605,-0.35615336249442386,1.2129719363791185,0.2097989719004319,1.7125327470570189,0.2944390305813199,1.1154073331192493,1.2496842701493245,-0.4807660312139568,0.843990660613778,-0.3287086215358432,-0.0748535129335757,74.87008780904907,237.7320560755933,17.404312926310077,57.46161543341628,-0.1209469826079552,0.046097628202875794,OK,13.473826875765706,61.39626093328336,-0.11560472975957625,0.04075121682600056,OK,-0.01761427768522995,-0.01644256666544999,-0.00970940782222877,-0.012676846047263495,,,,,,13a not satisfied,,,,,13a not satisfied,,,,,13a not satisfied,,,,,13a not satisfied,,,,,13a not satisfied,28.536579711076318,46.333508097972754,-0.3327074104233765,0.25785389748980075,28.20765018657406,46.66243762247501,-0.3127803674602311,0.23792685452665538,24.778604286440107,50.09148352260896,-0.19827095064878222,0.12341743771520652,26.738777817062957,48.131309991986114,-0.2487375486430995,0.1738840357095238,,,,,27.285067965523037,47.58501984352601,-0.2039905771053932,0.12913706417181747,OK
2025-05-19 11:00:00,0.2730500110661673,-0.12124718606914785,0.08129453603505868,0.6636412309549105,-0.22652841836692247,1.155978515628956,0.23039449019574718,1.7369185584154638,0.29525317030400744,1.1432441538537865,1.923684529162308,-0.5962186702402966,0.7207044118400001,-0.2510030667773759,-0.03310654549792246,54.450403633671655,210.7953041622418,15.793709950875115,38.65366866037243,-0.0573193313859795,0.024214625140584683,OK,15.330610064122435,39.119793569549216,-0.08064647698556039,0.04753993148763793,OK,-0.015652656095713962,-0.014550206521538269,-0.00973206181056578,-0.011936201095065263,,,,,,13a not satisfied,,,,,13a not satisfied,,,,,13a not satisfied,,,,,13a not satisfied,,,,,13a not satisfied,24.220392011062028,30.230011622609627,-0.19289848173589255,0.15979193623797008,24.027114652199934,30.42328898147172,-0.18045867824902284,0.14735213275110037,22.668534477151294,31.78186915652036,-0.12609177133573995,0.0929852258378175,23.426147618009878,31.024256015661777,-0.15096280416947705,0.11785625867155458,,,,,18.181114243525414,36.269289390146234,-0.10068464349592568,0.06757809799800323,OK
2025-05-19 11:30:00,0.1987973841756762,-0.24407858953267345,0.12908797735773403,0.8392219705057821,-0.5395862861069673,1.150347957204994,0.23491365101030667,2.055821302004018,0.2939582698927613,1.3111119740472355,1.113372284821855,-0.4351985104460746,0.6204858463511848,-0.1198023534209386,-0.04852218513238406,62.949750013435526,193.72829194252546,13.928960146922803,49.01637211314633,-0.08158688751279701,0.033064391113735374,OK,13.161292901444792,49.78845711199074,-0.09334695483903313,0.04482476970664907,OK,-0.015637903011854106,-0.014583291602432059,-0.009707326684734448,-0.011954359943263732,,,,,,13a not satisfied,,,,,13a not satisfied,,,,,13a not satisfied,,,,,13a not satisfied,,,,,13a not satisfied,22.80923819917242,40.14051181426311,-0.25589622119756633,0.2073740360651823,22.582366588833292,40.36738342460224,-0.23998749437756084,0.1914653092451768,20.8925983984364,42.05715161499913,-0.16643396255858273,0.11791177742619867,21.842558335981586,41.10719167745394,-0.20033027540522608,0.151808090272842,,,,,23.208925839584115,39.740824173851415,-0.43733656794687253,0.38881438281448816,OK
2025-05-19 12:00:00,0.1546705282194388,-0.2226546029279098,0.15083274087058307,1.075942320946661,-1.1420586909963195,1.083712646647786,0.2207995941350349,2.1763340956155353,0.28345519537198144,1.120279325577456,1.5938924800705798,-0.6105914119149558,0.768949224405468,-0.34097402662243265,-0.034438105045349214,57.22696841204482,193.04649850597093,17.653815893485202,39.57003061359638,-0.06032594894917596,0.02589000084102504,OK,16.088940727495398,41.13802768454942,-0.09002038156788537,0.05558227652253616,OK,-0.015084094163568882,-0.013990624127352426,-0.00972793961784909,-0.011712737047142992,,,,,,13a not satisfied,,,,,13a not satisfied,,,,,13a not satisfied,,,,,13a not satisfied,,,,,13a not satisfied,26.313821089442296,30.913147322602523,-0.1900924684494145,0.15565436340406527,26.09072197054416,31.13624644150066,-0.17758480256814113,0.1431466975227919,24.742154971830406,32.48481344021441,-0.1288260512203418,0.09438794617499258,25.49219461970195,31.734773792342867,-0.1515291727192323,0.1170910676738831,,,,,20.124211372787705,37.10275703925711,-0.08488765970538786,0.05044955466003865,OK
2025-05-19 12:30:00,0.16027809629415993,-0.4285199320628662,0.15463148974425328,1.102162141607258,-1.0883643077867982,1.114511313389784,0.2194952440808213,1.7073669184803493,0.31002746548117266,1.2803859422801138,1.3350876334030795,-0.6278146752355998,0.7910249056366757,-0.3356985579615023,-0.06868235893513894,60.795252090590154,204.66482421691276,12.435578182762281,48.356296393822824,-0.10149638934343265,0.03281784609490122,OK,11.972379306213387,48.82287278437677,-0.10584970618193004,0.03716734724679111,OK,-0.014199760844525648,-0.013308717969225236,-0.009675854005870097,-0.011428872756265071,,,,,,13a not satisfied,,,,,13a not satisfied,,,,,13a not satisfied,,,,,13a not satisfied,,,,,13a not satisfied,21.67631186497133,39.11894022561883,-0.22644908100084854,0.1577667220657096,21.324402699188347,39.470849391401806,-0.2141485538344608,0.14546619489932186,19.218817422230657,41.5764346683595,-0.16399817037735126,0.09531581144221231,20.401976350605217,40.39327573998494,-0.18819796520220816,0.11951560626706922,,,,,22.333766809205546,38.461485281384604,-0.16601520997941044,0.09733285104427149,OK
2025-05-19 13:00:00,0.21527932607859124,-0.44087608595605726,0.14233659135777627,0.826251685642166,-0.4519893598568554,1.0976014377950076,0.22038002827311468,2.0270458829807176,0.3040826542577435,1.4965121478453076,1.3174973778956787,-0.491305920971361,0.8117034113758198,-0.30474441912707184,-0.09491150666878707,75.16513376276495,205.92672970446128,11.350494341342696,63.810463580657675,-0.13194947265699172,0.03704323884968621,OK,9.982720894535158,65.18241286822979,-0.1351011231707172,0.04018961650193015,OK,-0.013785325887713867,-0.012946476274583832,-0.00966370991973452,-0.011275094909251389,,,,,,13a not satisfied,,,,,13a not satisfied,,,,,13a not satisfied,,,,,13a not satisfied,,,,,13a not satisfied,22.602965545236017,52.562168217528935,-0.2953879405802987,0.20047643391151165,22.17853632264549,52.98659744011947,-0.2796533740845622,0.18474186741577514,19.809158628927054,55.3559751338379,-0.2180774912423346,0.12316598457354755,21.144600562234068,54.020533200530885,-0.24830274720112167,0.1533912405323346,,,,,28.00702511219401,47.15810865057094,-0.5102372280876503,0.41532572141886315,OK
2025-05-19 13:30:00,0.1982878851797184,-0.11156749448686228,0.09620054389010275,0.6346902492823943,-0.40860257454690074,1.0289749970231015,0.20982029571864516,1.5948186405545788,0.2624549143779372,0.9402593890196222,1.2739429527794524,-0.5171586755739989,0.7664927563815499,-0.21760294157092214,-0.022122482536599812,46.791962089915856,145.4388358548595,12.834318307178355,33.95504422928807,-0.051242509416077775,0.029121255906285552,OK,12.370796134257851,34.421165955658005,-0.060681241488622924,0.03855875895202311,OK,-0.01255700556440551,-0.011644425944575362,-0.00972326792092673,-0.01070374311992377,,,,,,13a not satisfied,,,,,13a not satisfied,,,,,13a not satisfied,,,,,13a not satisfied,,,,,13a not satisfied,16.964209330702776,29.82775275921308,-0.15268946488836133,0.1305669823517615,16.82892554714463,29.963036542771224,-0.14223496131141658,0.12011247877481676,16.461125400408115,30.33083668950774,-0.1202261929873453,0.0981037104507455,16.665331084839973,30.126631005075883,-0.13145850768327072,0.10933602514667091,,,,,17.453780373716164,29.33818171619969,-0.07103447099433916,0.048911988457739336,OK
2025-05-19 14:00:00,0.2830189311946657,-0.287961650212832,0.09771243304228634,0.5375348776775997,-0.16971920675233354,1.055063887467751,0.26222676802774963,2.0547877271169837,0.2854478935786663,1.6965863869137756,1.5122511393078073,-0.6720736426166103,0.8251297455284984,-0.40461269766523617,-0.08149859846828789,67.83641089703481,175.62350292205065,13.340861517471433,54.49178069006908,-0.11233129231043405,0.030837221542061043,OK,12.125100473043053,55.711310423991755,-0.12079311763182192,0.039294519163534034,OK,-0.01218930245227703,-0.011346682107230003,-0.009701153534083507,-0.01056946978691652,,,,,,13a not satisfied,,,,,13a not satisfied,,,,,13a not satisfied,,,,,13a not satisfied,,,,,13a not satisfied,24.247150615929694,43.58926028110511,-0.21660117294635803,0.13510257447807014,23.672994614378894,44.163416282655916,-0.20428383421466045,0.12278523574637255,22.264163706115472,45.57224719091934,-0.1802296644485587,0.0987310659802708,23.062244867191353,44.77416602984346,-0.19292262335377675,0.11142402488548885,,,,,23.476981278433282,44.35942961860153,-0.18442678472983157,0.10292818626154367,OK
2025-05-19 14:30:00,0.18715065721603405,-0.1485831351873126,0.06768278489963908,0.5099805669496843,-0.3681985323916719,0.8063754494803516,0.22141330776024787,1.8557779179758223,0.28760940741133806,1.472638919407785,1.2616079867414545,-0.7693649431684211,0.7041326640080396,-0.38064432139045934,-0.027807431401524384,31.07185093966689,110.14558111091544,4.5810126960008235,26.489112029724996,-0.03547754540698544,0.007671658862761134,OK,6.402911048673192,24.6689398909937,-0.0512466970918211,0.023439265690296716,OK,-0.011753502848715099,-0.010896365005108022,-0.00972218063178972,-0.01036032508703833,,,,,,13a not satisfied,,,,,13a not satisfied,,,,,13a not satisfied,,,,,13a not satisfied,,,,,13a not satisfied,11.228480879745458,19.843370059921433,-0.0950791302598428,0.06727169885831842,11.025617109064767,20.046233830602127,-0.08904650664328799,0.061239075241763606,10.68965232963539,20.3821986100315,-0.0807824771951649,0.05297504579364053,10.881689241955232,20.19016169771166,-0.08527380299558193,0.057466371594057555,,,,,9.369847559596762,21.702003380070128,-0.06441314011992512,0.036605708718400735,OK
2025-05-19 15:00:00,0.2425836925815382,-0.07367050013316236,0.06095893299026078,0.3714220691370538,-0.15944952391653427,0.7792069962701449,0.24837287793094048,2.19122690401803,0.27122053386795386,0.8912433335919216,1.082227414974545,-0.8219073908697111,0.6078415377703665,-0.29446851969683374,-0.017871261956631225,36.274088427671444,103.84759717917677,4.902107567395179,31.369965633141383,-0.02249240712016915,0.004622138011424404,OK,6.084772717086638,30.189315710584808,-0.044229909891289144,0.02635864793465792,OK,-0.0115137017579735,-0.010733858319315967,-0.009691957894989384,-0.010286631424070075,,,,,,13a not satisfied,,,,,13a not satisfied,,,,,13a not satisfied,,,,,13a not satisfied,,,,,13a not satisfied,14.024224329423784,22.24986409824766,-0.10443469196195088,0.08656343000531966,13.904734400373519,22.369354027297923,-0.09788401011970482,0.0800127481630736,13.71508409228837,22.559004335383072,-0.08913205062022656,0.07126078866359532,13.828034713580655,22.446053714090787,-0.09412730594444807,0.07625604398781685,,,,,9.797121608983693,26.47696681868775,-0.03440535396037954,0.01653409200374831,OK
2025-05-19 15:30:00,0.2336553913778403,-0.09629109622203079,0.04661757659059794,0.2921164669333543,-0.13515143791999507,0.6717936851720404,0.22533295707180956,1.887056402445454,0.256089962079588,0.7494153013400184,0.9468639641597479,-0.7306523991023459,0.6476052179885312,-0.3202507758040278,-0.022498933773959885,26.719175197548477,78.6364504702188,5.695127297815837,21.02256350111055,-0.030564200559118907,0.008066516725924257,OK,8.38154408159501,18.337631115953467,-0.04718671518979241,0.024687781415832524,OK,-0.011242452889467775,-0.010440147239411949,-0.00970889694381993,-0.010146632718427098,,,,,,13a not satisfied,,,,,13a not satisfied,,,,,13a not satisfied,,,,,13a not satisfied,,,,,13a not satisfied,11.047481626855427,15.67169357069305,-0.07182563255878173,0.04932669878482185,10.856392058156626,15.862783139391851,-0.06751316412642162,0.04501423035246174,10.654715988366325,16.064459209182154,-0.0635826249164894,0.04108369114252952,10.778934133357385,15.940241064191092,-0.06593549593213882,0.04343656215817894,,,,,8.541334102378029,18.17784109517045,-0.042922906396463206,0.020423972622503322,OK
2025-05-19 16:00:00,0.2125883767702811,-0.022293919594029182,0.04265958062046991,0.18979265955980607,-0.10610746313476266,0.5410403973299269,0.19968833378631576,1.6212462303437636,0.2294197948541288,0.6841231287315577,0.9531962213218551,-0.8021476618076123,0.6264294879686626,-0.20996280913797227,-0.004739428178341829,22.246087737619685,46.49785257546547,3.3114261749762197,18.933425668880265,-0.005928046263437328,0.0011888813866609645,OK,4.534621635766869,17.711466101852817,-0.020837790951685572,0.016098362773343745,OK,-0.01121636021004567,-0.010379818872238504,-0.009725831838307645,-0.010116546326672601,,,,,,13a not satisfied,,,,,13a not satisfied,,,,,13a not satisfied,,,,,13a not satisfied,,,,,13a not satisfied,9.88019312738388,12.365894610235806,-0.056543142383965385,0.051803714205623554,9.841279430278533,12.404808307341153,-0.05249069032818616,0.04775126214984433,9.806195404824937,12.439892332794749,-0.04932258496347913,0.0445831567851373,9.827701288670882,12.418386448948803,-0.05121532075552947,0.046475892577187636,,,,,6.0989006016101275,16.147187136009556,-0.009060789831800715,0.004321361653458887,OK
2025-05-19 16:30:00,0.20892095804493804,0.037580605444369586,0.04405760466443524,0.1782571635145487,-0.10324550568949867,0.46861190353120896,0.19408556050870113,1.4328747383518072,0.22948713169517843,0.6342473248963991,0.8856364484007873,-0.7406948330373906,0.5900449059345646,-0.1189359483632756,0.007851376093346508,22.578778261291383,42.934618743097445,5.974985037224155,16.602538847497158,0.01220931398261889,-0.004358374076833116,OK,7.897671223341792,14.681107037949591,-0.013508461865229106,0.021359837958575614,OK,-0.011403860772826539,-0.010506569190100533,-0.009745686033714689,-0.010175843975644333,,,,,,13a not satisfied,,,,,13a not satisfied,,,,,13a not satisfied,,,,,13a not satisfied,,,,,13a not satisfied,12.183114215129914,10.39566404616147,-0.04832886482817121,0.056180240921517716,12.255523631979143,10.32325462931224,-0.04421605749282291,0.05206743358616942,12.327372332341593,10.25140592894979,-0.04072848902882427,0.04857986512217078,12.285433206151152,10.29334505514023,-0.042700152168192854,0.05055152826153936,,,,,,,,,unrealistic fluxes
2025-05-19 17:00:00,0.21587361099329166,0.06520771582682773,0.043634836130592894,0.12707867508328277,-0.06900583836511215,0.33708282734057515,0.19517911000600074,1.2924987067518083,0.2230367534839543,0.727025689725237,0.997911850118329,-0.6704501018574313,0.21983678671024087,0.16380879228954304,0.014076625080161716,23.10630244842035,31.651923677518138,6.5092225805382915,16.59579618441271,0.025899784019331653,-0.011823940973896609,OK,8.477122913464306,14.629179534956045,-0.00894258051084354,0.023019205591005256,OK,-0.01172938843182329,-0.010791269825896661,-0.009752194289229738,-0.010308573944958432,,,,,,13a not satisfied,,,,,13a not satisfied,,,,,13a not satisfied,,,,,13a not satisfied,,,,,13a not satisfied,12.038245919377816,11.068056529042535,-0.052923576932131136,0.06700020201229286,12.156511479340807,10.949790969079544,-0.04817046428230892,0.06224708936247064,12.31406230620385,10.792240142216501,-0.042905838843424235,0.056982463923585955,12.22575049958843,10.88055194883192,-0.04572481627659822,0.05980144135675993,,,,,,,,,unrealistic fluxes
2025-05-19 17:30:00,0.1676123497636713,0.1829964005941323,0.021043193342729177,0.06475910847250448,-0.05843367940832998,0.31175327367555394,0.21617724854000278,0.8382035279420349,0.17899056386071754,0.5328166137251407,0.5480076318132518,-0.31644112295355964,-0.517580819623488,0.4062082806142532,0.03067245670187661,8.65197404987802,12.544636849826981,4.921626085582635,3.7298672990703907,-0.10653607875411292,0.13720683143061718,OK,,,,,E>ET,-0.012336936377227296,-0.011306094202465629,-0.009775237793721308,-0.010544674861414102,,,,,,13a not satisfied,,,,,13a not satisfied,,,,,13a not satisfied,,,,,13a not satisfied,,,,,13a not satisfied,7.464808135943877,1.1871659139341437,-0.005970644251699301,0.03664310095357591,7.746208413327499,0.9057656365505222,-0.004174754020463269,0.03484721072233988,8.273616510945184,0.3783575389328373,-0.0015077598508420852,0.032180216552718695,7.989389827077235,0.6625842228007857,-0.0028482410100843965,0.033520697711961006,,,,,,,,,unrealistic fluxes
2025-05-19 18:00:00,0.147262869371746,0.38283503161548027,0.012481550992105671,-0.03297554312466035,0.03865743872579488,0.3313894004486372,0.14689409980909202,1.4330429586285283,0.19792946779792206,0.7039051542362944,0.7433417908433315,0.11987449150275262,-0.1491830883571629,-0.6811241234168468,0.056377385251718724,4.508783289642671,-5.628374679830864,2.4588365683576296,2.049696233324505,-0.025394587383873034,0.08176884055863334,OK,,,,,E>ET,-0.013495378611322674,-0.012166592952821312,-0.00985994684970413,-0.010925967300592797,,,,,,13b not satisfied,,,,,13b not satisfied,,,,,13b not satisfied,,,,,13b not satisfied,,,,,13b not satisfied,4.005341120904397,0.5034421687382737,-0.0027697279559838472,0.05914711320770257,4.309126065204312,0.19965722443835876,-0.000990276469560368,0.05736766172127909,5.030902637463575,-0.5221193478209036,0.0020986828449719996,0.054278702406746725,4.6594559994659495,-0.15067270982327852,0.0006711150022914239,0.0557062702494273,,,,,2.126137430320603,2.3826458593220665,-0.24824666410885354,0.3046240493605723,OK
2025-05-19 18:30:00,0.09237811984938521,0.4335630489942746,0.016832237592985383,-0.04170845543996449,0.1246894249312365,0.4456173558737008,0.08458512505826318,2.0723731225389113,0.14913361201492858,0.5729959974041887,0.4985860222410129,0.857275106199762,-0.8065250705512962,-0.9161490781905937,0.04005173930225797,3.814244422545515,-4.480947613141846,3.5399037550380066,0.2741287650395894,-0.0029241047203231426,0.042973618925953215,OK,,,,,E>ET,-0.015135687531361986,-0.01351406893087877,-0.009911599963905117,-0.011497776348744737,,,,,,13b not satisfied,,,,,13b not satisfied,,,,,13b not satisfied,,,,,13b not satisfied,,,,,13b not satisfied,4.819898971402761,-1.0056545488572461,0.00620516633346762,0.03384657296879035,5.184196099064068,-1.369951676518553,0.007547338519545324,0.03250440078271265,6.420045826316136,-2.6058014037706214,0.010529009824523768,0.029522729477734204,5.780474226471634,-1.9662298039261192,0.009216172252661532,0.03083556704959644,,,,,2.9260422707031064,0.8882021518424085,-0.021253640808229134,0.0613053801104871,OK
2025-05-19 19:00:00,0.09452084038848382,0.6998490769694375,0.021735517633345476,-0.12727214190758238,0.3642193676416246,0.3911533233936046,0.09500206418727838,2.218485977873853,0.16940510594742617,0.7103854459334951,0.5444414641226641,0.7813894708155432,-0.6038357856402502,-0.9014498408301724,0.06615032290025594,5.03958889098613,-14.018882590050344,4.5053236676177875,0.5339852462077315,-0.005678098495354331,0.0718247463776714,OK,,,,,E>ET,-0.0167203223554069,-0.014585051309174533,-0.010031631549661963,-0.01193314816132879,-0.009525253796214364,,,,,13b not satisfied,,,,,13b not satisfied,,,,,13b not satisfied,,,,,13b not satisfied,,,,,13b not satisfied,5.899506922065347,-0.8599180310792169,0.0058614377003144355,0.0602888851999415,6.4679932049197255,-1.4284043139335951,0.00849300864613442,0.05765731425412152,8.48858106806837,-3.44899217708224,0.014104777308665106,0.05204554559159083,7.4572618648575375,-2.417672973871407,0.01176129221477696,0.05438903068547898,8.832650487841809,-3.7930615968556785,0.014728852170698935,0.051421470729557,3.4503740545595583,1.589214836426572,-0.04113458822512314,0.10728491112537906,OK
2025-05-19 19:30:00,0.08929465432958555,0.6581350007917741,0.018147031675914076,-0.1061420557998601,0.3411198766301001,0.4548581922211708,0.08420201881407333,2.7284334590019133,0.1648001532878602,0.6212575363066121,0.5442611842131602,0.9776953038290613,-0.9683901936168773,-0.9325930681977663,0.05876793739790298,3.9749219542533547,-11.07187424312875,3.9747011252558977,0.0,0.0,0.05876467251249198,OK,3.9749219542533547,0.0,0.0,0.05876793739790298,OK,-0.017817140902077058,-0.015491996291711753,-0.010054048397089907,-0.012286987549020642,-0.018286892281614422,,,,,13b not satisfied,,,,,13b not satisfied,,,,,13b not satisfied,,,,,13b not satisfied,,,,,13b not satisfied,5.968224929084338,-1.993302974830983,0.014478173649854466,0.044289763748048515,6.568884947279724,-2.593962993026369,0.0163822523721166,0.04238568502578638,9.058377556453157,-5.083455602199803,0.02083542953484494,0.03793250786305804,7.769491117954031,-3.794569163700676,0.0190068585684011,0.03976107882950188,5.865419914715382,-1.8904979604620271,0.014093490648830337,0.044674446749072644,,,,,Not enough points
2025-05-19 20:00:00,0.1629125749568191,0.827008643702291,0.02757112775530827,-0.1585789618274128,0.1531668209478002,0.40751952614149745,0.07679374530162221,2.615870102466413,0.2247399540558012,0.8004791913629143,0.5682949410849384,0.9606407319948339,-0.9485449775867226,-0.935773417349097,0.1347301076570868,11.018099422098944,-30.194420811446918,11.01748730546438,0.0,0.0,0.13472262265110588,OK,11.018099422098944,0.0,0.0,0.1347301076570868,OK,-0.018381734801005786,-0.01591363603330228,-0.0100778843538649,-0.012450400490288147,-0.02278509521106143,6.350447953824768,4.667651468274176,-0.03497738745753809,0.16970749511462485,OK,6.209038041500487,4.8090613805984574,-0.03119839073487722,0.165928498391964,OK,5.837967459913679,5.180131962185265,-0.021282010131537805,0.15601211778862456,OK,5.995523510290425,5.022575911808518,-0.025492491477737477,0.16022259913482423,OK,6.583114212743433,4.434985209355511,-0.04119509182829768,0.17592519948538443,OK,11.609800859841984,-0.5917014377430405,0.004433957973895841,0.13029614968319095,12.726234017152656,-1.7081345950537123,0.011081382895057917,0.12364872476202887,17.54109907980616,-6.522999657707215,0.026799036359834355,0.10793107129725243,15.039126238987686,-4.021026816888742,0.020409047799614125,0.11432105985747266,10.218653942471793,0.7994454796271508,-0.007425781234960155,0.14215588889204694,,,,,Not enough points
2025-05-19 20:30:00,0.09533264699055051,0.7422574315855681,0.02156354210597503,-0.14129004576267984,0.3991947864612726,0.40809278808629346,0.07168073101288841,2.2925025679174227,0.17563113863984128,0.5048954158533976,0.3986331245593231,0.9315052662220881,-0.9751713921560202,-0.9552821698380524,0.07076136570145966,5.0426555199065985,-15.771287927042515,4.796622120320642,0.24575325205707269,-0.003244636859439357,0.0740020713739156,OK,,,,,E>ET,-0.01959229114439279,-0.01686483761712224,-0.010112589755650648,-0.012807797059292605,-0.005127978185948232,,,,,13b not satisfied,,,,,13b not satisfied,,,,,13b not satisfied,,,,,13b not satisfied,,,,,13b not satisfied,6.410846332209469,-1.3681908123028705,0.010927840495605835,0.059833525205853826,7.071566227606786,-2.028910707700187,0.013949143752549617,0.056812221948910044,10.24063188777886,-5.197976367872262,0.021428863664027395,0.049332502037432266,8.57498567090385,-3.532330150997251,0.018443280766568787,0.052318084934890874,17.934596377430886,-12.891940857524286,0.026950506111667057,0.043810859589792604,4.082645531836638,0.96000998806996,-0.021250680559225466,0.09201204626068513,OK
2025-05-19 21:00:00,0.07371009095442618,1.0013410180072042,0.018141178937401345,-0.13105551216240977,0.6210621262405611,0.38206024521889337,0.056713928459275156,3.469558156056958,0.10341817766791632,0.3259077586714426,0.24432619240871611,0.9609043735712104,-0.9551882503228543,-0.9131187005122823,0.07380893751370873,3.280122040114604,-11.342097056330475,3.1543072750628394,0.12563253604953614,-0.0022907722370224,0.07609560925420257,OK,,,,,E>ET,-0.02270802553716171,-0.018966632076224395,-0.010284853815157204,-0.013566038863397332,-0.028855938959332986,1.5826081203463753,1.6975139197682292,-0.015714304704355662,0.08952324221806439,OK,1.5423414697077658,1.7377805704068385,-0.013436544927891515,0.08724548244160024,OK,1.441115796742159,1.8390062433724452,-0.007710521964226262,0.08151945947793497,OK,1.4807293430651847,1.7993926970494198,-0.009951337651319113,0.08376027516502783,OK,1.644871022194095,1.6352510179205095,-0.0192363243197315,0.09304526183344022,OK,4.844160484992625,-1.5640384448780211,0.014478689338521318,0.059330248175187415,5.521196832108904,-2.2410747919943,0.01732802325114431,0.05648091426256442,8.989911222371836,-5.709789182257232,0.02393980719726116,0.049869130316447574,7.157057781313802,-3.876935741199198,0.021440954315532987,0.05236798319817575,4.112918104559355,-0.8327960644447505,0.00979662144361615,0.06401231607009258,,,,,Not enough points
2025-05-19 21:30:00,0.10970694961627239,0.5713701563483119,0.014589267578063142,-0.12255604110701025,0.2622678418542423,0.33250665449228445,0.0783022364546066,2.3096725249423193,0.1474354835810052,0.48036784673411137,0.2926324063268095,0.9038121899743136,-0.7687029465656747,-0.9033957197026733,0.06268327695474593,3.926134537785354,-15.79162992641171,3.740065294340637,0.18585112485928532,-0.0030520841744129017,0.06573187872488359,OK,,,,,E>ET,-0.020998922396883238,-0.018201078698815074,-0.010081428712452496,-0.013288775869890867,-0.018400669925390172,,,,,13b not satisfied,,,,,13b not satisfied,,,,,13b not satisfied,,,,,13b not satisfied,,,,,13b not satisfied,5.433535871058432,-1.5074013332730778,0.012904118882331728,0.049779158072414204,5.977244140381142,-2.0511096025957882,0.015219081653787714,0.04746419530095822,9.263903714220232,-5.337769176434879,0.02193735810670791,0.04074591884803802,7.485724476471456,-3.5595899386861025,0.019283568236411835,0.043399708718334096,5.93298048152016,-2.0068459437348065,0.015053937954248808,0.04762933900049712,,,,,Not enough points
2025-05-19 22:00:00,0.0965277585440791,0.6664309181662627,0.02556911066932612,-0.15374154449407373,0.42546284049273414,0.3991362952335643,0.06361923382070132,2.678850227431295,0.18141976701618293,0.588152432336485,0.3661276054730045,0.9190523447870902,-0.9837582229241801,-0.9298703094061235,0.06432908275506194,6.054320291967721,-17.45023414336912,5.547666576193896,0.5063173646464973,-0.005286327399529093,0.06961183631666021,OK,,,,,E>ET,-0.023064036726964072,-0.019716950535532837,-0.01015489622987096,-0.013822268611398396,-0.027061952606763202,3.5594767063414015,2.49484358562632,-0.023457465995481524,0.08778654875054351,OK,3.4553754088402875,2.5989448831274347,-0.020890039830900847,0.08521912258596283,OK,3.1036370620983824,2.9506832298693393,-0.012215198535076893,0.07654428129013886,OK,3.2492405136811993,2.805079778286522,-0.01580618270357854,0.08013526545864051,OK,3.673389524474449,2.3809307674932723,-0.026266871418625055,0.09059595417368703,OK,5.857006568700931,0.19731372326678986,-0.0018552184917078052,0.06618430124676974,6.384496032503901,-0.3301757405361805,0.002653917139904108,0.06167516561515783,9.807110093635927,-3.7527898016682064,0.015535748474707962,0.04879333428035398,7.934608685852319,-1.880288393884598,0.010595128922612218,0.05373395383244972,5.397955330745789,0.6563649612219322,-0.007241140429403992,0.07157022318446593,,,,,Not enough points
2025-05-19 22:30:00,0.05955638213040106,0.8356370722820617,0.018868118799406204,-0.12345669316736914,0.8995289868084919,0.28185679144558456,0.04645842830183611,2.1565482088850256,0.11597021128140997,0.443386049813033,0.2501593319196014,0.897767037600377,-0.9283919655146232,-0.9052130744672989,0.049767520799160046,2.7564775392630354,-8.665126512291367,2.645350722759978,0.11097367886198672,-0.0020075852183140393,0.05177234115520745,OK,,,,,E>ET,-0.026382633986491943,-0.02186263453822626,-0.010334175651436527,-0.014540235205713917,,,,,,13b not satisfied,,,,,13b not satisfied,,,,,13b not satisfied,,,,,13b not satisfied,,,,,13b not satisfied,3.5467545873619915,-0.790277048098956,0.00849962906967796,0.04126789172948209,4.006286035152588,-1.2498084958895523,0.011139056823645958,0.03862846397551409,6.998484695378312,-4.242007156115276,0.017871034270666934,0.03189648652849311,5.357042286119015,-2.600564746855979,0.015414929917233512,0.034352590881926534,,,,,2.1189956679894877,0.6374818712735484,-0.021435747127540008,0.07120326792670005,OK
2025-05-19 23:00:00,0.04115452790587235,0.5101539069205998,0.009521457009995302,-0.06362280562300782,0.9722935513740437,0.3492154213861675,0.05421641469143952,4.87551179211499,0.09561733935523987,0.28956424902181505,0.21278707723426965,0.8870573007955205,-0.8529030475252803,-0.8864814757250993,0.020995143198653633,0.9612106703495855,-3.0901658246129173,0.849247700473462,0.11190956928332677,-0.002937126136904441,0.0239311029387137,OK,,,,,E>ET,-0.02691118186843473,-0.022355308600723205,-0.010323215586055966,-0.014694929812442295,-0.033633759178520316,0.4485425272419604,0.512668143107625,-0.005624339843995934,0.026619483042649585,OK,0.43463425969009484,0.5265764106594906,-0.00479893117087406,0.02579407436952771,OK,0.39399412471162026,0.5672165456379652,-0.0023870765122701466,0.023382219710923798,OK,0.40946598325430184,0.5517446870952836,-0.003305279026193694,0.024300422224847344,OK,0.467773773462635,0.49343689688695047,-0.006765649310922161,0.02776079250957581,OK,1.3864049427640819,-0.42519427241449637,0.004664688297742886,0.016330454900910747,1.5744811373511638,-0.6132704670015783,0.005589013675307758,0.015406129523345875,2.8693361700371467,-1.9081254996875612,0.008030163431930479,0.012964979766723153,2.1536133132848745,-1.192402642935289,0.007143201445619552,0.01385194175303408,1.2019444948831504,-0.24073382453356484,0.0033007678273485885,0.017694375371305044,0.7131123689372918,0.24809830141229353,-0.01098600230744164,0.03198114550609527,OK
2025-05-19 23:30:00,0.06837927705964308,1.2583075568956754,0.01707906854176315,-0.07620366336511607,0.42266232184362396,0.4905488177680738,0.1887243926184305,11.54454163191234,0.0610765548225889,0.2054184457866498,0.4983249810143673,0.9717104534875087,-0.8835333628581689,-0.8943757200944037,0.08604216105921199,2.864746744436963,-6.161828118480092,,,,,OK,,,,,Q1+Q2<20,-0.03201107042195871,-0.02560598983341936,-0.010553917287550015,-0.01571182384900713,-0.031729342291232955,,,,,13b not satisfied,,,,,13b not satisfied,,,,,13b not satisfied,,,,,13b not satisfied,,,,,13b not satisfied,3.726975025133358,-0.862228280696395,0.011251875341694542,0.07479028571751745,4.376869219103398,-1.5121224746664348,0.015784505794208592,0.0702576552650034,9.009213957693676,-6.144467213256713,0.026436281591836232,0.05960587946737576,6.422234340513095,-3.5574875960761316,0.02278622847720181,0.06325593258201018,3.750044025253745,-0.8852972808167818,0.011451243559940275,0.07459091749927171,,,,,Not enough points
2025-05-20 00:00:00,0.05263042447461497,0.96947469009528,0.018445953552233225,-0.15999491773704638,1.4972644537062398,0.33064925656384136,0.04644508779114003,4.376590373233287,0.1049822925154857,0.4128618315221891,0.2048732713413514,-0.048878348091672505,-0.3771349327520623,-0.7948582468628895,0.051023864457110386,2.3814174500638923,-9.95174603219116,0.8502127797538481,1.5310723693405952,0.12216339629568011,-0.07114236649770624,OK,1.548032373583384,0.8333850764805082,-0.0065541741070426485,0.057578038564153035,OK,-0.032971772498294034,-0.02650540642558504,-0.010517349499541846,-0.015985800836984514,,,,,,13a not satisfied,,,,,13a not satisfied,,,,,13a not satisfied,,,,,13a not satisfied,,,,,13a not satisfied,3.0152824010129438,-0.6338649509490515,0.008520037080038484,0.0425038273770719,3.467319407032758,-1.0859019569688657,0.011733498861719503,0.03929036559539088,6.971168368794566,-4.589750918730674,0.01967876662378059,0.031345097833329796,4.984094038856476,-2.602676588792584,0.016961218749091116,0.03406264570801927,,,,,,,,,unrealistic fluxes
2025-05-20 00:30:00,0.06562182129572486,0.1999399237172463,0.014868737789409036,-0.1346737234926433,0.8104428308641295,0.41548065333841544,0.05754005924156313,3.211745133134489,0.14186747930072582,0.5310407649260848,0.3025725369229683,0.7975391866548092,-0.9469415816870124,-0.8332100946727983,0.013120421944053997,2.3934255935308264,-10.440350510499183,1.8358712039270095,0.5574214215152863,-0.006688867715436309,0.019808560747160083,OK,,,,,E>ET,-0.02880108447725503,-0.02475846955371894,-0.010127935383718189,-0.015453889913253058,-0.03429463648603543,0.920825235008689,1.4726003585221374,-0.017290047830017176,0.030410469774071153,OK,0.8645409238712217,1.5288846696596046,-0.015431245228257204,0.028551667172311182,OK,0.6191087877889333,1.774316805741893,-0.007325791259192479,0.02044621320324646,OK,0.7170712722965413,1.676354321234285,-0.01056102533059955,0.02368144727465353,OK,0.9909849758439668,1.4024406176868593,-0.01960708975818257,0.032727511702236554,OK,1.8486483148223671,0.5447772787084593,-0.006396321412707471,0.019516743356761467,1.9447235089674604,0.448702084563366,-0.004528812433490544,0.01764923437754454,2.9334974172748787,-0.5400718237440523,0.0022298461204429704,0.010890575823611026,2.356836855993169,0.036588737537657234,-0.00023050889603418688,0.013350930840088183,1.7543943283560681,0.6390312651747583,-0.008934099038882858,0.022054520982936855,,,,,Not enough points
2025-05-20 01:00:00,0.05085916688071612,1.0736436472599278,0.014928967111368948,-0.10882990382155065,1.093777646949954,0.2807115401299944,0.04292378891796301,4.971131956590687,0.09938664667066126,0.4838135674595274,0.30695883617283126,0.4946535057721431,-0.7500727517554338,-0.7486064401660399,0.05460462142641338,1.8625011571899193,-6.558807915068598,1.150331449279603,0.7120662356238063,-0.06997081519344046,0.12457240302977461,OK,,,,,E>ET,-0.03852356035498237,-0.030641153384767025,-0.010587015481736855,-0.017165915705250643,,,,,,13b not satisfied,,,,,13b not satisfied,,,,,13b not satisfied,,,,,13b not satisfied,,,,,13b not satisfied,2.5401209992577733,-0.6776198420678541,0.010641797343511866,0.04396282408290152,2.965631913874395,-1.1031307566844757,0.01377953474073506,0.04082508668567832,6.904838137934349,-5.04233698074443,0.021762454007042624,0.03284216741937076,4.5981113793995965,-2.735610222209677,0.019143601498929186,0.0354610199274842,,,,,1.0768201913251978,0.7856809658647216,-0.06407070562821623,0.11867532705462962,OK
2025-05-20 01:30:00,0.06835864303724899,0.6309968856139784,0.0028073718337686326,-0.07145412347958904,0.3980489727206801,0.32592662665817257,0.04306826095172129,2.379095807384728,0.11197587252176863,0.404719457799985,0.2911142143860215,0.663537502416344,-0.8115213070638455,-0.9008457974884743,0.04313409086130178,0.4707506405778441,-5.794421356598795,0.39320938627992497,0.07751510148455364,-0.00482990976868696,0.04796160429160756,OK,,,,,E>ET,-0.03592587651714101,-0.029952645724807707,-0.01030410062547055,-0.01696539539250936,-0.031843259636557444,,,,,13b not satisfied,,,,,13b not satisfied,,,,,13b not satisfied,,,,,13b not satisfied,,,,,13b not satisfied,1.1549767662645234,-0.6842261256866793,0.01002096343302953,0.03311312742827225,1.3535633989648441,-0.882812758387,0.01077968927570569,0.03235440158559609,3.6311158966952806,-3.1603652561174362,0.013275467432643726,0.029858623428658054,2.2678899164882784,-1.7971392759104343,0.012429343004985115,0.030704747856316664,1.2826491642060307,-0.8118985236281866,0.01053954157620466,0.03259454928509712,0.3119854097520709,0.15876523082577318,-0.03320429943457181,0.0763383902958736,OK
2025-05-20 02:00:00,0.03284782473728663,1.8743129781266035,0.0032927181662990427,-0.11391000805654238,2.750802155344683,0.2499700346037031,0.019498329341065546,3.4151267665721012,0.09181233583064612,0.32068230519442537,0.2517514401549475,0.635076839209168,-0.7333725436383728,-0.8275509448642905,0.061567104208324425,0.265313117515591,-4.441592508089838,0.24280998979565344,0.022488388102297807,-0.009726246908639491,0.07128993072228569,OK,,,,,E>ET,-0.05067829330110405,-0.03597405609868851,-0.011420543364139796,-0.01858288186682188,-0.04568694292828504,,,,,13b not satisfied,,,,,13b not satisfied,,,,,13b not satisfied,,,,,13b not satisfied,,,,,13b not satisfied,1.933088502307906,-1.6677753847923151,0.03445577256863702,0.027111331639687403,2.6586348253481136,-2.3933217078325226,0.035098854211078744,0.02646824999724568,8.03478624390815,-7.769473126392558,0.036172688445366905,0.025394415762957524,4.99887519220977,-4.733562074694179,0.03585944755128831,0.025707656657036115,2.1270153825634077,-1.8617022650478168,0.03467406650334227,0.026893037704982158,0.1971821396775872,0.06813097783800383,-0.07233793622007258,0.13390504042839702,OK
2025-05-20 02:30:00,0.06003115467943216,1.0503832456882858,0.006269242830943735,-0.06031777305798711,0.43625218883437006,0.2640579333158113,0.024846955274461645,5.048014891062078,0.06804255904295667,0.18051967890970527,0.2997931564213215,0.8510442956263873,-0.7882576092136062,-0.9024525585966459,0.06305571909459748,0.9231862706212182,-4.298473668630048,0.8657422063424229,0.05739254441172972,-0.006537614032687064,0.06958990393379022,OK,,,,,E>ET,-0.0415268835933755,-0.033644636600093175,-0.01046920055338061,-0.017968697871106793,-0.05574470068629637,0.08251465624299509,0.840671614378223,-0.014231745727900324,0.07728746482249783,OK,0.07967224117919422,0.8435140294420239,-0.011569393798474185,0.0746251128930717,OK,0.07120249665217054,0.8519837739690476,-0.003636196085571972,0.06669191518016948,OK,0.07396183351895942,0.8492244371022586,-0.0062207327089487206,0.06927645180354623,OK,0.08759359171857942,0.8355926789026387,-0.018988937538152516,0.08204465663275003,OK,2.724989459074341,-1.801803188453123,0.0305027604015759,0.03255295869302158,3.2365948439784424,-2.3134085733572243,0.03173004107547648,0.031325678019121,9.203220657131942,-8.280034386510724,0.03533850003313027,0.02771721906146721,5.5880210762221125,-4.664834805600894,0.03417081420320655,0.02888490489139093,2.168021458729719,-1.244835188108501,0.028289019553558024,0.034766699541039454,0.7064499271773194,0.2167363434438987,-0.03777190741878048,0.10082762651337797,OK
2025-05-20 03:00:00,0.06255353443948594,-2.1957568896069017,-0.02481365094509313,0.09285328516512889,-0.6199781799919021,0.7706804319542364,0.1472246304492038,11.000195506502834,0.06695656294765473,0.316141516464977,0.6673074396037763,0.9288709864012652,-0.9482800582609173,-0.894782229281036,-0.13735235421476386,-3.8075013886668914,6.91169494177043,,,,,OK,,,,,Q1+Q2<20,-0.0375080919888596,-0.03353566532688482,-0.009929595628163734,-0.01792457078525063,-0.03512323805058961,,,,,13b not satisfied,,,,,13b not satisfied,,,,,13b not satisfied,,,,,13b not satisfied,,,,,13b not satisfied,-2.457311373860693,-1.3501900148061985,0.02064535315034266,-0.15799770736510652,-2.6617388171441245,-1.1457625715227668,0.015664048162518707,-0.15301640237728256,-7.250552279911977,3.4430508912450857,-0.013937261751835503,-0.12341509246292835,-4.342836193012643,0.535334804345752,-0.003911800486874728,-0.13344055372788913,-2.5744924478970876,-1.2330089407698037,0.01765481718106937,-0.15500717139583323,,,,,Not enough points
2025-05-20 03:30:00,0.050011911222885494,-0.7145283773839348,-0.007018964579313334,-0.01420232403751168,0.14898007444187975,0.16718895008334372,0.0686982021389022,8.635352165835606,0.029823732483646524,0.1004681904190263,0.2400460755035734,0.9416108444688612,-0.0256429132203438,0.06000364060638166,-0.03573492977595777,-0.8610810873723825,-0.8488331766837094,-0.8610358460938436,0.0,0.0,-0.03573304820941703,OK,-0.8610810873723825,0.0,0.0,-0.03573492977595777,OK,-0.0602971107897686,-0.0500244103402606,-0.010336477237574398,-0.021845423613250394,-0.07228155551727655,-0.48663728299139636,-0.3744438043809861,0.009204190606319934,-0.0449391203822777,OK,-0.47272821446360247,-0.38835287290877996,0.007919740510072533,-0.0436546702860303,OK,-0.40765683719232604,-0.45342425018005644,0.001910643881349531,-0.0376455736573073,OK,-0.4286675064669365,-0.432413580905446,0.0038509000615580963,-0.039585829837515865,OK,-0.50165534839392,-0.35942573897846253,0.010591052387407233,-0.046325982163365004,OK,-0.7347978235096779,-0.1262832638627046,0.0031041646767317813,-0.03883909445268955,-0.8295616328282069,-0.031519454544175596,0.0006427811364936864,-0.036377710912451455,-2.965261979406313,2.10418089203393,-0.008866619606297473,-0.026868310169660296,-1.5470573127846021,0.6859762254122196,-0.006109026185384621,-0.029625903590573148,-0.6582856938112741,-0.20279539356110843,0.005975689563120751,-0.04171061933907852,,,,,Not enough points
2025-05-20 04:00:00,0.0929314576184698,0.7331100284038131,-0.007551456613135474,-0.01979580137242043,0.06016115793442405,0.4294745933001735,0.0839507416838227,12.708169286169335,0.06752767948821793,0.3421225334480468,0.4213474591485843,0.06368465856391206,0.1479211570310537,-0.756454885519542,0.06812898353428415,-1.7214365856038203,-2.199659663285366,-0.7394543936409074,-0.981886556597046,-0.42924555739442116,0.4973707559851757,Small ratioRP,,,,,E>ET,-0.06747855776530565,-0.05376368510001034,-0.010585911631577334,-0.022643032339099988,-0.076859936857932,-0.08463300968715805,-1.6368035759166621,0.10425058227681647,-0.03612159874253236,OK,-0.06916675752718693,-1.6522698280766335,0.1974623810672962,-0.12933339753301207,OK,,,,,rET < 0,,,,,rET < 0,-0.07425297618919985,-1.6471836094146204,0.08531331818728854,-0.017184334653004434,OK,,,,,,,,,,,,,,,,,,,,,,,,,unrealistic fluxes
2025-05-20 04:30:00,0.04110325781901647,2.134158914929803,0.03661024708936132,0.02260649698701446,-0.35019941501354346,0.41004865259832335,0.13166914171606264,11.092823422564035,0.0644944563889883,0.13678912444761898,0.1700986113070229,-0.5136660770535049,0.6980455981336239,-0.7904927907518261,0.08772088410711212,3.6912754423579894,1.1080357813450488,0.2096255531563203,3.481444818343761,0.12171731108865098,-0.03400130036398928,OK,0.34298425617137474,3.3482911861866147,0.05272742078121341,0.03499346332589871,OK,-0.08073163201672141,-0.0650294462556788,-0.010500194512843166,-0.024914460917504704,,,,,,13a not satisfied,,,,,13a not satisfied,,,,,13a not satisfied,,,,,13a not satisfied,,,,,13a not satisfied,1.127191104282846,2.5640843380751432,-0.08438757164342486,0.172108455750537,1.2413150358359222,2.4499604065220675,-0.0649488661167826,0.15266975022389473,4.288455958345298,-0.5971805159873087,0.0025562623632885417,0.08516462174382358,2.1860619649052304,1.505213477452759,-0.015288048249693487,0.10300893235680561,,,,,,,,,unrealistic fluxes
2025-05-20 05:00:00,0.07529940475735368,0.030016197914981918,0.18278298640725577,0.18042725608319443,-0.8261376549814953,0.5252060647769488,0.30711239928704875,4.031110559502793,0.1420816799759108,0.4431875027108756,0.4755815152408471,0.15659978447241177,-0.2734541281137707,0.37473057428277023,0.002260201836077059,33.76174303701139,16.073946003400774,19.274236709562896,14.485630675057562,-0.007369358234703957,0.009629434504012366,OK,21.45038724809477,12.311355788916622,-0.12020607837314067,0.12246628020921772,OK,-0.07860698891268503,-0.06892211593563283,-0.009957387761589232,-0.02567295561673053,-0.08062869810658244,15.687761281526393,18.073981755485,-0.5791851950515557,0.5814453968876327,Small ratioRP,14.59263434028821,19.169108696723185,-0.5385958140964188,0.5408560159324958,Small ratioRP,3.3876066523071464,30.374136384704247,-0.12329680142922803,0.12555700326530506,Small ratioRP,7.48183966177329,26.279903375238103,-0.2750439433202195,0.2773041451562965,Small ratioRP,15.900767593777532,17.860975443233862,-0.5870799824304855,0.5893401842665625,Small ratioRP,17.069378697052418,16.692364339958974,-0.5349109248257865,0.5371711266618636,17.07437910520194,16.687363931809454,-0.468866054450986,0.47112625628706306,17.314715513693844,16.447027523317548,-0.066762915032696,0.06902311686877306,17.142750508858107,16.618992528153285,-0.1739334111577886,0.17619361299386566,17.06848642114647,16.69325661586492,-0.5486977366882521,0.5509579385243292,18.707402512290265,15.054340524721125,-0.008319240708039657,0.010579442544116717,OK
2025-05-20 05:30:00,0.10828065017891737,-0.05354899252054388,0.07509856529794726,0.18490604889318613,-0.40836985444697255,0.3024794538796347,0.1429402326834897,3.3319080588201926,0.1447873485962923,0.5776326054250832,0.3165879498565911,-0.14747307587588995,0.4541487835013896,-0.4543568600937909,-0.005798319726550475,19.947112785449644,23.63978983580262,7.285546425143362,12.660458187373766,-0.03553459729831436,0.02973659970063755,Small ratioRP,7.165849548898044,12.781263236551599,-0.08390775405472474,0.07810943432817427,OK,-0.039222258508104776,-0.03480015641236159,-0.009950298287169354,-0.018311603003023865,,,,,,13a not satisfied,,,,,13a not satisfied,,,,,13a not satisfied,,,,,13a not satisfied,,,,,13a not satisfied,7.979951983586244,11.9671608018634,-0.19134899085965953,0.18555067113310905,7.9611759906544615,11.985936794795183,-0.17004177546170085,0.16424345573515037,7.545270590688664,12.401842194760981,-0.05030657527446996,0.044508255547919484,7.811220305054785,12.135892480394858,-0.09059422959167274,0.08479590986512227,,,,,9.117698622083967,10.829414163365675,-0.03338202216666413,0.027583702440113666,OK
2025-05-20 06:00:00,0.1132881004507744,0.25568859690175444,0.10394491259901711,0.3234923870723395,-0.6513131839492425,0.38611926275580216,0.15704058822770406,1.9582009186929195,0.17213632900205125,0.32376801505365554,0.4646419380582706,-0.49254594559362835,0.8385667295295738,-0.04224724770099357,0.02896647544992352,28.885845329767417,43.18898188448317,12.548879526061517,16.3353610345209,1.6518035402020042,-1.6228386740007155,Small ratioRP,9.411106423037019,19.474738906730398,-0.019262184341090935,0.048228659791014455,OK,-0.03843134482059591,-0.034144274056108495,-0.009938146380269118,-0.01815005401261193,,,,,,13a not satisfied,,,,,13a not satisfied,,,,,13a not satisfied,,,,,13a not satisfied,,,,,13a not satisfied,13.486574908517554,15.399270421249863,-0.2412615864429909,0.27022806189291443,13.588439392337703,15.297405937429714,-0.2129306240012806,0.24189709945120413,15.81260770378985,13.073237625977567,-0.0529652463069739,0.08193172175689742,14.393137283715951,14.492708046051465,-0.1072333607113125,0.13619983616123602,,,,,,,,,unrealistic fluxes
2025-05-20 06:30:00,0.11516260200499426,-0.010058521168283815,0.06908186317193413,0.23149566830050444,-0.4507109562270281,0.34224147779578123,0.13431923813079039,1.5312629772736948,0.15872992596613295,0.49620169797641633,0.373222741601527,-0.5394620585402503,0.8170169694253736,-0.11597551974689789,-0.001158365470061879,19.515202371213356,31.397909821803133,8.148895920501847,11.365222272801997,-0.004286229126968677,0.0031279280105440204,OK,6.450143824306859,13.065058546906496,-0.026506564605525258,0.02534819913546338,OK,-0.03372847712358469,-0.030101612924232475,-0.009923301749194676,-0.017053989623570562,,,,,,13a not satisfied,,,,,13a not satisfied,,,,,13a not satisfied,,,,,13a not satisfied,,,,,13a not satisfied,9.629794928914395,9.88540744229896,-0.13592325265996505,0.13476488718990318,9.624764433055045,9.89043793815831,-0.12136899081352844,0.12021062534346656,9.529637202888651,9.985565168324705,-0.04039534296841987,0.03923697749835799,9.588972788873301,9.926229582340055,-0.06901011671357782,0.06785175124351595,,,,,7.083055547435742,12.43214682377761,-0.003372079282928585,0.0022137138128667058,OK
2025-05-20 07:00:00,0.10223926980147302,-0.44151871983441904,0.1605699801132223,0.47199483125863634,-1.1621768553032816,0.5687870539736232,0.2521900309773936,3.5491851498613203,0.18656672087247803,0.41990027253268425,0.5198555525052502,0.17577570895137726,0.19083387640309024,-0.6310260121207649,-0.045140551519552145,40.269815593648026,56.65185410497428,17.920382990090662,22.347195391579934,-0.3716748976759,0.3265368539647658,Small ratioRP,19.04479539593967,21.225020197708357,-0.17256286734236714,0.127422315822815,OK,-0.03373956166669214,-0.031034349378636916,-0.009756915914771664,-0.017326565781528722,-0.035862235763510664,17.104771819290356,23.165043774357667,-0.3186214524812711,0.27348090096171895,Small ratioRP,16.212778829012397,24.057036764635626,-0.30435975701932877,0.2592192054997766,Small ratioRP,5.761481611360035,34.508333982287986,-0.13725842357278492,0.09211787205323277,OK,10.38096888424925,29.888846709398774,-0.21111743524028792,0.16597688372073577,OK,17.759678496508954,22.51013709713907,-0.3290924760075612,0.28395192448800904,Small ratioRP,17.650431341010584,22.619384252637442,-0.3111162290478866,0.26597567752833445,17.513916737577592,22.755898856070434,-0.28789829413950824,0.24275774261995609,13.80092591918331,26.468889674464716,-0.105281178520636,0.06014062700108385,16.166903249904166,24.10291234374386,-0.17024895892796515,0.125108407408413,17.743128487251898,22.52668710639613,-0.3293344329312734,0.28419388141172125,22.81839914083734,17.45141645281068,-0.22250544663893432,0.17736489511938214,OK
2025-05-20 07:30:00,0.1108078746296265,0.3400530462268399,0.19232347636519534,0.8105286171065048,-1.6914821629638312,0.73678917983042,0.23852296416594912,2.5507609988456528,0.2237036156942459,0.5638627645497301,0.7092651622442342,-0.3482854926515784,0.6538308059736169,0.17625179207540295,0.037680555313726265,52.27577422762305,104.97971830287065,25.049304024045423,27.223565993898312,-0.3504305518736826,0.3881090138232247,Small ratioRP,21.10050287841024,31.175271349212814,-0.05311035584039845,0.09079091115412471,OK,-0.026402641899670197,-0.02403663923383142,-0.009803569473001823,-0.0152810105871373,,,,,,13a not satisfied,,,,,13a not satisfied,,,,,13a not satisfied,,,,,13a not satisfied,,,,,13a not satisfied,25.310967119716828,26.964807107906225,-0.2902332433606724,0.3279137986743987,25.46734158405249,26.808432643570562,-0.2626924679486241,0.3003730232623504,28.00079158666864,24.274982640954413,-0.09701650174337945,0.13469705705710572,26.467187892983244,25.80858633463981,-0.16077508398641574,0.198455639300142,,,,,,,,,unrealistic fluxes
2025-05-20 08:00:00,0.14210463181022795,-0.36030447704985147,0.13312190447397385,0.5265056402292931,-0.6668489474680331,0.600735075045788,0.2052529153337596,2.334899188699705,0.2146537559475891,0.577371907018086,0.7372148352814867,-0.44701457960028645,0.7598060029235205,-0.20704350160742177,-0.05120093505074587,46.403987809481904,87.30581338450382,13.199412111107895,33.201997699051255,-0.09437122363853663,0.04317313308418244,OK,11.909979861463682,34.49400794801822,-0.10884009506042128,0.057639160009675415,OK,-0.022342038044369135,-0.02072935141483396,-0.00972015118928764,-0.014207372749547031,,,,,,13a not satisfied,,,,,13a not satisfied,,,,,13a not satisfied,,,,,13a not satisfied,,,,,13a not satisfied,18.961920411508142,27.442067397973762,-0.2499436256916721,0.19874269064092623,18.75857911438294,27.645408695098965,-0.2336206244791736,0.1824196894284277,15.567914605085061,30.836073204396843,-0.12218968350211112,0.07098874845136526,17.46538419355971,28.938603615922194,-0.1676076349053389,0.11640669985459302,,,,,17.97074967534454,28.43323813413737,-0.18951698012474275,0.1383160450739969,OK
2025-05-20 08:30:00,0.183026191783958,-0.30983091654368583,0.14634212742699326,0.6042658136372314,-0.46006754242119535,0.9010451641901418,0.24613302814007224,3.3751035660785194,0.24292925713244878,0.8566308391886626,0.7982723376489701,-0.35879297192768944,0.7764742656140036,-0.46356076541134883,-0.05670717275192412,65.70223691412853,128.68028070660176,18.120345055495147,47.57824173436039,-0.10912928634444459,0.05242526399100671,OK,17.00187981607943,48.7003570980491,-0.14929917602067647,0.09259200326875235,OK,-0.02041074789875681,-0.01906927756337703,-0.009680930027306174,-0.013641387159569791,,,,,,13a not satisfied,,,,,13a not satisfied,,,,,13a not satisfied,,,,,13a not satisfied,,,,,13a not satisfied,26.040481394911197,39.66175551921734,-0.330014713870718,0.2733075411187939,25.828473255184775,39.87376365894376,-0.30997303983240715,0.25326586708048304,22.700216022627103,43.00202089150143,-0.16971037720480375,0.11300320445287965,24.544952441079086,41.157284473049444,-0.2288799233320089,0.17217275058008477,,,,,27.679314019249293,38.02292289487924,-0.23577703804860026,0.17906986529667615,OK
2025-05-20 09:00:00,0.1013092753878007,-0.4601428657361683,0.21440547861194947,1.3737427217864726,-3.406644615820778,0.9109168056522504,0.21368670755697966,2.2738820147075374,0.2763274877918699,0.9960336587454933,0.9772584778799646,-0.5578961771056652,0.7536541057934425,-0.30723928600981987,-0.04661674030259728,53.2822598005425,161.58832529902577,10.81701190667349,42.4622877683245,-0.06470879962603883,0.01809464914234721,OK,10.955163165660474,42.327096634882025,-0.08428549641989463,0.03766875611729736,OK,-0.018465217852626056,-0.017443985099382896,-0.009627912228185502,-0.01305912503881355,,,,,,13a not satisfied,,,,,13a not satisfied,,,,,13a not satisfied,,,,,13a not satisfied,,,,,13a not satisfied,22.44817276086491,30.834087039677588,-0.23210686281063195,0.18549012250803468,22.27534199202936,31.006917808513137,-0.22049906735813019,0.17388232705553291,19.738419260296954,33.54384054024554,-0.13165803200886045,0.08504129170626318,21.22605951523949,32.05620028530301,-0.17065875572565126,0.12404201542305399,,,,,19.63142645229718,33.650833348245314,-0.10914908976476624,0.06253234946216896,OK
2025-05-20 09:30:00,0.1289719267489767,-0.5528622284531454,0.12277853761417352,0.49875805650195176,-0.7624553948873781,0.5973151998375609,0.3370446323574153,2.4339964021280687,0.2404033463715346,0.8287045690420525,0.9070434485132368,-0.44542797319886895,0.4221376171250861,-0.4446101558915194,-0.07130370683033509,38.84321712450666,74.62313679454971,9.446196123135016,29.394863044864728,-0.10986456268306169,0.038564817169772767,OK,15.551458521763985,23.291758602742675,-0.12698018629544755,0.05567647946511246,OK,-0.015965026090387174,-0.015411177953117356,-0.0095391311367103,-0.012284128960524483,-0.019479127521526918,9.839286079147955,29.0039310453587,-0.18876824943453852,0.11746454260420346,OK,9.47988439430911,29.36333273019754,-0.18447759722856077,0.1131738903982257,OK,5.03872370590957,33.80449341859708,-0.13145760119447952,0.060153894364144464,OK,7.27100369264518,31.572213431861474,-0.15810727328421925,0.08680356645388418,OK,11.929416501766369,26.913800622740286,-0.21372089458593987,0.14241718775560477,OK,13.328543796052717,25.51467332845394,-0.16605887703892086,0.09475517020858577,13.140366294276362,25.702850830230297,-0.16148031310522182,0.09017660627488674,9.801282467316742,29.041934657189916,-0.11293714763909753,0.04163344080876244,11.759546671198104,27.083670453308557,-0.13562955587965303,0.06432584904931793,14.273164862040383,24.570052262466277,-0.1951093278561603,0.12380562102582524,16.200766745048497,22.642450379458154,-0.5238766379506419,0.4525729311203068,OK
2025-05-20 10:00:00,0.1437035464637435,-0.18313938664688767,0.10596384874554732,0.43419216788036225,-0.5339686357522282,0.5309448001941984,0.24394828989984735,2.415007387037834,0.2194778570647444,0.5567971907377368,0.705272697376168,-0.8254852476874572,0.5518902316992995,-0.15637802829048794,-0.02631777935835251,37.35276525370802,72.27531519697868,4.847566149762102,32.50312395032072,-0.03315408625494975,0.006837768995450464,OK,5.06340775352711,32.28935750018091,-0.04834974154214601,0.022031962183793503,OK,-0.01447306875602083,-0.013859989423680654,-0.009572062419538337,-0.011658269121184674,,,,,,13a not satisfied,,,,,13a not satisfied,,,,,13a not satisfied,,,,,13a not satisfied,,,,,13a not satisfied,13.803671241751132,23.54909401195689,-0.13894319477254405,0.11262541541419153,13.720869185823966,23.631896067884057,-0.1335254095240088,0.10720763016565628,12.84522648624435,24.50753876746367,-0.09563297628675821,0.0693151969284057,13.351710458195663,24.00105479551236,-0.1140687957596344,0.08775101640128188,,,,,9.81368760002903,27.53907765367899,-0.04385187732507429,0.01753409796672178,OK
2025-05-20 10:30:00,0.10533778394626762,-0.2690895751031899,0.13196838335310124,0.4971114399438954,-1.1372679219962307,0.4923994732820141,0.30015690412355894,2.8713049404758393,0.20217849053684156,0.6666261392790357,0.7293695075307304,-0.8620581298927356,0.4996153674509387,-0.1967770912547954,-0.028345299524412778,34.0997835519588,60.62035129349435,4.51041864567902,29.58747047386021,-0.032461843429863725,0.004118118644313435,OK,5.933707692183606,28.166075859775194,-0.04504099800595762,0.01669569848154484,OK,-0.014190692792617891,-0.013629630790232517,-0.00955583492499818,-0.01156271286084741,,,,,,13a not satisfied,,,,,13a not satisfied,,,,,13a not satisfied,,,,,13a not satisfied,,,,,13a not satisfied,15.937320648732396,18.162462903226405,-0.10507049792784535,0.07672519840343257,15.827234188543985,18.272549363414818,-0.10152796633495395,0.07318266681054117,14.64021627643835,19.45956727552045,-0.07580612009652261,0.04746082057210983,15.32950840386562,18.77027514809318,-0.08847749769934832,0.060132198174935536,,,,,8.731923583992893,25.3678599679659,-0.04137241539589543,0.013027115871482656,OK
2025-05-20 11:00:00,0.04629088545914297,-3.0100728516629323,0.4943873951463011,1.4043133273609474,-16.618410981068074,0.5955678734475882,0.28268510758254906,2.5388817033764144,0.2203614863550303,0.8363292021316686,0.7779961799479291,-0.8922140605641258,0.7522889644611807,-0.5091656787493811,-0.13933893760000465,56.138451079689105,75.17564075851321,3.248186491601345,52.88714578525003,-0.1492144372125995,0.009883240664683768,OK,3.8840552276796525,52.25439585200945,-0.1519193552535651,0.01258041765356043,OK,-0.018019899325806308,-0.018768073224464752,-0.009189824812549194,-0.013544442625271384,,,,,,13a not satisfied,,,,,13a not satisfied,,,,,13a not satisfied,,,,,13a not satisfied,,,,,13a not satisfied,17.883866540757566,38.25458453893154,-0.2810206939021985,0.14168175630219385,18.247666098339923,37.890784981349185,-0.2899050253006159,0.15056608770061128,9.115141771386483,47.02330930830262,-0.17616631661215448,0.03682737901214984,14.868392982325863,41.27005809736324,-0.2278760432292512,0.08853710562924656,,,,,14.639404256453117,41.499046823236,-0.22705511792548633,0.08771618032548167,OK
2025-05-20 11:30:00,0.11950313163473131,-0.3287775254200329,0.12314530723084724,0.5457065987919795,-0.9676346456713774,0.6097224250714455,0.1995818077210782,1.8880796365332153,0.22436712182694718,0.8670904013074164,0.880898191840035,-0.8191399012038951,0.7650680289844385,-0.36530184080729433,-0.039289943898811415,36.09896090708867,75.29419591156255,3.782206878175005,32.31474853108548,-0.046033959030289714,0.0067461979061393465,OK,4.201807916617378,31.89715299047129,-0.054300599037127056,0.015010655138315641,OK,-0.013920173084149317,-0.013465801362179572,-0.009519089671682334,-0.011503130766097436,,,,,,13a not satisfied,,,,,13a not satisfied,,,,,13a not satisfied,,,,,13a not satisfied,,,,,13a not satisfied,12.954765176169339,23.14419573091933,-0.13133763166238352,0.09204768776357211,12.85102970613398,23.24793120095469,-0.1276200667075714,0.08833012280875997,11.533378076291438,24.56558283079723,-0.09532897912902522,0.05603903523021379,12.308789172728115,23.790171734360552,-0.11156194717010373,0.07227200327129231,,,,,9.458202008814823,26.640758898273845,-0.07520276519119193,0.03591282129238051,OK
2025-05-20 12:00:00,0.3081317589068393,0.18173141919550168,0.048323904245742885,0.33792846828188927,-0.0899116345161355,0.980092941684737,0.25827133315698425,2.299059737017809,0.25710956261701656,1.05358656872748,1.1766946725809349,-0.7608100655903143,0.8375510341842347,-0.38896931878873353,0.05599722184534607,36.525487939429226,119.91147722162067,7.9536086055913735,28.569850140063433,0.08025815497061832,-0.02426404408204146,OK,9.632301085057549,26.893186854371677,0.028853846882927362,0.02714337496241871,OK,-0.012716887615044834,-0.012155056060816677,-0.009572228375227898,-0.01094305387628282,,,,,,13a not satisfied,,,,,13a not satisfied,,,,,13a not satisfied,,,,,13a not satisfied,,,,,13a not satisfied,22.68823136902766,13.837256570401568,-0.0717353594400071,0.12773258128535317,22.92757635468564,13.597911584743585,-0.06738009687019438,0.12337731871554045,24.389354353945574,12.136133585483652,-0.047358272430706394,0.10335549427605246,23.527593837779992,12.997894101649234,-0.057984775961095095,0.11398199780644117,,,,,,,,,unrealistic fluxes
2025-05-20 12:30:00,0.23789114851912008,-0.5155613271384814,0.14639025889441026,0.8703098021396496,-0.3870299245107622,1.3467396520587214,0.3669977439166563,3.1862631320171584,0.3193872977895221,0.9587332216977814,1.2878958425312723,-0.8487532966376039,0.7014277279790577,-0.3705853787788134,-0.12264747624501512,85.42559455044756,237.4835839587998,12.411714426748043,73.0091342573356,-0.14565378151993869,0.02301311902360389,OK,12.244833729181284,73.18076082126628,-0.15763800133441516,0.03499052508940003,OK,-0.012145552167231129,-0.0118370865655883,-0.009468902720649644,-0.010809338218730553,,,,,,13a not satisfied,,,,,13a not satisfied,,,,,13a not satisfied,,,,,13a not satisfied,,,,,13a not satisfied,31.437284274316205,53.98831027613135,-0.26731261266996076,0.14466513642494563,31.10271947793558,54.32287507251198,-0.2621380247553864,0.13949054851037127,27.808090426027793,57.61750412441977,-0.22241114617234414,0.09976366992732902,29.850217427983175,55.57537712246438,-0.24489728819821355,0.12224981195319842,,,,,24.448823434077564,60.97677111636999,-0.1830985187770615,0.06045104253204635,OK
2025-05-20 13:00:00,0.28584322743224083,0.16499415229931924,0.04971671651639826,0.4494130493880379,-0.13860838417370433,0.988749147953772,0.24992465483258142,2.827542022579506,0.3042962501153872,1.1012101633003584,1.2767286606667436,-0.618250503264629,0.6249196925149358,-0.32239848291104417,0.04716246100068409,34.86004099075277,147.5291782366233,8.559035656783944,26.299068665024887,0.08467573768365333,-0.037515896819691474,OK,11.563505996912667,23.296534993840105,-0.005824771904833367,0.052987232905517455,OK,-0.01145707946365586,-0.010767095991119656,-0.009640956992199454,-0.010311261611137752,,,,,,13a not satisfied,,,,,13a not satisfied,,,,,13a not satisfied,,,,,13a not satisfied,,,,,13a not satisfied,19.038923237004873,15.821117753747899,-0.07389474248208158,0.12105720348276566,19.312953559609667,15.547087431143105,-0.06824173777148293,0.11540419877216702,19.844456550035293,15.015584440717479,-0.05901532972103402,0.10617779072171811,19.51410777174394,15.345933219008831,-0.06450710643630223,0.11166956743698632,,,,,,,,,unrealistic fluxes
2025-05-20 13:30:00,0.2885647153833163,-0.03485298313917844,0.03870955344196264,0.3137983634920227,-0.09495058738849503,0.8113943301351684,0.28324925894029923,2.742328089203125,0.28468272493891933,0.9939088591988896,1.3137907701013731,-0.8587705349311695,0.6009120546067558,-0.3441609760789731,-0.010057341159816548,27.40052824922308,103.93941789822088,2.243659875888982,25.155346121764705,-0.01142595757751955,0.001369175158878545,OK,4.574402901377943,22.826125347845135,-0.03194653039366807,0.021889189233851525,OK,-0.01126892243388104,-0.010736127162262165,-0.009577446335834676,-0.010297177694703733,,,,,,13a not satisfied,,,,,13a not satisfied,,,,,13a not satisfied,,,,,13a not satisfied,,,,,13a not satisfied,10.757924623719381,16.642603625503696,-0.07645503846458561,0.06639769730476906,10.711564461544697,16.688963787678382,-0.07304314611940625,0.0629858049595897,10.592938139004389,16.80759011021869,-0.06562323372006733,0.055565892560250775,10.669765711629426,16.730762537593655,-0.07023221965654064,0.060174878496724094,,,,,7.289390127174225,20.111138122048853,-0.017080455257370245,0.007023114097553697,OK
2025-05-20 14:00:00,0.21855756593819653,-0.2295079812811481,0.05367111755375985,0.2885834832379932,-0.1524489338399288,0.6030520021301495,0.21954293476408426,2.0393423339195222,0.27446052184115705,0.7885109566389932,0.7944545085329591,-0.8262948768813632,0.5253814515397613,-0.2971553649256073,-0.0501607057521969,28.77425128008598,72.49044806855942,4.086496434572438,24.686156275997995,-0.05951832197782191,0.009360402931500107,OK,6.34444896299205,22.42980231709393,-0.0725963798556753,0.022435674103478395,OK,-0.011882041013847188,-0.011465304360128062,-0.009520727039655834,-0.01063323624693286,,,,,,13a not satisfied,,,,,13a not satisfied,,,,,13a not satisfied,,,,,13a not satisfied,,,,,13a not satisfied,9.445285325458032,19.328965954627947,-0.093627218193292,0.0434665124410951,9.25226607495665,19.521985205129333,-0.0912456184634019,0.041084912711205,8.128217513585382,20.6460337665006,-0.0801325935354136,0.02997188778321671,8.821617129591083,19.952634150494898,-0.08649044951929587,0.036329743767098965,,,,,8.584399691135452,20.18985158895053,-0.08501397219387233,0.03485326644167543,OK
2025-05-20 14:30:00,0.2080587793323433,0.026226264901982176,0.026527561587066293,0.16241419262441661,-0.09476846946082855,0.39290228592870724,0.22991593956980994,2.094842128238451,0.2395083913312653,0.7085759032933207,0.6708432240019918,-0.8598643932899849,0.495240642214266,-0.13372277624482318,0.005456604661953089,13.538823478295408,38.8727065744939,1.584452894752134,11.953618426683363,0.006326913424995617,-0.0008706119077459647,OK,3.585894695213613,9.952928783081795,-0.006808011819574063,0.012264616481527152,OK,-0.01194499769133944,-0.01141578539577415,-0.009566602693136587,-0.0106079066899692,,,,,,13a not satisfied,,,,,13a not satisfied,,,,,13a not satisfied,,,,,13a not satisfied,,,,,13a not satisfied,7.192555371466292,6.346268106829116,-0.03090344797582344,0.03636005263777653,7.218042780788102,6.320780697507305,-0.02941568527374441,0.0348722899356975,7.329242559362641,6.209580918932766,-0.02421711925899379,0.02967372392094688,7.261855308306498,6.276968169988909,-0.02714451391893562,0.03260111858088871,,,,,,,,,unrealistic fluxes
2025-05-20 15:00:00,0.2381215496271602,-0.1827432955062952,0.052052376069025186,0.13398252130108612,-0.05970920831769255,0.3588227016950519,0.23407064397881797,2.1045182380829,0.2428396994690277,0.7442634266654675,0.9655696189304692,-0.8630323417472615,0.5915605111674211,-0.23250554288495456,-0.04351511670993308,30.404425883117366,36.706858430591694,2.8656064409498203,27.537130307396254,-0.05038126746814104,0.006868568264691837,OK,3.985396878788311,26.419029004329055,-0.056387305137395885,0.012872188427462804,OK,-0.012065401265635654,-0.011565757294112978,-0.00954826416097274,-0.010674403985408948,,,,,,13a not satisfied,,,,,13a not satisfied,,,,,13a not satisfied,,,,,13a not satisfied,,,,,13a not satisfied,9.331879017006045,21.07254686611132,-0.1036480773047477,0.06013296059481463,9.166433628421506,21.23799225469586,-0.10013594122791014,0.05662082451797706,8.322276242746266,22.0821496403711,-0.08595442234341312,0.04243930563348004,8.832821346552693,21.57160453656467,-0.09387037156003734,0.05035525485010427,,,,,7.683392946838082,22.721032936279286,-0.06642362676875602,0.02290851005882294,OK
2025-05-20 15:30:00,0.1443744810042167,0.03259098337764136,0.04361889316269247,0.12786572035129878,-0.1551306788924802,0.24630590357647716,0.20075205254175293,1.3152105153171656,0.19936856814281037,0.8082647401497954,0.7255662304278823,-0.7378126161330957,0.31983214852273234,0.14250433129761708,0.004705306310564025,15.447657267925177,21.253599498851248,3.3338705407951252,12.112928523948495,0.008608203335151868,-0.003903158430493986,OK,4.958958208438105,10.488699059487072,-0.012449795183637015,0.01715510149420104,OK,-0.012439638429474688,-0.011803139211766506,-0.00959484605092337,-0.010780564053411169,,,,,,13a not satisfied,,,,,13a not satisfied,,,,,13a not satisfied,,,,,13a not satisfied,,,,,13a not satisfied,6.1854609092605,9.262196358664678,-0.04697039289220776,0.051675699202771784,6.204360628188839,9.243296639736338,-0.04447611782081596,0.049181424131379985,6.289373354732038,9.158283913193138,-0.03582239063910975,0.04052769694967377,6.239396988377264,9.208260279547913,-0.040468911440745256,0.04517421775130928,,,,,,,,,unrealistic fluxes
2025-05-20 16:00:00,0.208698006229236,-0.07979371854274196,0.042250323401968666,0.10686831419907111,-0.062006916920495876,0.3170238495165416,0.21375594360192848,1.7486271621003322,0.1931510482143524,0.5569380508741121,0.8154644096756513,-0.7811084838064519,0.5468157780199095,-0.15244409482695184,-0.016652789969487068,21.62947040327126,25.657593872235477,3.8058490560684506,17.82241970995819,-0.023287927635914522,0.0066360628214257545,OK,5.215353232474405,16.414117170796853,-0.03118723383592344,0.014534443866436372,OK,-0.012020607520448867,-0.01147513082439465,-0.00956586503922404,-0.01063282551988022,,,,,,13a not satisfied,,,,,13a not satisfied,,,,,13a not satisfied,,,,,13a not satisfied,,,,,13a not satisfied,7.8097109232318,13.819759480039458,-0.06772193425868604,0.051069144289198974,7.740512462773474,13.888957940497786,-0.06497252726527802,0.04831973729579095,7.436151612292134,14.193318790979125,-0.055349112112999956,0.03869632214351289,7.619712306317486,14.009758096953774,-0.060726992833525756,0.04407420286403869,,,,,6.915155394100515,14.714315009170743,-0.030705779883557573,0.014052989914070503,OK
2025-05-20 16:30:00,0.1344618400940782,0.3363172394534842,0.03499927609746451,0.1451938661821341,-0.2029982290342224,0.25966403279091765,0.249324489611276,2.740856169494993,0.15937418306594225,0.5827316293411418,0.4114344684476891,-0.8010573979199616,0.24300328696423062,0.0989044956122063,0.0452218348722762,11.543982512961204,22.46468302671436,3.578306449891642,7.965034730707727,0.09382693271889142,-0.04860761017077477,OK,5.919617272188669,5.624365240772535,0.021225019414766292,0.023996815457509906,OK,-0.012292141935837863,-0.011561805705567207,-0.009633240151584099,-0.010672313251310309,,,,,,13a not satisfied,,,,,13a not satisfied,,,,,13a not satisfied,,,,,13a not satisfied,,,,,13a not satisfied,9.552679210734638,1.9913033022265658,-0.00997854986884289,0.05520038474111909,9.817431955205228,1.726550557755976,-0.008137807619084093,0.05335964249136029,10.709518954014609,0.8344635589465952,-0.0032770435634236136,0.04849887843569981,10.188820834928258,1.355161678032946,-0.0058959274089437075,0.051117762281219906,,,,,,,,,unrealistic fluxes
2025-05-20 17:00:00,0.13059025965874266,0.1586791397495427,0.04301166470627741,0.12823996469435756,-0.19006571533137373,0.41480844541816114,0.3739191414977558,3.5683465603144757,0.1561351952220116,0.528274428496854,0.5833449290396673,-0.0785254829576997,-0.33109247987676016,-0.4324032211166323,0.020721950062318695,13.778266646138526,19.268025603940647,9.062588611587268,4.714912575293149,0.164845345597946,-0.1441245467550751,Small ratioRP,,,,,E>ET,-0.012626491463141515,-0.011917142186858479,-0.009616243671419162,-0.010834255041450731,,,,,,13a not satisfied,,,,,13a not satisfied,,,,,13a not satisfied,,,,,13a not satisfied,,,,,13a not satisfied,12.237563511493988,1.540703134644538,-0.00793056460530965,0.028652514667628345,12.402270018114715,1.3759966280238114,-0.006684854245738919,0.027406804308057614,13.103766213166697,0.6745004329718292,-0.002644174692187036,0.02336612475450573,12.695303644107371,1.0829630020311551,-0.004783162398883253,0.025505112461201948,,,,,,,,,unrealistic fluxes
2025-05-20 17:30:00,0.09020637558049914,0.20585265106793316,0.03752396388672234,0.02765441672094431,-0.08610286528351571,0.21541231008016723,0.23472078275620634,1.0698508089959677,0.11086708810850439,0.3521700666449214,0.2667343439900027,-0.020686110915755927,-0.26004270386990785,-0.08883125144273377,0.018569221556475415,8.30316161244407,2.876895950463262,4.119373972199527,4.183326353488301,-0.0209062203856872,0.03947441031874282,OK,,,,,E>ET,-0.013913100645510736,-0.013072880579652155,-0.009640242997674927,-0.011335896356822351,,,,,,13a not satisfied,,,,,13a not satisfied,,,,,13a not satisfied,,,,,13a not satisfied,,,,,13a not satisfied,3.968177789634035,4.334983822810035,-0.024587470943096993,0.04315669249957241,4.040302039936123,4.262859572507947,-0.022718244647053975,0.04128746620352939,4.465559716018943,3.8376018964251273,-0.01508170192004744,0.033650923476522855,4.223302506450931,4.079859105993139,-0.018853999174878167,0.03742322073135358,,,,,3.8035693723528894,4.499592240091182,-0.0739372936560287,0.0925065152125041,OK
2025-05-20 18:00:00,0.07413230507941009,0.5632552911457827,0.028206557283853868,0.0048187030404619165,-0.022252277413377177,0.265695905853906,0.23884260610711114,5.351337037467462,0.11277702541486424,0.3332993493526812,0.2367513142617746,0.22837108546729287,-0.5510217569423833,-0.8136961746296613,0.041755413080811106,5.129264970355374,0.41262735397583156,2.135093736245419,2.9938862749449364,-0.049279417213971825,0.09103251054961177,OK,,,,,E>ET,-0.015124100001737136,-0.013659424600189568,-0.009829220392683833,-0.011580235264447972,,,,,,13b not satisfied,,,,,13b not satisfied,,,,,13b not satisfied,,,,,13b not satisfied,,,,,13b not satisfied,3.3149463018780834,1.8143186684772905,-0.011186276794565478,0.052941689875376584,3.5172107627427,1.6120542076126738,-0.008976654260213476,0.05073206734102458,4.331072422237914,0.7981925481174601,-0.0031983736124110845,0.04495378669322219,3.8922048240675977,1.2370601462877762,-0.005839970456699907,0.04759538353751101,,,,,2.780928929523889,2.3483360408314846,-0.08128446098767651,0.12303987406848764,OK
2025-05-20 18:30:00,0.04844023409213684,0.7767345728214866,0.02155716739258338,-0.01336853911316948,0.14495292066104323,0.3161370143527453,0.23187136480602857,8.489205892590299,0.0808865271901002,0.2344940947816117,0.15649571064134019,0.9317170585436795,-0.8512728602234538,-0.9359780007232703,0.03762520453492872,2.5615065781118695,-0.7499347403628518,2.403208129972351,0.1581559241302534,-0.001825153876737694,0.039448268536156565,OK,,,,,E>ET,-0.017860116161938472,-0.015287323040356493,-0.010111359332362797,-0.0122378844874586,,,,,,13b not satisfied,,,,,13b not satisfied,,,,,13b not satisfied,,,,,13b not satisfied,,,,,13b not satisfied,3.19069390326874,-0.6291873251568703,0.004581067556021633,0.03304413697890709,3.5497143938139346,-0.9882078157020651,0.00615860257221465,0.03146660196271407,4.825507724072452,-2.264001145960582,0.009332298864936237,0.028292905669992485,4.170743830611503,-1.6092372524996335,0.008028397720752447,0.029596806814176275,,,,,2.068527436621961,0.4929791414899087,-0.010459006996138057,0.048084211531066776,OK
2025-05-20 19:00:00,0.028096127491228085,-0.40508130332639514,0.0028061178647606085,0.02425292976360364,-0.7838598870608741,0.4203836545590111,0.2924945425353748,12.143978011951168,0.06645924375376307,0.1746389455268719,0.17126419068795962,0.9746277068734176,-0.8146423083885462,-0.8479854291905317,-0.011381215942571233,0.19339708408098183,0.7913199288915653,0.19338633979853306,0.0,0.0,-0.01138058365279667,OK,0.19339708408098183,0.0,0.0,-0.011381215942571233,OK,-0.019093477409632114,-0.016529539082179162,-0.010057565330602203,-0.012711705474325137,-0.0219176229251487,0.07648862481296653,0.11690845926801528,0.024160116907605278,-0.03554133285017654,OK,0.07725419386614897,0.11614289021483283,0.01552525364511559,-0.026906469587686853,OK,0.07898361506712795,0.11441346901385387,0.005735597018502132,-0.017116812961073397,OK,0.07831321322485409,0.11508387085612773,0.008636541281579981,-0.020017757224151243,OK,0.07560071300980345,0.11779637107117837,0.0449687941539567,-0.056350010096527965,OK,,,,,,,,,,,,,,,,,,,,,,,,,Not enough points
2025-05-20 19:30:00,0.041792685877287704,1.6231956828575802,0.032372141122300316,0.041430016264501116,-0.6057649265563105,0.5050189358745412,0.25976786993659945,12.479211765152465,0.07677582749184073,0.2203610940918422,0.26027768562170145,0.9618798805103304,-0.7879511967092414,-0.6665590806805397,0.06783770729103636,3.3187096326691345,2.0126804069350688,3.3185252599117647,0.0,0.0,0.06783393852952016,OK,3.3187096326691345,0.0,0.0,0.06783770729103636,OK,-0.023486470421576873,-0.018830904909395353,-0.010498872873322398,-0.013559263312490332,-0.010032157182074857,,,,,13b not satisfied,,,,,13b not satisfied,,,,,13b not satisfied,,,,,13b not satisfied,,,,,13b not satisfied,4.53688050756458,-1.2181708748954452,0.011663487248943442,0.056174220042092916,5.300740502767363,-1.9820308700982285,0.01521542390636195,0.05262228338467441,8.358950705395328,-5.040241072726193,0.021572299336914152,0.046265407954122206,6.798937286645329,-3.4802276539761947,0.019237392233050828,0.04860031505798553,8.680498597122583,-5.3617889644534475,0.021928377361806507,0.04590932992922985,,,,,Not enough points
2025-05-20 20:00:00,0.03702743258607561,-0.259409350091689,-0.008588017269740221,0.04371474655727364,-0.8156194228622132,0.5210354497379426,0.2784980106719594,11.991270929171053,0.07295541673015538,0.196741622638165,0.14470441498252584,0.9891502381958561,-0.8404506611089577,-0.8060260806640835,-0.0096052622227177,-0.7800349414247401,1.8847924106249505,-0.7799916061502178,0.0,0.0,-0.009604728597038634,OK,-0.7800349414247401,0.0,0.0,-0.0096052622227177,OK,-0.021265428674780255,-0.018121308209484006,-0.010149045935970238,-0.01329540024894024,-0.024105161363030782,-0.598477163057288,-0.181557778367452,0.0015739518900222628,-0.011179214112739934,OK,-0.589549699016563,-0.19048524240817713,0.00140719192296651,-0.011012454145684181,OK,-0.5624171891005808,-0.21761775232415925,0.0009003720199023585,-0.01050563424262003,OK,-0.5739995353249612,-0.20603540609977877,0.0011167236810230333,-0.010721985903740704,OK,-0.6058503426164507,-0.1741845988082893,0.0017116787041290631,-0.011316940926846734,OK,-0.9398462821842102,0.15981134075947012,-0.0013854287274119546,-0.008219833495305745,-1.035542163435991,0.25550722201125087,-0.0018875357194516641,-0.007717726503266036,-1.5439644389947862,0.7639294975700461,-0.0031606830667268897,-0.00644457915599081,-1.2704761397517252,0.4904411983269852,-0.0026582193356409108,-0.006947042887076789,-0.8748705722636757,0.09483563083893565,-0.000931931587581477,-0.008673330635136223,,,,,Not enough points
2025-05-20 20:30:00,0.04643204644018017,1.5733079738817113,0.037302031308034875,0.002359464001441967,-0.027996787527663457,0.5997764771626931,0.3004566025791517,15.062821251867456,0.07793109153394633,0.24214804252252334,0.20158787841696796,0.9905380491177666,-0.9224311308139931,-0.9007377673055745,0.07305190890798138,4.248619671468962,0.127590406717401,4.2483836370427674,0.0,0.0,0.07304785046859759,OK,4.248619671468962,0.0,0.0,0.07305190890798138,OK,-0.026488954546501416,-0.02104793259653254,-0.010557667619684238,-0.014322489134088864,-0.028258869424772494,3.5372814911820427,0.7113381802869189,-0.007681453210277709,0.08073336211825909,OK,3.4870387391815214,0.7615809322874405,-0.006534734663510174,0.07958664357149156,OK,3.36697979963617,0.8816398718327915,-0.0037945620575098333,0.07684647096549121,OK,3.414188998884085,0.8344306725848766,-0.004872044126069039,0.07792395303405042,OK,3.552226081850578,0.6963935896183838,-0.008022541996442931,0.0810744509044243,OK,5.651555211332136,-1.402935539863174,0.015149733284593167,0.057902175623388216,6.548933139007963,-2.3003134675390013,0.019737807915066026,0.05331410099291536,10.889817298556586,-6.6411976270876245,0.028583594432705597,0.044468314475275786,8.600388862791021,-4.3517691913220595,0.025408955139328532,0.04764295376865285,5.434133982015435,-1.1855143105464734,0.013657274399890736,0.05939463450809065,,,,,Not enough points
2025-05-20 21:00:00,0.08616804855511323,2.709688601109247,0.04863730799251363,-0.029506494221471054,0.10191366752241002,0.43570406236596243,0.33070642127727595,23.96815777559586,0.08063808321783567,0.6664305811494676,0.4745055828734962,0.9871140265434488,-0.9512411560937426,-0.9461904061235337,0.23348857894961844,10.2804786416379,-2.968700365428837,10.099393925039273,0.18057056773417002,-0.005292615717468388,0.2387702483931166,OK,,,,,E>ET,-0.03891434176857377,-0.02819670656589019,-0.01121387527623603,-0.016553426579689078,-0.03826885742208134,8.178077027763651,2.1024016138742474,-0.033352456150470264,0.26684103510008855,OK,7.9698936351278595,2.31058500651004,-0.026559676895274803,0.2600482558448931,OK,7.539874437536043,2.740604204101856,-0.012528656227609593,0.2460172351772279,OK,7.6913736001524695,2.58910504148543,-0.01747189572414673,0.25096047467376503,OK,8.166606335627675,2.113872306010226,-0.03297818095686572,0.266466759906484,OK,13.837348417693812,-3.556869776055912,0.05642610929137809,0.17706246965824035,16.933987679677763,-6.6535090380398625,0.0764806530693471,0.15700792588027135,33.96167660917493,-23.68119796753703,0.10825845919274951,0.12523011975686893,24.842390239452858,-14.561911597814957,0.09826723786969138,0.13522134107992706,13.974762185758326,-3.6942835441204256,0.05763392182090743,0.175854657128711,,,,,Not enough points
2025-05-20 21:30:00,0.05085608726221902,0.6114466840775582,0.023093745587613925,-0.03820112970861194,0.3792220998413629,0.24321037204667934,0.2836825260512693,21.51537887396475,0.048597662120415094,0.23898587462110565,0.14957273037004337,0.9726643961983763,-0.7867906118738441,-0.6813694329086943,0.031095785921642766,2.880944347619635,-2.271042419078604,2.88078429515588,0.0,0.0,0.031094058377980526,OK,2.880944347619635,0.0,0.0,0.031095785921642766,OK,-0.038118193383090616,-0.028439212063934766,-0.010997237761149633,-0.01661944770762751,-0.03854630060386163,1.571121799691525,1.3098225479281096,-0.02035388062758098,0.051449666549223796,OK,1.4545639096510927,1.4263804379685419,-0.016536948943838368,0.047632734865481176,OK,1.1821449696241761,1.6987993779954582,-0.007616021470978051,0.03871180739262087,OK,1.2806617102073334,1.6002826374123011,-0.010842158014634316,0.04193794393627713,OK,1.5758388967024763,1.3051054509171582,-0.020508351826657622,0.05160413774830044,OK,2.691858861544904,0.18908548607473064,-0.0029382784851741846,0.03403406440681695,3.067376429976291,-0.1864320823566561,0.0021614274462543326,0.028934358475388434,5.412927779688359,-2.5319834320687242,0.011351334614656105,0.01974445130698666,4.119157011664002,-1.238212664044367,0.008389078932330825,0.02270670698931194,2.679604575398194,0.20133977222144095,-0.0031638415750349404,0.03425962749667771,,,,,Not enough points
2025-05-20 22:00:00,0.12811317974496542,3.2584865925722193,0.043357678895472734,-0.10050546771648387,0.1569830941258827,0.4956307230194226,0.23809534696163834,19.97609592856066,0.13309699781783552,0.43572114855292365,0.37955250961387854,0.9884797001413266,-0.6981386001539843,-0.7013673422658688,0.41745507853076463,13.62565483899645,-15.029766222468446,13.624897858172055,0.0,0.0,0.41743188658195723,OK,13.62565483899645,0.0,0.0,0.41745507853076463,OK,-0.038439895448765186,-0.027537285145047836,-0.011306790515004701,-0.016362307384760782,-0.03897763425423362,10.892157125017182,2.7334977139792693,-0.04283545305128487,0.46029053158204936,OK,10.665002904501764,2.9606519344946873,-0.033236166545217154,0.45069124507598163,OK,10.24703526853097,3.3786195704654802,-0.015573315822726598,0.43302839435349105,OK,10.389346445346675,3.2363083936497756,-0.021587228996648607,0.4390423075274131,OK,10.902462236746869,2.7231926022495827,-0.04327093569275129,0.4607260142235158,OK,18.90860587558122,-5.28295103658477,0.08278682654189345,0.3346682519888712,23.861570711706683,-10.235915872710233,0.11490800412048224,0.3025470744102824,48.92897484142737,-35.30332000243092,0.16272614910381633,0.2547289294269483,35.78823716226041,-22.16258232326396,0.1478316283788466,0.269623450151918,18.73601740541232,-5.110362566415869,0.08120254505515068,0.33625253347561396,,,,,Not enough points
2025-05-20 22:30:00,0.08152236366773796,3.2259365102795834,0.05968339896772027,-0.09770328493460975,0.37650528663577243,0.4088404679716293,0.201850284579155,12.200802216500367,0.12356155611325731,0.38141645607349844,0.3704251981222415,0.9701226678788398,-0.9328556102629003,-0.9076519492923758,0.2629859693600457,11.935149396421032,-9.287655554276657,11.93448633256567,0.0,0.0,0.26297135902841456,OK,11.935149396421032,0.0,0.0,0.2629859693600457,OK,-0.03846138096915645,-0.02763238815200906,-0.011274220371503456,-0.016392861765997156,-0.03921493882462716,7.6691053057315814,4.26604409068945,-0.06688868609996962,0.3298746554600154,OK,7.322136376764732,4.6130130196563,-0.051964356424547185,0.314950325784593,OK,6.67599464953512,5.259154746885911,-0.024171573413872893,0.28715754277391864,OK,6.896820381512376,5.038329014908656,-0.033670049357117884,0.2966560187171636,OK,7.691317558534256,4.243831837886775,-0.06784411166112306,0.33083008102116884,OK,15.026349667878392,-3.0912002714573603,0.048467929593347475,0.21451803976669823,18.466888002288712,-6.53173860586768,0.07357828636966901,0.1894076829903767,36.19699465066225,-24.261845254241216,0.11150973910135784,0.15147623025868787,26.845198355758395,-14.910048959337363,0.09964059173039824,0.16334537762964746,14.857647052322294,-2.922497655901262,0.04672057349828135,0.21626539586176435,,,,,Not enough points
2025-05-20 23:00:00,0.09754966553458028,1.9921585664185102,0.02747510119994231,-0.025363699958940722,0.06847756839801429,0.4188654416004266,0.2778380183788484,20.900108138868156,0.09293029810730151,0.4472295474782101,0.5765147046660932,0.953960447686525,-0.9368914325178728,-0.8781270555613501,0.19433440184597459,6.574498545626388,-2.894257520196931,6.574132982270248,0.0,0.0,0.19432359937413937,OK,6.574498545626388,0.0,0.0,0.19433440184597459,OK,-0.043345087690103305,-0.03106083936090702,-0.011311016891087456,-0.017362802926028036,,,,,,13b not satisfied,,,,,13b not satisfied,,,,,13b not satisfied,,,,,13b not satisfied,,,,,13b not satisfied,8.630708215417648,-2.0562096697912606,0.036333709109800494,0.1580006927361741,10.766995482244104,-4.192496936617716,0.05308702562958731,0.14124737621638728,23.928710885328222,-17.354212339701835,0.08002192780509004,0.11431247404088454,16.713878996340743,-10.139380450714356,0.07176847311772304,0.12256592872825155,,,,,,,,,Not enough points
2025-05-20 23:30:00,0.05960426751452549,4.167920193766328,0.04019611585000778,0.030018113448783183,-0.21755428375431282,0.43338051221494384,0.32172289716040486,32.95441078346626,0.07331898630955191,0.259482291283628,0.35997478914885184,0.9819332018416848,-0.8360366923376781,-0.7953186838056256,0.2484258302084411,5.877044683439874,2.097413797303619,5.876718180957461,0.0,0.0,0.24841202877342952,OK,5.877044683439874,0.0,0.0,0.2484258302084411,OK,-0.06063492827880402,-0.04042910961111848,-0.011952779355472041,-0.01978520841659175,,,,,,13b not satisfied,,,,,13b not satisfied,,,,,13b not satisfied,,,,,13b not satisfied,,,,,13b not satisfied,7.466403759466896,-1.589359076027022,0.03928686244768234,0.20913896776075877,9.821054996536857,-3.9440103130969826,0.06500319007565414,0.18342264013278697,26.655086106047637,-20.778041422607764,0.10124555424512394,0.14718027596331718,17.19371402959436,-11.316669346154487,0.09127707362222653,0.15714875658621458,,,,,,,,,Not enough points
2025-05-21 00:00:00,0.040012162257515124,5.125593990820467,0.05047723307335963,-0.03781466164247166,0.6087278962081344,0.31906799425342874,0.250806321540033,23.3341624878398,0.06311438888161462,0.23073489542525602,0.4168478823419949,0.9751516272179716,-0.863495240419357,-0.872831748796761,0.205086098426853,4.954332047822227,-1.7750644619006481,4.954056807152902,0.0,0.0,0.20507470475471826,OK,4.954332047822227,0.0,0.0,0.205086098426853,OK,-0.0870188473685035,-0.05433472637978587,-0.012633713944367967,-0.02290832134622672,-0.05835822332196256,,,,,13b not satisfied,,,,,13b not satisfied,,,,,13b not satisfied,,,,,13b not satisfied,,,,,13b not satisfied,5.886625337480235,-0.9322932896580083,0.03307259986768454,0.17201349855916845,7.793496156905138,-2.839164109082911,0.06288838361774504,0.14219771480910795,24.551155190335383,-19.596823142513156,0.10092974227512487,0.10415635615172812,14.758145041027515,-9.803812993205288,0.09155682774833249,0.1135292706785205,7.4434708832689624,-2.4891388354467354,0.05921798615506335,0.14586811227178964,,,,,Not enough points
2025-05-21 00:30:00,0.048294575481898305,5.448755898843225,0.03747312564759905,-0.019258481738347252,0.21308036849607181,0.23519882823886185,0.17412589606626935,23.327591461317425,0.060258033313219786,0.22244268395760305,0.26371208273571445,0.9502808193438023,-0.6499653947776797,-0.7821540937325654,0.2631453530391228,4.439313549155439,-1.0925058396980953,4.43906692062493,0.0,0.0,0.2631307338528427,OK,4.439313549155439,0.0,0.0,0.2631453530391228,OK,-0.08583633065652031,-0.053483200318609585,-0.0126733482720362,-0.02272675900684335,-0.04990676067269302,,,,,13b not satisfied,,,,,13b not satisfied,,,,,13b not satisfied,,,,,13b not satisfied,,,,,13b not satisfied,7.037721355356603,-2.5984078062011644,0.09092449720080173,0.17222085583832106,9.714695405601967,-5.275381856446528,0.11502009970871921,0.14812525333040358,32.585036853680556,-28.145723304525117,0.14541400481313188,0.1177313482259909,19.326337153010186,-14.887023603854747,0.137926538024458,0.12521881501466478,10.22366345092469,-5.784349901769251,0.11768372042181546,0.14546163261730732,3.8308776696284297,0.6084358795270086,-0.05057551430378725,0.31372086734291005,OK
2025-05-21 01:00:00,0.07963404191467571,1.4431175722457852,0.020770238584216453,-0.02064310937990982,0.08400118039860202,0.286442718554398,0.2625593379968271,29.478959064150413,0.06254811549181133,0.4203783380598685,0.3020076080820975,0.965512932583989,-0.8027556844164828,-0.7281761605295565,0.1149212852360259,4.057306276633583,-1.9304749544603073,3.961098118209668,0.09598275251965928,-0.002047757715601728,0.11696265843578103,OK,,,,,E>ET,-0.056192865870407574,-0.040051749756543936,-0.011355112505448047,-0.019677227633793856,-0.05546835931130026,2.73329377851596,1.3240124981176238,-0.03033023103035748,0.1452515162663834,OK,2.607882779274911,1.4494234973586724,-0.023665693928848045,0.138586979164874,OK,2.314373669978558,1.7429326066550253,-0.008068159738272171,0.1229894449742981,OK,2.4110513218375056,1.646254954796078,-0.013205761715769853,0.1281270469517958,OK,2.7281316223143692,1.3291746543192142,-0.030055905957297797,0.14497719119332372,OK,3.8061526927758016,0.25115358385778164,-0.005753379392822083,0.12067466462884799,4.654193505012863,-0.5968872283792797,0.009745771668945774,0.10517551356708013,12.115312044672628,-8.058005768039045,0.037301085228549774,0.07762020000747613,7.711140406141288,-3.653834129507705,0.029309957563166775,0.08561132767285913,3.833638069066632,0.22366820756695116,-0.0050576879347077885,0.1199789731707337,,,,,Not enough points
2025-05-21 01:30:00,0.08070105059733922,1.1629469802726988,0.029303633130705328,-0.0356055031176554,0.14090247144355367,0.34632526213178033,0.20373552364203074,14.975675805737733,0.13446809183846126,0.6400577016975344,0.3016843476044455,0.9718544962596252,-0.904248142046687,-0.8580102961404278,0.09385104309700992,5.800937752858846,-3.369477159932965,5.528898137283179,0.27171734125606245,-0.007084663242303201,0.10093049239247434,OK,,,,,E>ET,-0.045276392906647075,-0.034047745361036816,-0.010935066129335171,-0.018152730561592178,-0.04479772166910055,3.9067248688268412,1.894212884032005,-0.03496254659040608,0.12881358968741596,OK,3.721658439115992,2.0792793137428545,-0.028860486183770094,0.12271152928077997,OK,3.1982453985677486,2.6026923542910976,-0.011602369754785237,0.1054534128517951,OK,3.387931919958791,2.413005832900055,-0.017856765074677948,0.11170780817168781,OK,3.899510398799567,1.9014273540592797,-0.03472466913214915,0.12857571222915903,OK,6.402803440205246,-0.6018656873464003,0.011108971601029291,0.08274207149598063,7.3891293690233555,-1.5881916161645098,0.02204416784822781,0.07180687524878211,15.79521284434763,-9.994275091488785,0.04455281656754878,0.04929822652946114,10.871570593114614,-5.070632840255768,0.03752377974966321,0.056327263347346716,6.434760201859665,-0.6338224490008191,0.011575133166720847,0.08227590993028908,,,,,Not enough points
2025-05-21 02:00:00,0.05008318212870063,-0.6095064850386451,-0.003907574434125122,0.010107145992034381,-0.10410981823943186,0.1612790644488742,0.20735914141447667,25.64150383065587,0.036234677215344215,0.24451955368083308,0.1902407989793505,0.9841942646968795,-0.8395519723350756,-0.8158891970735118,-0.030526024298814607,-0.48006132834726706,0.5951335743815129,-0.48003465827346936,0.0,0.0,-0.030524328408575798,OK,-0.48006132834726706,0.0,0.0,-0.030526024298814607,OK,-0.05308722361562235,-0.03898811545778224,-0.011125207152515311,-0.019409879839369256,-0.052589684460486556,,,,,13b not satisfied,,,,,13b not satisfied,,,,,13b not satisfied,,,,,13b not satisfied,,,,,13b not satisfied,-0.8072189143932114,0.3271575860459443,-0.007080264136962194,-0.023445760161852413,-1.0250070612579425,0.5449457329106755,-0.008661397127169661,-0.021864627171644946,-3.0787730135794074,2.59871168523214,-0.011786060264113218,-0.01873996403470139,-1.8521552334470766,1.3720939050998096,-0.010856982399640534,-0.019669041899174074,-0.8129166401278481,0.3328553117805811,-0.007136060259901197,-0.02338996403891341,,,,,Not enough points
2025-05-21 02:30:00,0.07239906866830065,2.0920623670944027,-0.016236056466555692,-0.058493157831539126,0.28882842252329,0.36856874437782544,0.2689293112137388,47.177450698164115,0.0487242889536796,0.19410321687874765,0.30104988039008684,0.8678439438519996,-0.43933087892445355,-0.7202302198992437,0.15146336697363527,-2.8834410753112762,-4.987237681876534,-2.78126859419105,-0.102012289949379,-0.003033251800909663,0.15448820414304637,OK,,,,,E>ET,-0.06936871770511575,-0.04507635047369436,-0.012231177984018618,-0.020858451290290916,-0.06412793325529546,-0.44420682602574296,-2.4392342492855335,0.30901566973017874,-0.15755230275654347,OK,-0.5682348776229046,-2.3152061976883718,-1.4052784502187758,1.5567418171924112,Small ratioRP,-0.681729097887069,-2.2017119774242073,-0.032810548990323256,0.18427391596395853,OK,-0.6586072870469291,-2.224833788264347,-0.07328442180782489,0.22474778878146015,OK,-0.4736608620757839,-2.4097802132354924,0.3793534749022025,-0.22789010792856723,OK,,,,,,,,,,,,,,,,,,,,,,,,,Not enough points
2025-05-21 03:00:00,0.08480431977517869,2.2247282577184113,0.004209516543865413,-0.02092474736272953,0.0753954272003958,0.23622376113729845,0.15464577694335502,29.485735934583214,0.04490334061377975,0.31930094418171545,0.19660545753527872,0.9386659094590917,-0.8631298333814765,-0.8959799774747389,0.1886665665804283,0.8756846639191799,-2.0920166551173973,0.8571959411635884,0.018440073607596346,-0.002756998446017081,0.19141308355052408,OK,,,,,E>ET,-0.08079374401810732,-0.05289832971463633,-0.01214396259266143,-0.022575834041097108,-0.0728448373592623,,,,,13b not satisfied,,,,,13b not satisfied,,,,,13b not satisfied,,,,,13b not satisfied,,,,,13b not satisfied,2.6483764087104955,-1.7726917447913157,0.058386629862079736,0.13027993671834856,3.8597798637742664,-2.9840951998550866,0.06435126448503792,0.12431530209539038,15.634415004640639,-14.758730340721458,0.07306541751850741,0.11560114906192089,8.572317861018739,-7.696633197099559,0.0708348608776675,0.1178317057027608,2.8990488384041777,-2.023364174484998,0.06008627566608954,0.12858029091433876,,,,,Not enough points
2025-05-21 03:30:00,0.02468084483670841,5.947708441242113,0.0009212943206974735,-0.020901710139204,0.8901703390360238,0.33224951981767986,0.1993313511713486,34.16271327696184,0.05054985609105605,0.30706936086690295,0.27697234706968255,0.6855454345423148,-0.27013019968102187,-0.7749379595939071,0.14679446917227743,0.055777104302818035,-0.6088058378284692,0.04972798003795912,0.006048160782357616,-0.013562752848061497,0.16034763605461655,OK,,,,,E>ET,-0.10704215130667445,-0.061677333747449194,-0.013727746615599898,-0.024366527373780367,-0.07742570396912281,,,,,13b not satisfied,,,,,13b not satisfied,,,,,13b not satisfied,,,,,13b not satisfied,,,,,13b not satisfied,1.40272765608592,-1.346950551783102,0.05877720536753994,0.08801726380473748,2.4176318926268845,-2.3618547883240666,0.059385611921106585,0.08740885725117084,10.782254342903174,-10.726477238600356,0.060028683901143645,0.08676578527113378,6.084554308249181,-6.028777203946363,0.05988600276004162,0.0869084664122358,1.9305396885238097,-1.8747625842209916,0.059174403937334766,0.08762006523494266,0.039078592329477704,0.01669851197334032,-0.4443359811022842,0.5911304502745617,OK
2025-05-21 04:00:00,0.03713038904855241,4.883478809628722,0.0401033310721054,-0.02019644701181951,0.380063762826935,0.23102421755438646,0.1764325542074269,22.42400853597925,0.03814509391399309,0.20745003746752302,0.3073128511608013,0.6440673436840686,-0.18423849291290556,-0.7240341414289974,0.18132546811187605,3.6526452547374766,-0.8850307482360401,3.0375996480243357,0.6148426819767667,-0.01888378077364436,0.20019917524840308,OK,,,,,E>ET,-0.128652205600218,-0.07944041645676067,-0.012767995953921404,-0.027619964763462575,,,,,,13b not satisfied,,,,,13b not satisfied,,,,,13b not satisfied,,,,,13b not satisfied,,,,,13b not satisfied,2.260081830406501,1.3925634243309757,-0.07303561189497448,0.25436108000685054,2.9408882941613537,0.7117569605761229,-0.023050252492525652,0.2043757206044017,12.234729284890054,-8.582084030152577,0.044670205533306834,0.13665526257856922,6.280145147675244,-2.627499892937767,0.029584775564183763,0.1517406925476923,,,,,2.4283484541345906,1.2242968006028863,-0.15460272345070508,0.33592819156258114,OK
2025-05-21 04:30:00,0.08965440977659704,-0.5766719451135904,0.03873164442139661,0.08618736569583149,-0.2774690299747332,0.4539079823541359,0.17359215385625149,12.375843515407263,0.07398591680926501,0.47821953692710606,0.3535839563011728,0.2931710470294461,0.15175398848379798,-0.7309807521670121,-0.05170118287388111,8.517951052840315,9.095881163068409,1.9804944085252418,6.53698329013814,-0.952962817470198,0.9012645190995353,Small ratioRP,3.77475267764128,4.743198375199036,-0.20161880514006955,0.14991762226618843,OK,-0.06684695958026783,-0.05023088505361588,-0.01093831500311818,-0.022002035370503867,-0.06872121079256045,2.034314356162956,6.48363669667736,-0.17668626180021724,0.12498507892633617,OK,1.498169547799465,7.019781505040852,-0.14374636684924805,0.092045183975367,OK,0.1631956818427878,8.354755370997527,-0.07751542552703161,0.02581424265315057,OK,0.3508139796094277,8.167137073230888,-0.07325464278882161,0.02155345991494057,OK,2.0896941208553126,6.428256931985003,-0.18008870756285333,0.1283875246889723,OK,1.6063432349032813,6.911607817937034,-0.18834894759082757,0.13664776471694645,1.4540761644287945,7.063874888411521,-0.14464928151362524,0.09294809863974413,,,,,0.6681358932884359,7.84981515955188,-0.0704084430462201,0.01870726017233899,1.618897329272806,6.899053723567509,-0.1932781594808324,0.1415769766069513,,,,,unrealistic fluxes
2025-05-21 05:00:00,0.09515575880099357,0.7500379404963305,-0.016408496113167186,0.08203669388757041,-0.23380688443541495,0.1608019656496353,0.2454503519648063,2.554677598184435,0.08428414545222429,0.2665115627791531,0.33008440869673267,-0.4849206981936589,0.11559425647096563,0.39247297542682535,0.0713704293574628,-3.830023189852659,9.165121965682804,-1.611143177399256,-2.2186672333872948,-0.05638981591158225,0.12775628024519184,OK,,,,,E>ET,-0.04822401583328097,-0.03585064455418976,-0.011032550119849339,-0.018624539993906404,,,,,,13a not satisfied,,,,,13a not satisfied,,,,,13a not satisfied,,,,,13a not satisfied,,,,,13a not satisfied,-0.04845754220880126,-3.7815656476438577,0.07434255265657105,-0.0029721232991082617,,,,,,,,,,,,,,,,,,,,,unrealistic fluxes
2025-05-21 05:30:00,0.06342985534511626,-0.2482387365519285,0.10045822512613782,0.16331451578274425,-1.0470259143377068,0.17218859816965232,0.27799117629835746,3.617617795641368,0.10692118669325015,0.23223970597076496,0.29569605226806017,-0.19913930817433254,0.415185340011904,-0.1998723367675514,-0.01574574715054325,15.630640337610147,12.159160793984949,7.219820201422685,8.409951767279809,-0.06480052668918047,0.04905565430236782,OK,9.19534242002145,6.435297917588697,-0.05732675591073523,0.04158100876019198,OK,-0.07245450737773673,-0.055292997555206606,-0.010808376122894352,-0.023094343002862363,,,,,,13a not satisfied,,,,,13a not satisfied,,,,,13a not satisfied,,,,,13a not satisfied,,,,,13a not satisfied,8.022868205254554,7.607772132355594,-0.22471152959310978,0.20896578244256653,7.9349449492384405,7.695695388371707,-0.17346843305945844,0.1577226859089152,6.407156834533727,9.22348350307642,-0.04064039089464376,0.024894643744100508,7.417402722050053,8.213237615560095,-0.07732544910630093,0.061579701955757675,,,,,7.7446910476329665,7.885949289977179,-0.22433361524657028,0.20858786809602678,OK
2025-05-21 06:00:00,0.06119021340842791,1.0738341288992068,0.165577333638674,0.42277021335165926,-2.9058003601769995,0.37962495833022847,0.14842029720364133,11.221982583218121,0.13786394572052693,0.35654774426969055,0.2659232469783108,0.3173454775146076,0.2819060571280848,-0.6213272824549615,0.06570813951259576,24.85309047046773,30.299138214224307,18.573431684726994,6.278278058492373,-0.10886581056016499,0.1745702996205655,OK,14.016408050733043,10.836682419734688,-0.23597943099968,0.30168757051227574,OK,-0.07744383025424496,-0.06087479921226913,-0.010588411767735713,-0.02423363562056141,-0.08995068740312508,5.279912499679647,19.57317797078808,-0.6179461362844824,0.6836542757970782,Small ratioRP,4.423074050459944,20.430016420007785,-0.5070008754469366,0.5727090149595323,Small ratioRP,1.2928897140493796,23.56020075641835,-0.10169796450855115,0.16740610402114692,OK,2.233305473433227,22.619784997034504,-0.2234649928388,0.2891731323513958,OK,5.880542429847552,18.97254804062018,-0.6957169743345265,0.7614251138471223,Small ratioRP,17.466769224323667,7.386321246144064,-0.23319405168760865,0.2989021912002044,17.834132098967125,7.018958371500606,-0.17418576499974509,0.23989390451234086,25.988768335544616,-1.135677865076886,0.004902170758637227,0.06080596875395853,20.430317245707503,4.422773224760228,-0.043693385552879965,0.10940152506547572,17.27910590322366,7.5739845672440715,-0.27773547419660205,0.3434436137091978,13.55618092631127,11.29690954415646,-0.15005887208024873,0.2157670115928445,OK
2025-05-21 06:30:00,0.15962858841994815,0.33796921593065987,0.08730490868541971,0.1745385173327766,-0.1758820892127667,0.3142863022544608,0.1670348133217483,4.0632830574196275,0.18361105320136661,0.5884558423754835,0.560092229657972,0.1449763041629657,0.7072139004120709,0.029613761201528012,0.05394954886840789,34.185889450192505,32.557065619226606,17.054896317791787,17.129093916320155,-0.07075420217553927,0.12470075384678779,OK,16.315319161580977,17.87057028861153,-0.047720139676185436,0.10166968854459332,OK,-0.05102480099027314,-0.04247345073092187,-0.010252406264887428,-0.02028166282801239,,,,,,13b not satisfied,,,,,13b not satisfied,,,,,13b not satisfied,,,,,13b not satisfied,,,,,13b not satisfied,13.277232066233084,20.908657383959422,-0.43492053892798,0.48887008779638785,13.465737108199958,20.720152341992545,-0.3587673744944214,0.4127169233628293,17.000688139146128,17.185201311046377,-0.07182619877078009,0.12577574763918797,14.696454476443062,19.489434973749443,-0.16114070478844628,0.21509025365685416,,,,,17.229991560727395,16.95589788946511,-0.11208600048128006,0.16603554934968792,OK
2025-05-21 07:00:00,0.130156947943858,0.35424280402801533,0.08946141943650968,0.24842994293293277,-0.37589830638278976,0.3935838741799135,0.14947595113007506,3.1421715019368,0.18175808864791484,0.6645043655797841,0.5672311023616983,0.2099771082981156,0.7131204258004016,-0.25098254523394053,0.046107162203360676,28.56279409176226,37.726717243990734,16.138784425851323,12.422422844016952,-0.10160951393871634,0.14771411463306575,OK,14.67764320830947,13.88515088345279,-0.0512386239954264,0.09734578619878707,OK,-0.04417503542627633,-0.037425490624675706,-0.010156084515748835,-0.0190560161143169,-0.06102722615455797,1.405092718133902,27.15770137362836,-0.4890715125463777,0.5351786747497385,Small ratioRP,1.2164591088285637,27.346334982933698,-0.41722380901876316,0.4633309712221239,Small ratioRP,0.42689376415626734,28.135900327605995,-0.11649024934930768,0.1625974115526684,OK,0.6895498441287302,27.873244247633533,-0.21653199818230595,0.26263916038566665,OK,1.864903109497888,26.697890982264372,-0.6642063721257138,0.7103135343290745,Small ratioRP,14.687752429909088,13.875041661853173,-0.24986973377636515,0.2959768959797258,14.905658207171873,13.657135884590387,-0.20836730982823473,0.2544744720315954,18.734968333160747,9.827825758601513,-0.040689860990791006,0.08679702319415168,16.280446382643515,12.282347709118746,-0.09541484544093357,0.14152200764429423,14.35409984195448,14.208694249807781,-0.35349253866448704,0.39959970086784774,14.983572849891809,13.579221241870451,-0.3116235308250844,0.35773069302844523,OK
2025-05-21 07:30:00,0.1753460962972632,-0.574199882520767,0.12055839731105608,0.3844840644276381,-0.31989063504354137,0.5965444728806464,0.20262123913806626,3.7963849729315013,0.23664591289628845,0.7093562305874804,0.7908981013958227,-0.0847257973463683,0.7031150286688908,-0.5735520440597693,-0.10068370789436362,51.85505697668603,78.50186697582778,13.046829712080397,38.80534642810694,-0.24677853000635552,0.14610041565131937,OK,14.643232174237237,37.21182480244879,-0.24007294082672484,0.13938923293236122,OK,-0.038302339415474215,-0.034188568153931176,-0.00987066338691094,-0.018222929214435454,-0.047292328270094344,11.873627102128058,39.98142987455797,-0.6242895627278036,0.5236058548334399,Small ratioRP,10.718297558404675,41.13675941828135,-0.5733415829611845,0.4726578750668209,Small ratioRP,2.243803708193634,49.61125326849239,-0.1996314640098139,0.09894775611545031,OK,5.522125817951661,46.33293115873437,-0.34419964321358626,0.24351593531922264,OK,14.185607205814652,37.66944977087137,-0.7262437767296686,0.6255600688353049,Small ratioRP,16.44653240936282,35.40852456732321,-0.5528859870276277,0.45220227913326405,16.165508948039875,35.68954802864616,-0.497421339241895,0.3967376313475314,9.71925291560551,42.13580406108052,-0.16955089214176955,0.06886718424740594,13.873080155407349,37.98197682127868,-0.2821617916993434,0.18147808380497982,16.890500553101692,34.96455642358434,-0.6740950999602062,0.5734113920658426,26.09544386982692,25.759613106859106,-0.4713056277516435,0.37062191985727977,OK
2025-05-21 08:00:00,0.1854018979794238,-0.7165663474520474,0.14539730447861768,0.5557341667305808,-0.4122498963838767,0.7607755391977328,0.45866334675896564,4.772247266508989,0.233664207502707,0.6490298972759497,1.007243743396011,0.6712051177370674,0.44413758658929287,-0.20928566680272875,-0.13285276084579284,66.12536452663262,119.60108179479595,40.674595208445204,25.447095686824834,0.0760568427567109,-0.20890222289356788,OK,54.81138009742501,11.313984429207615,-0.34886990296458764,0.2160171421187948,OK,-0.02898623027229989,-0.02682494912023053,-0.009693884778077295,-0.01616592364357765,-0.023052065208956665,38.83532332645412,27.290041200178496,-0.3224767298691093,0.18962396902331638,OK,37.31527625599844,28.810088270634182,-0.3150546889560179,0.18220192811022495,OK,14.541053905993738,51.58431062063889,-0.20385338912067766,0.07100062827488475,OK,26.40373371875548,39.72163080787715,-0.2617761315281384,0.12892337068234547,OK,34.21225979671982,31.913104729912806,-0.29990337189327887,0.16705061104748595,OK,20.189403910433352,45.93596061619927,-0.5428089409704242,0.4099561801246313,19.856178397979903,46.26918612865272,-0.5059798466105119,0.3731270857647191,11.9583951723131,54.16696935431952,-0.21405966559250605,0.0812069047467132,16.909479955999533,49.215884570633094,-0.32434579373012073,0.1914930328843279,19.124732313414697,47.000632213217926,-0.4416883973262489,0.3088356364804561,,,,,unrealistic fluxes
2025-05-21 08:30:00,0.2229685863844786,-0.15307557545387387,0.10751344576352062,0.36796899588154136,-0.1884697779614031,0.7817345075885559,0.26566562787286335,2.3848446653370363,0.24124788961014298,0.8041126757228408,0.7899268230861544,-0.015741857559932876,0.6739507195003842,-0.43927939608913125,-0.03413104466894085,58.80361286013808,95.1220283829014,19.267963624146617,39.53368688867374,-0.11576717566685299,0.08164072726017531,OK,20.592945059421663,38.21066780071642,-0.0985057817480754,0.06437473707913453,OK,-0.02392537400318598,-0.022092632715030317,-0.00971410182087141,-0.01468816202022006,-0.03003050764467474,15.278509670897128,43.52510318924095,-0.42452277714221703,0.3903917324732762,Small ratioRP,14.337500095373777,44.466112764764304,-0.40047839281576425,0.36634734814682335,Small ratioRP,6.734144176618683,52.069468683519396,-0.2061998045456105,0.1720687598766696,Small ratioRP,10.081805235206176,48.721807624931905,-0.29173819988299754,0.25760715521405664,Small ratioRP,18.14475933927268,40.6588535208654,-0.4977602981989809,0.46362925353004003,Small ratioRP,22.601319869593535,36.20229299054455,-0.3530996329277195,0.31896858825877866,22.482683638064767,36.32092922207332,-0.3271198325201294,0.29298878785118854,20.509164382617726,38.294448477520355,-0.15164947887678226,0.11751843420784142,21.701952539619278,37.1016603205188,-0.22215866204930684,0.188027617380366,22.892054090247377,35.9115587698907,-0.43964220960920863,0.4055111649402678,,,,,unrealistic fluxes
2025-05-21 09:00:00,0.2586187074136541,0.2006351605786753,0.08922408344325708,0.403399403477005,-0.15330550381659802,0.85988897099963,0.2034495123692388,3.9711310272966305,0.24112894537684754,1.2909773168414047,1.4074940230280222,-0.17159335838972462,0.7197831920509514,-0.31932660766687776,0.05188800589058794,56.603017020535546,120.73737787319916,28.89611959032337,27.703752818155504,-2.144787810047374,2.196672933270968,Small ratioRP,23.58566593325677,33.017351087278776,-0.10195740063285648,0.15384540652344442,OK,-0.021960917063820983,-0.020167137097483055,-0.009741597041901291,-0.014046827263221501,,,,,,13a not satisfied,,,,,13a not satisfied,,,,,13a not satisfied,,,,,13a not satisfied,,,,,13a not satisfied,31.483883550025368,25.119133470510178,-0.22488349240151806,0.276771498292106,31.743989840210794,24.859027180324752,-0.20437644078910167,0.2562644466796896,35.151997462798796,21.45101955773675,-0.08518841772091927,0.1370764236115072,33.13147173256692,23.471545287968624,-0.13440715134976589,0.18629515724035384,,,,,,,,,unrealistic fluxes
2025-05-21 09:30:00,0.07625726169826012,0.21847391340296773,0.07902337683812304,0.5147534536483017,-2.2519084100749387,0.4599086056018782,0.09851933641820934,1.1310506197892782,0.1758358358230261,0.5569602595711689,0.4958415864937019,-0.12302286251945166,0.6130839986677667,0.028576966325334047,0.01666022238861313,14.782038822154668,45.45717330702369,7.554848780023926,7.226368817751734,-0.061177461998984974,0.07783675881968764,OK,7.475295498927298,7.30674332322737,-0.011484018648055767,0.028144241036668897,OK,-0.02059285420301443,-0.019010505884806662,-0.009723284029328186,-0.013638589642212777,,,,,,13a not satisfied,,,,,13a not satisfied,,,,,13a not satisfied,,,,,13a not satisfied,,,,,13a not satisfied,7.562765029668033,7.219273792486635,-0.060605565699274444,0.07726578808788757,7.637273583880305,7.1447652382743625,-0.05537121957104642,0.07203144195965955,8.563449405290134,6.218589416864534,-0.02464945420381092,0.04130967659242405,8.019200583699478,6.76283823845519,-0.037601131492440036,0.054261353881053166,,,,,6.95297268255916,7.829066139595507,-0.16721716139940485,0.18387738378801805,OK
2025-05-21 10:00:00,0.20399815833575213,0.49862178193916984,0.08297698800989207,0.23964953991485957,-0.14710958513352895,1.5433536696349532,0.8419841415023337,12.023115797172238,0.375897886738461,1.5320384009171808,0.9649613679527095,0.25297513725825127,-0.2503023080655392,0.018559625019191447,0.10171792522168165,41.522305666965934,56.847749725783984,21.25141127442944,20.25224471867763,-0.23824781319489766,0.3399820504963524,OK,,,,,E>ET,-0.04479720154189134,-0.038224647800465215,-0.010108801277686185,-0.019280127012266144,,,,,,13b not satisfied,,,,,13b not satisfied,,,,,13b not satisfied,,,,,13b not satisfied,,,,,13b not satisfied,19.95500721490695,21.567298452058985,-0.3938665370856125,0.49558446230729414,20.360831516980742,21.161474149985192,-0.32975535928325833,0.43147328450494,28.054018606237225,13.46828706072871,-0.05550274661546621,0.15722067183714786,23.078700533255468,18.443605133710467,-0.14496333042887144,0.2466812556505531,,,,,23.75271894185222,17.76958672511371,-0.15949011129522678,0.26120803651690844,OK
2025-05-21 10:30:00,0.18798378710080263,1.1734961349396282,0.11691188342370863,0.05171505048201391,-0.0376764988658487,0.29020489915440567,0.6929070476564535,14.262647193421538,0.3181923285894328,0.7976536469906698,0.8852047324411572,0.7677922915624739,0.6219114619885582,0.6052118766348212,0.22059824759410582,53.91090219334616,11.388237428434426,49.91235579788215,3.995260233212666,-0.02489307677438379,0.24547671207591745,OK,,,,,E>ET,-0.130989540169002,-0.11412821433921679,-0.009914350579750762,-0.033055141597858294,-0.09521980635657239,42.96536867756341,10.94553351578275,-0.5844885455103067,0.8050867931044127,OK,41.8125597611144,12.098342432231764,-0.5628871660232325,0.7834854136173384,OK,19.249157246181117,34.66174494716505,-0.14009322915291425,0.3606914767470201,OK,29.399811870300073,24.51109032304609,-0.3302966006303233,0.5508948482244291,OK,40.19226255338516,13.718639639961001,-0.5325259722758594,0.7531242198699654,OK,32.43749339419964,21.47340879914652,-1.146674253755077,1.3672725013491827,32.778581662611074,21.132320530735086,-0.9832017965824563,1.2038000441765622,60.63164103901254,-6.720738845666382,0.027163375895183833,0.19343487169892198,39.27762287007445,14.633279323271708,-0.19718920508428797,0.4177874526783938,33.3047677361525,20.60613445719366,-0.7998826468697408,1.0204808944638466,35.67201506425083,18.238887129095332,-0.16966525706018606,0.39026350465429194,OK
2025-05-21 11:00:00,0.20672466976214962,1.9634222844492406,-0.024311761180605886,0.08692749188852632,-0.05242400757808173,0.24511974992868338,0.531244251884691,8.435868209898413,0.1459714083533393,0.5658846471604514,0.8499698322993288,-0.7192302864169823,-0.15816261443836152,0.4484860639207534,0.40588782335641466,-12.328387485826841,21.066822055862755,-1.7435057411535104,-10.584196834257458,0.7468330737801008,-0.34096779974720587,OK,,,,,E>ET,-0.059660477142833436,-0.0546168708093751,-0.009786560519121915,-0.02299317493557062,,,,,,13a not satisfied,,,,,13a not satisfied,,,,,13a not satisfied,,,,,13a not satisfied,,,,,13a not satisfied,,,,,,,,,,,,,,,,,,,,,-3.9881857755091357,-8.340201710317706,-2.498103681624448,2.9039915049808616,OK
2025-05-21 12:30:00,0.18994572241360871,0.49885516911993877,0.21368709446127226,0.1286127113126706,-0.09148229089204689,0.6323903474946546,0.5663660391220467,2.978052657437866,0.24105799443315692,0.7150191757291839,0.7767987135636923,0.6289038980003925,-0.22107843529965307,-0.6334985533326014,0.09475540547824972,99.56469319196668,28.50215889737783,88.72112758594052,10.838034234182143,-0.026080376674304906,0.12083051796336142,OK,,,,,E>ET,-2.2869602097723067,-2.101643172325259,-0.006026079661366233,-0.11229666854330324,-0.46380700480511167,98.781100727884,0.7835924640826903,-0.7305522976088689,0.8253077030871186,Small ratioRP,98.71267301529437,0.8520201766723209,-0.7299805898845226,0.8247359953627724,Small ratioRP,31.387565732829085,68.17712745913761,-0.1674850391976691,0.2622404446759189,OK,85.94855610921822,13.616137082748454,-0.623337477709573,0.7180928831878228,Small ratioRP,95.83126723830917,3.733425953657529,-0.7059066894527414,0.8006620949309912,Small ratioRP,63.6454865940305,35.91920659793618,-33.48789085041622,33.582646255894474,63.6512095243023,35.91348366766438,-30.769395737693266,30.864151143171515,88.21179853230691,11.352894659659768,-0.027889705505996357,0.12264511098424608,64.90234770276064,34.66234548920605,-1.5868185578209677,1.6815739632992175,63.90060861629232,35.664084575674366,-6.743274458279533,6.838029863757782,65.65493456232944,33.90975862963724,-0.3454530425804781,0.4402084480587277,OK
2025-05-21 13:00:00,0.2025494829838523,0.8731171741235834,0.06211958591767219,0.08866189549092847,-0.05568432667210411,0.25751997218272543,0.43672595014391036,12.346240465277853,0.19661904661518576,0.5000627515076147,0.8962722951443567,0.5089966984323846,0.1269085300950375,0.2871668884252861,0.17684943220305396,30.864357396481353,21.039419843136987,26.658580139491832,4.20407456372969,-0.05079472182228867,0.22763420256734448,OK,,,,,E>ET,-0.1057650596678262,-0.09664129958643036,-0.009732038486371112,-0.03049711843432971,-0.1562813816751142,1.9530836454400495,28.911273751041303,-1.2465562956998475,1.4234057279029015,Small ratioRP,1.81310193547031,29.051255461011042,-1.1445377425069279,1.321387174709982,Small ratioRP,0.40845308249117374,30.455904313990178,-0.12083083282551503,0.2976802650285691,OK,0.7562722799099045,30.10808511657145,-0.37432117310679164,0.5511706053098456,OK,2.704355190509153,28.160002205972198,-1.7940823696387072,1.9709318018417614,Small ratioRP,20.487160383410846,10.377197013070507,-0.4474296213910274,0.6242790535940813,20.714045375626952,10.1503120208544,-0.3998937402784899,0.5767431724815438,44.20152257827282,-13.33716518179147,0.05291390332176246,0.1239355288812915,26.41840595221563,4.445951444265724,-0.05527464645293548,0.23212407865598944,19.710342606985183,11.15401478949617,-0.7106257001741209,0.8874751323771748,18.990815470142007,11.87354192633935,-0.3194909678889954,0.4963404000920493,OK
2025-05-21 13:30:00,0.22616575169100803,-0.07708316278139885,0.04377078359708816,-0.08958189371850633,0.04533370939402991,1.5212724601926773,0.4840367641645773,12.802174661860755,0.19102843912976333,0.6168702852810269,0.8063345140969073,0.3570751934750067,0.4121049242086665,0.39099634948309414,-0.017433571453175402,24.283356183655744,-23.845368865912455,16.962857410253193,7.319135209969413,0.017968910724474308,-0.03540218822997609,OK,,,,,E>ET,-0.22812956594913428,-0.21817773810902466,-0.00948595236988119,-0.04562616988581554,-0.16268231777726563,18.82251316264,5.460843021015745,-0.507859660864521,0.49042608941134547,Small ratioRP,18.629861507240193,5.653494676415551,-0.5028400655979501,0.4854064941447747,Small ratioRP,2.555684866159494,21.72767131749625,-0.08402268863685411,0.06658911718367873,OK,9.724245948583336,14.55911023507241,-0.2708016457283854,0.25336807427521,Small ratioRP,17.245268965251142,7.038087218404604,-0.4667641016749349,0.44933053022175945,Small ratioRP,13.024118628771056,11.259237554884688,-1.0471116903033164,1.029678118850141,13.019496947722866,11.263859235932879,-1.0018439993780197,0.9844104279248443,10.688707163356822,13.594649020298922,-0.05257162376347639,0.03513805231030099,12.61882993517119,11.664526248484554,-0.21696194710595623,0.19952837565278084,12.983356337247043,11.299999846408701,-0.749413031347947,0.7319794598947716,,,,,unrealistic fluxes
2025-05-21 14:30:00,0.5593583473435758,-1.2431376766042403,-0.045808451648698414,-0.989646922876691,0.08171520692819108,2.113812273648425,0.310801532724523,3.1961589567304807,0.43001669428198785,1.0291452671093724,0.8590903719437333,0.2938188888949019,0.6021599282845328,0.6956147874164451,-0.6953594363058805,-62.85405255045667,-649.9366270474543,-26.387174178029248,-36.47031661670175,-2.28699223003766,1.5914839697462528,OK,,,,,E>ET,-0.07269140988252137,-0.07513889919018923,-0.009277372909612254,-0.02695717165443188,,,,,,13b not satisfied,,,,,13b not satisfied,,,,,13b not satisfied,,,,,13b not satisfied,,,,,13b not satisfied,-44.00004134100186,-18.85401120945481,0.5587136798842768,-1.2540731161901573,-43.610435625166026,-19.243616925290645,0.5894595157782435,-1.284818952084124,-125.75794223348659,62.90388968302992,-0.23790576520773743,-0.45745367109814306,-64.29258412618289,1.4385315757262163,-0.015808700618496707,-0.6795507356873838,,,,,-34.82154795888264,-28.03250459157402,-5.174767144719593,4.479407708413709,OK
2025-05-21 15:00:00,0.267344181903316,-0.08570162654295475,0.0924176395242354,0.11783221764001894,-0.0423495119477859,0.8392417516397928,0.40495439594484955,3.6522407437469067,0.24327914347790064,0.7041438570387458,0.7489611166411203,-0.15804618849353586,0.3914827366616104,0.277725742901412,-0.02291183123590975,60.607051623199695,36.758534027482234,34.561342992469136,26.04234157230704,-0.21139842966010158,0.18848787130370503,Small ratioRP,41.11714073122811,19.489910891971583,-0.1250328724442702,0.10212104120836044,OK,-0.13253498049149895,-0.1316165214797681,-0.009294819124435468,-0.035520874108517446,,,,,,13a not satisfied,,,,,13a not satisfied,,,,,13a not satisfied,,,,,13a not satisfied,,,,,13a not satisfied,35.99788353131695,24.609168091882744,-1.3296272372481441,1.3067154060122343,35.996113506340976,24.61093811685872,-1.3205079760679903,1.2975961448320805,32.634771468397524,27.97228015480217,-0.10599155504970317,0.08307972381379342,35.30512598306332,25.301925640136375,-0.36638667564873767,0.34347484441282794,,,,,28.803833770531526,31.80321785266817,-0.10768353201733231,0.08477170078142257,OK
2025-05-21 15:30:00,0.28753932037073654,0.7967607426792367,0.07785038910852884,0.06402117491424944,-0.01989899868957674,0.4075862576931305,0.6024508187833527,6.215262607682059,0.26170616023559456,0.9044046832826281,2.2277278689932962,-0.6422653458902796,0.8807153488968685,-0.6654345141388578,0.22910004244807103,54.91052268234085,21.48183368704776,10.829037689733696,44.0784344080137,0.35343368138236464,-0.12434636671442978,OK,19.89042075468931,35.02010192765154,0.17410863374607213,0.0549914087019989,OK,-0.12170981846302224,-0.11438616550816061,-0.00955389914124013,-0.03315795895297046,,,,,,13a not satisfied,,,,,13a not satisfied,,,,,13a not satisfied,,,,,13a not satisfied,,,,,13a not satisfied,24.47632811288684,30.434194569454007,-1.5100449637654072,1.7391450062134781,24.59788426038077,30.312638421960077,-1.413512627608379,1.64261267005645,46.763975091358816,8.146547590982031,-0.03172902325053201,0.26082906569860304,29.546615413191436,25.36390726914941,-0.34285177175597426,0.5719518142040453,,,,,,,,,unrealistic fluxes
2025-05-21 16:00:00,0.19810962978789778,-0.45004845686830813,0.13946143746446388,0.09551746578362866,-0.06301248409721935,0.6292991652946612,0.5500537418795378,10.716710634609777,0.23302690491600134,1.9464189627168842,0.7296315075017435,0.02990749961295664,0.5193208203578838,0.2317698687033855,-0.08915893317679521,67.77308763838117,22.250468708698868,35.563363566425345,32.20598377017408,0.10021418658633519,-0.18936875554927016,OK,53.73129686770845,14.04179077067272,-0.45197437037955146,0.3628154372027563,OK,-0.2819883489905507,-0.2658731010721221,-0.00935722425367009,-0.04989530681545081,-0.21924706914446043,49.4415290599319,18.331558578449265,-2.1073322209378875,2.0181732877610927,Small ratioRP,48.634383900680916,19.138703737700258,-2.074385044127054,1.9852261109502587,Small ratioRP,3.794609038076519,63.97847860030465,-0.2440525771185011,0.1548936439417059,OK,21.08212760923321,46.69096002914796,-0.9497186205308957,0.8605596873541006,Small ratioRP,45.84031392119558,21.932773717185587,-1.9603327989000798,1.8711738657232846,Small ratioRP,24.71094805668017,43.062139581701004,-4.95027380539931,4.861114872222515,24.69360903253149,43.07947860584968,-4.669251760908028,4.580092827731233,16.37623872140314,51.39684891697803,-0.19605863891078848,0.10689970573399327,23.38029607522246,44.39279156315871,-0.9029726683400568,0.8138137351632616,24.629086190962326,43.144001447418844,-3.8561744266249254,3.76701549344813,,,,,unrealistic fluxes
2025-05-21 16:30:00,0.19533498694902884,0.08485312410483653,0.0435662683234322,0.03716868445847997,-0.025308523552568567,0.17546967487045492,0.3115532728005602,2.7727398380778667,0.1781935637275624,0.6740114765817343,1.0234953032437097,0.5745636400945046,0.538733425682886,0.06382379131203313,0.016574783889602568,20.87507036258315,8.566029916507201,18.223626872719336,2.65028376373257,-0.003189730543201978,0.01976359361147734,OK,,,,,E>ET,-0.09300781016727949,-0.08549325246679103,-0.009723301408986727,-0.028621970689628098,-0.06041491118469087,17.254395353083215,3.6206750094999314,-0.1372813102164621,0.15385609410606463,Small ratioRP,17.000985015663627,3.8740853469195184,-0.13502167005384716,0.15159645394344973,Small ratioRP,7.710742148563457,13.16432821401969,-0.052181300885341016,0.06875608477494356,OK,12.637713116052305,8.237357246530841,-0.09611471572368589,0.11268949961328845,Small ratioRP,15.820308703520627,5.05476165906252,-0.12449367170486896,0.1410684555944715,Small ratioRP,11.210508391322815,9.664561971260333,-0.36644098865588637,0.3830157725454889,11.230719693237036,9.644350669346112,-0.3361300067886962,0.35270479067829874,13.180086395485366,7.694983967097782,-0.030501691173832897,0.047076475063435465,11.727773917655751,9.147296444927397,-0.10673202231392222,0.12330680620352479,11.334559758428535,9.540510604154614,-0.2349731352656347,0.2515479191552373,13.120823452206919,7.75424691037623,-0.03656638033433718,0.05314116422393974,OK
2025-05-21 17:00:00,0.16021091485956113,0.030867587842433555,0.04506453517685615,0.015072665061434207,-0.015254858820480626,0.3365156119212757,0.26011768655177264,4.116591642385664,0.12026607436981136,0.4235984096280371,0.5945800797891506,0.6025999157673804,-0.16010226323145899,0.0974360337032252,0.004945324487744146,17.71024399181746,2.8464533352685684,9.769502177324082,7.93975791204938,-0.002424016161245535,0.007369065908740347,OK,15.249651409038892,2.4605925827785686,-0.129833081286205,0.13477840577394914,OK,-0.11032156330220658,-0.10097480305222752,-0.009727841433524415,-0.031093409554798807,-0.07309330004700977,14.258585254162057,3.451658737655405,-0.1552353803195506,0.16018070480729474,Small ratioRP,14.00758249947585,3.702661492341612,-0.15241561963239295,0.15736094412013713,Small ratioRP,4.946072321990919,12.764171669826542,-0.05061876805314196,0.055564092540886116,Small ratioRP,9.595894303280451,8.114349688537011,-0.10285478929332853,0.1078001137810727,Small ratioRP,12.981894467568992,4.728349524248469,-0.14089305768570246,0.14583838217344663,Small ratioRP,5.134539003664201,12.575704988153259,-0.5655815058786893,0.5705268303664334,5.137471711674886,12.572772280142575,-0.5175430920537717,0.5224884165415158,5.4621625683726815,12.248081423444779,-0.04857211331111571,0.053517437798859854,5.215268441020139,12.49497555079732,-0.15838214112439417,0.16332746561213832,5.15067574894062,12.55956824287684,-0.37424390136057567,0.3791892258483198,11.524746229739504,6.185497762077954,-0.0024898016191876706,0.007435126106931817,OK
2025-05-21 17:30:00,0.16984819689567765,-0.029892105778475404,0.03918193326641127,0.07523783791467349,-0.0677716189562095,0.25916255300843805,0.21857610435570737,4.519984441002814,0.12361428870067402,0.6226899331543243,0.9048517844798467,0.546519802622059,0.004727282130531872,-0.19881059227580392,-0.005077120267888914,16.324667696806035,15.066395982995843,11.685261591220037,4.638499179602841,0.0032541212681975996,-0.008330959473849446,OK,,,,,E>ET,-0.14631217459789622,-0.13262228733155368,-0.009767714866901648,-0.035615906301652955,-0.09600337152460313,13.021403465629403,3.303264231176631,-0.19702722092739391,0.19195010065950494,Small ratioRP,12.753476523166253,3.5711911736397837,-0.19307767710817564,0.1880005568402867,Small ratioRP,3.2006950571978074,13.123972639608228,-0.0522589574662502,0.047181837198361234,Small ratioRP,7.926947954017284,8.39771974278875,-0.1219292293137804,0.11685210904589143,Small ratioRP,11.763995291052606,4.560672405753429,-0.17849161327825228,0.17341449301036332,Small ratioRP,8.05433421818459,8.270333478621446,-0.49329411981528215,0.4882169995473932,8.049976354660897,8.274691342145138,-0.44737402884545113,0.4422969085775622,7.464172034724165,8.86049566208187,-0.03528202005977769,0.03020489979188877,7.923120498333223,8.401547198472812,-0.1219848013900214,0.11690768112213248,8.032211027278764,8.29245666952727,-0.3245429264151242,0.3194658061472353,,,,,unrealistic fluxes
2025-05-21 18:00:00,0.06855371289684668,0.9924772010261682,0.11581953418225019,0.11251615639001919,-0.6219559338352914,0.15283929220971887,0.21053208368932835,3.652035670160467,0.11758943887241345,0.4993887863560248,0.3325511905547068,0.24719270924289594,0.4258295591718835,0.20044070740919528,0.06803799709581393,19.476474358014954,9.086572063315566,8.689876161597285,10.785516170064449,-0.07234546138399438,0.14037967859108072,OK,9.280301280986441,10.196173077028513,-0.039473829162986085,0.10751182625880001,OK,-0.5781383756871742,-0.4959533947362374,-0.009741292723480125,-0.06783830689934472,,,,,,13b not satisfied,,,,,13b not satisfied,,,,,13b not satisfied,,,,,13b not satisfied,,,,,13b not satisfied,5.7990324653094465,13.677441892705508,-3.2235850140254683,3.291623011121282,5.813067845571515,13.663406512443439,-2.762500140035687,2.8305381371315006,10.741090470636411,8.735383887378543,-0.03468973970604407,0.102727736801858,6.436155370315887,13.040318987699067,-0.3606331681829929,0.42867116527880683,,,,,9.955055997946038,9.521418360068916,-0.12067056969726983,0.18870856679308376,OK
2025-05-21 18:30:00,0.07071073765893847,1.092600900151614,0.09371565462054951,0.03232647784589166,-0.16815595243741732,0.17072231207233693,0.30148356444530566,5.399864362853799,0.09584570378451568,0.3552067236367586,0.26374800999435993,0.7344948887294056,-0.11400812225065776,-0.1722912960855332,0.0772586156165408,16.255302626808163,2.6961058225007855,11.731464322831064,4.522935231608935,-0.03281582631575768,0.11007014978698644,OK,,,,,E>ET,-0.5188879269264502,-0.43996233930478706,-0.009869790833145708,-0.06407374286265402,-0.3151657438037118,13.673102207758143,2.58220041905002,-0.5462179463308103,0.6234765619473511,Small ratioRP,13.303773218232067,2.9515294085760955,-0.5293770008658866,0.6066356164824274,Small ratioRP,2.8749719727249268,13.380330654083236,-0.05383655313254352,0.1310951687490843,OK,6.997504009182102,9.25779861762606,-0.24181891891561594,0.31907753453215676,OK,12.441187759580856,3.814114867227307,-0.4900441700295471,0.5673027856460879,Small ratioRP,7.247854997299074,9.00744762950909,-1.9053631583263515,1.9826217739428922,7.276426802889124,8.97887582391904,-1.610422834006774,1.6876814496233148,15.461967983926998,0.793334642881165,-0.0031920289384123196,0.08045064455495311,8.37840368779855,7.876898939009614,-0.20574904083702178,0.2830076564535626,7.3508069716527435,8.904495655155419,-1.1440652247672154,1.221323840383756,10.495676784455389,5.759625842352774,-0.06686585152910672,0.14412446714564753,OK
2025-05-21 19:00:00,0.03862921445616696,0.16400420814037842,0.1082033436539657,0.1397581393687128,-2.4365924556830763,0.17964990908259823,0.15889688617376407,10.313969330701964,0.09760618177327386,0.2854794651323457,0.22832065843114974,0.6828150523149793,-0.06345666432810558,-0.5979413218551101,0.006335353727968521,10.253074339364915,6.369635026051845,8.430308923320505,1.8221958008033334,-0.0023651881027919315,0.008700189866664522,OK,,,,,E>ET,-0.3505758538988175,-0.3010093164611117,-0.009928563171931774,-0.053328509928571806,-0.232881166000703,8.068264661931359,2.1848096774335573,-0.312246848052451,0.3185822017804197,Small ratioRP,7.79608034745607,2.456993991908845,-0.30149942195415286,0.3078347756821215,Small ratioRP,1.0988094030809683,9.154264936283948,-0.03705205777109466,0.0433874114990633,Small ratioRP,3.7441374727149173,6.508936866649998,-0.14150505679477873,0.14784041052274735,Small ratioRP,7.288436470432293,2.964637868932621,-0.2814546774100592,0.2877900311380278,Small ratioRP,5.736437159108728,4.516637180256186,-0.6455050698000244,0.651840423527993,5.740503554297958,4.5125707850669565,-0.5537406634714176,0.5600760171993862,6.583702565632518,3.6693717737323963,-0.014851850573504057,0.021187204301472577,5.874081852446957,4.378992486917958,-0.09519981423389552,0.10153516796186404,5.7489174133775345,4.50415692598738,-0.42761244059277775,0.43394779432074626,6.739324661284949,3.513749678079965,-0.008876840836638148,0.01521219456460667,OK
2025-05-21 19:30:00,0.16584837382198886,1.635534910680843,0.03903783742058048,-0.02440154433178209,0.023066998042605646,0.3406534255418204,0.13908283092612692,9.894417215357226,0.2097347168279795,0.5720703777478002,0.4205141826787946,0.7316072476257883,-0.7180089151343008,-0.81067301685959,0.2712508052655096,15.88160962720081,-4.771697584737167,11.20964790196091,4.671076921674074,-0.10453760296607906,0.3757732850509614,OK,,,,,E>ET,-0.18506220936692827,-0.15229393194334384,-0.010272624032846626,-0.03814418653919161,-0.19186919016292206,7.6882907581390505,8.19331886906176,-0.6181303269287844,0.889381132194294,OK,7.072589071619834,8.809020555580977,-0.5469059832772789,0.8181567885427886,OK,2.8177681808818287,13.063841446318982,-0.05470849229627159,0.3259592975617812,OK,3.948869837208848,11.932739789991961,-0.1855542814810794,0.456805086746589,OK,7.80554895361377,8.07606067358704,-0.6316947497544918,0.9029455550200014,OK,7.797413122429665,8.084196504771144,-0.6098977848060937,0.8811485900716033,8.107119001854805,7.774490625346004,-0.4826774342399548,0.7539282395054644,32.28875586679555,-16.407146239594738,0.06870951682482265,0.20254128844068695,13.341437806541819,2.5401718206589905,-0.039499709648925574,0.31075051491443517,7.746347606909756,8.135262020291053,-0.6363253712174569,0.9075761764829665,,,,,Not enough points
2025-05-21 20:00:00,0.23510734821691398,1.3648369265138882,0.07036802650571207,0.0012481943654515067,-0.0005863685932500659,0.11807177105075611,0.1524245894630888,6.205728357232105,0.38761665717969435,1.0906655828878344,0.9818714279936936,0.7734207697631632,0.3065658728141501,0.49915622276092914,0.32088319054120334,40.582530392320976,0.34565004418068435,40.58027580729918,0.0,0.0,0.32086556351746165,OK,40.582530392320976,0.0,0.0,0.32088319054120334,OK,-0.17389837898997654,-0.14914699133065187,-0.010008383787316966,-0.03771119356748208,-0.13964663852100095,30.116792047153066,10.465738345167914,-0.7419384154740896,1.0628216060152929,OK,29.017823604521162,11.564706787799816,-0.7031558185982513,1.0240390091394547,OK,12.356148414181998,28.226381978138978,-0.11516529301452184,0.4360484835557253,OK,18.648113437936047,21.93441695438493,-0.337208741767905,0.6580919323091083,OK,28.532136266015684,12.050394126305298,-0.6860159121857929,1.0068991027269962,OK,29.59772600446666,10.984804387854314,-0.7787361094862808,1.099619300027484,30.09059358135191,10.491936810969065,-0.6379293960812686,0.9588125866224719,78.2310199877634,-37.64848959544243,0.15360804438809525,0.1672751461531081,40.32306827080758,0.2594621215133941,-0.003988840720677345,0.3248720312618807,30.326171987056764,10.256358405264212,-0.5838833977830251,0.9047665883242285,28.61427943449173,11.968250957829243,-0.8808784371716527,1.2017616277128562,OK
2025-05-21 20:30:00,0.2094139023014726,0.5105654929944544,0.04759022238312372,-0.01984448366377376,0.011774061311181139,0.21264936091430175,0.182248886845946,3.3950511693184704,0.3880738636625624,1.0545719095448833,0.9667288453559537,0.609030814433639,0.43633072268600426,-0.16299312360714305,0.10691951226844387,24.446730905121758,-4.907090657136387,17.52740490305416,6.917967850350648,-0.049376559083335776,0.15629013137887587,OK,,,,,E>ET,-0.12444088048261402,-0.11268453083513175,-0.009777047628662078,-0.0328161753477749,-0.15634784287445136,6.749590941549813,17.697139963571946,-0.8977772845866114,1.0046967968550553,Small ratioRP,6.314168887206166,18.132562017915593,-0.8329634096321833,0.9398829219006272,Small ratioRP,1.3370831002343644,23.109647804887395,-0.09210930585812883,0.19902881812657272,OK,2.6749966587101723,21.771734246411583,-0.2912617401774959,0.3981812524459398,OK,7.832388748475393,16.614342156646366,-1.0589549763431236,1.1658744886115675,Small ratioRP,11.805530518382275,12.641200386739483,-0.6412890772454228,0.7482085895138667,11.903287891357278,12.54344301376448,-0.5762136123372448,0.6831331246056886,22.794578080280147,1.652152824841611,-0.0065850700604586365,0.11350458232890251,14.421700483966186,10.025030421155572,-0.13411461727167504,0.2410341295401189,11.614309821814109,12.832421083307649,-0.8179051590834819,0.9248246713519258,15.138012491972024,9.308718413149734,-0.14520442445506773,0.2521239367235116,OK
2025-05-21 21:00:00,0.27172626678265877,-1.0001708179604452,0.06323220990239763,-0.005564155350439248,0.0019631259632250557,0.11068862027682251,0.285374180385818,14.915407055181689,0.4317328504125133,1.0311401972019694,1.0213861085042828,-0.4676301278724688,0.11258666641641085,-0.3821456924457329,-0.27177268250934994,42.147083783141724,-1.7876697823799284,5.625697847701402,36.519029342822414,-0.41414553711141855,0.14238732088936645,OK,13.137848473504116,29.00923530963761,-0.9809996353960434,0.7092269528866935,OK,-0.09490399638534812,-0.09035803687645802,-0.009548976468465453,-0.02937578985300654,,,,,,13a not satisfied,,,,,13a not satisfied,,,,,13a not satisfied,,,,,13a not satisfied,,,,,13a not satisfied,10.86768975498764,31.279394028154083,-1.2101669375392639,0.9383942550299139,10.758337161948477,31.38874662119325,-1.1562272827980338,0.8844546002886837,,,,,6.019171461652332,36.12791232148939,-0.43264816966323605,0.16087548715388614,,,,,,,,,Not enough points
2025-05-21 21:30:00,0.17249173918845037,-0.027184194016546166,-0.04814397783046036,0.008865887853095339,-0.007769467045202904,0.14995543737026007,0.5804431276103784,18.28672146611401,0.28257059180232863,0.8468871223499091,0.8693249642825185,-0.28070771993205756,-0.20969787542962787,0.20696011743109505,-0.004689048904350315,-20.370787560596725,1.8097326774238198,-11.621838459930084,-8.747826936905675,-0.006883084969061176,0.002194655532279525,OK,,,,,E>ET,-0.04371799373682248,-0.03920875365673966,-0.009883567425362828,-0.019399488194757307,,,,,,13a not satisfied,,,,,13a not satisfied,,,,,13a not satisfied,,,,,13a not satisfied,,,,,13a not satisfied,-16.640252238062917,-3.7305353225338074,0.06648655518366416,-0.07117560408801447,-16.664654002917565,-3.706133557679159,0.05923884128904129,-0.06392789019339161,-17.36660234431575,-3.0041852162809732,0.01210438937765643,-0.016793438282006745,-16.90623134704039,-3.4645562135563353,0.02739935481653453,-0.032088403720884846,,,,,,,,,Not enough points
2025-05-21 22:00:00,0.1369734487193096,0.10847155314928147,0.07078617773789522,0.005828077654878382,-0.008103037798363083,0.07791904371612335,0.3990827916207117,20.575977926241222,0.185107287071182,0.5872551663681391,0.6160150383330678,0.4212707291610103,0.002470150340006771,-0.017570231145531422,0.014857722722796972,23.783863352382195,0.9452224678906712,16.610317039611846,7.173309431859428,-0.0166662921386417,0.03152474635256898,OK,,,,,E>ET,-0.1401830520874547,-0.13035003588271452,-0.009632441246587794,-0.03521558894616496,-0.14226143594351548,12.473703621492024,11.31015973089017,-0.6463484348441944,0.6612061575669912,Small ratioRP,12.046583451280592,11.737279901101601,-0.6237076462593041,0.6385653689821009,Small ratioRP,1.9013361477123212,21.882527204669874,-0.08592831537947061,0.10078603810226745,Small ratioRP,5.2891938215319385,18.494669530850256,-0.26551189559461363,0.2803696183174104,Small ratioRP,12.560033809633238,11.223829542748959,-0.6509246259831649,0.6657823487059618,Small ratioRP,13.233648745785397,10.550214606596798,-0.6029193981778983,0.6177771209006953,13.244443318201979,10.539420034180216,-0.5600545371538488,0.5749122598766457,15.173071041055715,8.61079231132648,-0.03381286221990305,0.048670584942700025,13.660178752676313,10.123684599705882,-0.1453369406782971,0.1601946634010941,13.23155815796121,10.552305194420985,-0.6119796532705042,0.6268373759933011,14.038934666461486,9.744928685920708,-0.03242183258137635,0.04727955530417332,OK
2025-05-21 22:30:00,0.10429995775069262,0.5234032140137818,0.04436253670170423,0.054862579602381,-0.13166462028344444,0.17850414926068883,0.38852400656351543,12.544512671218234,0.11139606297237709,0.7003171337050897,0.4568734522033752,0.22453402842594639,0.1145984874765365,-0.030641820103109788,0.05459093310821416,11.350057256179294,6.782221178324871,5.013818136704365,6.335608560738467,-0.3497247074775065,0.40431260775610345,Small ratioRP,,,,,E>ET,-0.19204742978700517,-0.16936658504012153,-0.009904016462470666,-0.04014814322896133,,,,,,13b not satisfied,,,,,13b not satisfied,,,,,13b not satisfied,,,,,13b not satisfied,,,,,13b not satisfied,4.895567383947323,6.454489872231972,-0.5053274319398311,0.5599183650480453,4.933512238236505,6.41654501794279,-0.4430282582328477,0.49761919134106186,10.106596645350866,1.2434606108284285,-0.005020486897708357,0.05961142000592252,5.9676090469407415,5.382448209238553,-0.08809429336607247,0.14268522647428664,,,,,6.442429423610125,4.90762783256917,-0.3384536362006069,0.393044569308821,OK
2025-05-21 23:00:00,0.06954297543161976,1.1258982487228313,0.043694921792125065,0.05778310105359353,-0.31204437110858424,0.08790970236035345,0.4265253693952043,11.064310245803496,0.09793386130514659,0.3214079541335213,0.2882796116974903,0.5843413880990719,-0.12415965922834081,-0.0574324743304443,0.07829831424943558,7.453869462674965,4.76424983612834,6.508571829561708,0.9448830225062447,-0.0279838225281337,0.10627781058534212,OK,,,,,E>ET,-0.1540889011522453,-0.13168727939601868,-0.010087348056554122,-0.03542922279638089,,,,,,13b not satisfied,,,,,13b not satisfied,,,,,13b not satisfied,,,,,13b not satisfied,,,,,13b not satisfied,5.608229254064208,1.8456402086107575,-0.11593667821737964,0.19423499246681522,5.7449090304799695,1.7089604321949956,-0.09174412960097976,0.17004244385041534,17.078107162894753,-9.624237700219787,0.03957726680029639,0.038721047449139186,8.299207373220625,-0.84533791054566,0.012209402841805675,0.0660889114076299,,,,,4.594236208996734,2.8596332536782305,-0.20058209849407332,0.27888041274350894,OK
2025-05-21 23:30:00,0.08533187869881405,0.1775221148783612,0.05763543629311555,0.04600280914677957,-0.16506556391569302,0.09715808815434607,0.1413281666318384,8.866256639720909,0.0808998451273224,0.18067326081450893,0.3665953137249257,-0.3432054791967381,0.7587483409909419,-0.2874723961140422,0.01514829557315725,12.064197563543086,4.6545925887536175,3.0131939419130758,9.050333388432032,0.01898650641073024,-0.003839052409549255,OK,2.576690343203723,9.487507220339364,-0.011543913983008199,0.02669220955616545,OK,-0.18460472470815417,-0.161624682583132,-0.00993192711047425,-0.03919608056159991,,,,,,13a not satisfied,,,,,13a not satisfied,,,,,13a not satisfied,,,,,13a not satisfied,,,,,13a not satisfied,7.631024128741795,4.433173434801291,-0.3336260748124722,0.3487743703856294,7.6488298558503915,4.4153677076926945,-0.2909223009554188,0.3060705965285761,9.83348565158307,2.2307119119600163,-0.009031907099084188,0.024180202672241437,8.095608034598657,3.9685895289444293,-0.06341343452606103,0.07856173009921828,,,,,,,,,unrealistic fluxes
2025-05-22 00:00:00,0.09129710820981958,2.2024144964352566,0.019461206859470316,0.03203355905179469,-0.10048745469524412,0.09445957447000947,0.0670256429030748,10.304828639151024,0.09170078826555311,0.19478424761907476,0.4215921236585111,0.007897147546288943,0.30992276608767394,-0.218873345539082,0.2010740746039249,4.3583724316553525,3.4687496635078503,1.6286869489660483,2.7294433508875438,-1.0850255606755377,1.2860884644975406,Small ratioRP,1.7733754747035766,2.584996956951776,0.061106346854580496,0.1399677277493444,OK,-0.12714623467463038,-0.1025725235910173,-0.010438440865731124,-0.03128857277124308,,,,,,13b not satisfied,,,,,13b not satisfied,,,,,13b not satisfied,,,,,13b not satisfied,,,,,13b not satisfied,2.7583831510432804,1.5999892806120721,-0.08293216981230961,0.2840062444162345,3.0695844713790743,1.2887879602762782,-0.05389084119822973,0.25496491580215463,17.28170453062312,-12.923332098967768,0.05499365589208313,0.14608041871184177,6.738014122493893,-2.3796416908385405,0.030352870857434044,0.17072120374649086,,,,,2.1779355087042545,2.1804369229510976,-1.0165672524096303,1.2176413270135553,OK
2025-05-22 00:30:00,0.06054769900307867,5.25953818235634,0.046031658041857736,0.02937622780359449,-0.20951121152701355,0.14133669249361908,1.3102096062533422,57.38223877081742,0.06002765378649624,0.37976979757973833,0.22227199762695904,0.7905420511027197,-0.7364618464723168,-0.730034536211278,0.3184529347605112,6.83678322346826,2.1090668153373886,6.836403402178065,0.0,0.0,0.3184352429308024,OK,6.83678322346826,0.0,0.0,0.3184529347605112,OK,-0.6293273934353566,-0.4467808993552933,-0.01121874656978289,-0.06490657703575306,-0.17316471700537525,,,,,13b not satisfied,,,,,13b not satisfied,,,,,13b not satisfied,,,,,13b not satisfied,,,,,13b not satisfied,3.875565776418536,2.9612174470497243,-0.7597127017313918,1.078165636491903,4.118883352853942,2.7178998706143185,-0.49502884164317174,0.8134817764036829,36.68623323238944,-29.84945000892118,0.13651586420607023,0.18193707055444094,9.054124432173124,-2.2173412087048634,0.05867102648893274,0.25978190827157843,5.444320058147405,1.392463165320855,-0.09829820218638186,0.41675113694689303,,,,,Not enough points
2025-05-22 01:00:00,0.08426790824146375,14.321952345532031,0.13777690300543116,0.0014586365843789646,-0.005379087376855926,0.1545742251019286,1.3952706962858132,85.75922512921747,0.0942056245802196,0.2934856983839794,0.5703771796119415,0.5568858748704703,0.5098208401308172,-0.012139177962785953,1.2068809660919098,28.47975049388484,0.14587738027199548,,,,,OK,,,,,Q1+Q2<20,-0.22932194070334913,-0.1260491180471044,-0.01434230205969552,-0.03457845155692469,,,,,,13b not satisfied,,,,,13b not satisfied,,,,,13b not satisfied,,,,,13b not satisfied,,,,,13b not satisfied,28.47975049388484,0.0,0.0,1.2068809660919098,28.47975049388484,0.0,0.0,1.2068809660919098,28.47975049388484,0.0,0.0,1.2068809660919098,28.47975049388484,0.0,0.0,1.2068809660919098,28.47975049388484,0.0,0.0,1.2068809660919098,,,,,Not enough points
2025-05-22 02:00:00,0.1302712436250495,-0.17336866856278418,0.021876019414767398,0.0333250688699712,-0.05136988068312319,0.08805932307220339,0.06764023525283827,4.40542806909402,0.12152723049146534,0.35697260261087815,0.6332906172767916,0.5848187873171237,0.5326647472466683,-0.20795115331776762,-0.022584952059292916,6.9905992728465,5.145863134701157,3.613836178750228,3.376374727470001,0.04135488853393425,-0.06393858587366835,OK,4.309596879956046,2.681002392890454,-0.1251555478858967,0.10257059582660377,OK,-0.09900255410985787,-0.08887398595281729,-0.009837569519013682,-0.029120116115910432,-0.09929333797267934,3.2196512638660884,3.7709480089804113,-0.15219465320201564,0.1296097011427227,Small ratioRP,3.016080236603697,3.9745190362428024,-0.14399973460915091,0.12141478254985798,Small ratioRP,0.12312572789411103,6.8674735449523885,-0.027541479175889297,0.004956527116596348,OK,1.1587464403578862,5.831852832488614,-0.06923123997267411,0.046646287913381164,OK,3.2251881556293878,3.7654111172171123,-0.15241754531916923,0.12983259325987628,Small ratioRP,2.630804556413194,4.3597947164333055,-0.17596038007401585,0.15337542801472293,2.604715810611623,4.385883462234877,-0.15890376894144154,0.1363188168821486,0.5559563522033387,6.434642920643161,-0.02580564494979875,0.003220692890505833,2.081447445721567,4.909151827124933,-0.05827764828231222,0.0356926962230193,2.6314749502230503,4.359124322623449,-0.17645006303757726,0.15386511097828434,,,,,unrealistic fluxes
2025-05-22 02:30:00,0.06382843892950678,0.8984268840850582,0.025577621466578486,0.03588778700760301,-0.23061098632424934,0.12725280640240463,0.08885945235601367,8.185371790153429,0.08855346285611293,0.3488869754332979,0.30192964694267455,0.22046050998758251,0.11839419219253143,-0.7035647587690792,0.057345185503450205,4.004717880816013,2.716499472481968,2.035164569487558,1.9693308270017431,-0.09957321999185575,0.15691521965166688,OK,3.3834127712976967,0.6213051095183166,-0.0993278543781188,0.156673039881569,OK,-0.1173202050854019,-0.09841674350431617,-0.01019256285677187,-0.030630740013957963,,,,,,13b not satisfied,,,,,13b not satisfied,,,,,13b not satisfied,,,,,13b not satisfied,,,,,13b not satisfied,2.060961882318871,1.9437559984971422,-0.09296447304511406,0.15030965854856426,2.1521734000082655,1.8525444808077478,-0.07432588463024566,0.13167107013369586,7.052052811051456,-3.0473349302354427,0.01266210877377142,0.044683076729678785,3.4049213395999254,0.5997965412160879,-0.007489690956078765,0.06483487645952897,,,,,2.5354312269368537,1.4692866538791596,-0.15498576199993322,0.2123309475033835,OK
2025-05-22 03:00:00,0.07233593243061195,0.7994779132825723,0.02558888948346145,0.03420947705239739,-0.17113948691488812,0.08386878324710684,0.06722864403438211,5.962356330399458,0.10763280332761105,0.2587949812201733,0.3909559809807098,0.6915462809017195,0.05243721248364433,-0.47723982033533624,0.05783098031497479,4.540493631134608,2.9338835806365577,3.026337561492101,1.5139038048290963,-0.03125684698974003,0.08908460037871242,OK,,,,,E>ET,-0.11323856930652625,-0.09529118762774176,-0.010173732123094735,-0.030142696288331747,-0.12222616313829561,2.1096155740755727,2.430878057059036,-0.11221734746840319,0.17004832778337797,OK,1.9607242883269231,2.579769342807685,-0.10021577027386183,0.15804675058883663,OK,0.9045322061691664,3.635961424965442,-0.015080023460050638,0.07291100377502543,OK,1.223162965576432,3.3173306655581762,-0.040763673355030366,0.09859465367000517,OK,2.177899710847887,2.3625939202867214,-0.11772147979229917,0.17555246010727396,OK,2.388243162843705,2.1522504682909034,-0.0993549791351663,0.1571859594501411,2.4855109388100547,2.0549826923245536,-0.07982949095232814,0.13766047126730294,7.620039744619063,-3.0795461134844544,0.012772310321772673,0.04505866999320212,3.8119415199172826,0.7285521112173257,-0.008952517333325201,0.0667834976483,2.3502679789751646,2.1902256521594436,-0.10913284870384016,0.16696382901881496,3.1292738273993423,1.4112198037352661,-0.04570608372155919,0.10353706403653398,OK
2025-05-22 03:30:00,0.07286115785476639,1.8131336047510358,0.030443809004998153,0.022692070791170815,-0.11195661183166239,0.1003276877442777,0.054213895750338845,5.003757139377333,0.12050298265112086,0.22453408126841903,0.2659991897260297,0.5101113512725801,0.313963354201599,-0.3883530687663131,0.13210701378754683,5.441173888873987,1.9614898565774408,3.612870917026237,1.8280006844094794,-0.05497031094888635,0.187069884030732,OK,4.111637289230817,1.3295365996431698,-0.028847291435946276,0.1609543052234931,OK,-0.12940581221640796,-0.10448376047353412,-0.010413998502605094,-0.031548526220707265,,,,,,13b not satisfied,,,,,13b not satisfied,,,,,13b not satisfied,,,,,13b not satisfied,,,,,13b not satisfied,2.9190910654222018,2.522082823451785,-0.13305021453152452,0.26515722831907135,3.138542157175847,2.3026317316981397,-0.09807893286323177,0.2301859466507786,13.431501790657881,-7.990327901783894,0.03392224329576078,0.09818477049178605,5.77284706748987,-0.3316731786158833,0.004265715439163653,0.12784129834838318,,,,,3.1790279572625635,2.2621459316114234,-0.13253634166857226,0.26464335545611906,OK
2025-05-22 04:00:00,0.08453665600070913,0.8217387263891572,0.0449171636554514,0.05432218722328801,-0.19901062948485948,0.1104754443866782,0.08997643106193805,4.8178014564207725,0.10458382900658611,0.24710000775521734,0.2882546293169345,0.13491768971946935,0.838449927727359,-0.2805477051159858,0.06946704403522103,9.314401130985107,5.444896697796653,5.174160961627305,4.139722702628298,-0.07900976539444711,0.14847295014944398,OK,4.55938813836876,4.755012992616347,-0.028120406906476672,0.0975874509416977,OK,-0.15423964804405277,-0.12854291198299178,-0.010207630307942537,-0.03497096290778774,,,,,,13b not satisfied,,,,,13b not satisfied,,,,,13b not satisfied,,,,,13b not satisfied,,,,,13b not satisfied,4.1618824237668655,5.152518707218242,-0.3239798907222745,0.39344693475749554,4.2501021913208845,5.064298939664223,-0.26538105701460124,0.33484810104982227,10.38875805211204,-1.0743569211269328,0.004470704553462351,0.06499633948175867,5.6669462591310875,3.64745487185402,-0.05199959601770757,0.12146664005292859,,,,,4.267633320706501,5.046767810278606,-0.2250271135340774,0.29449415756929836,OK
2025-05-22 04:30:00,0.06972236146831035,0.40530157365136743,0.051004640299901635,0.06856824902282889,-0.3691028794763399,0.1106127709071235,0.09798294424200689,2.794540999056008,0.09311882711852033,0.24772556087065511,0.44195035403009497,0.5531696684947444,0.8428609278730074,0.16602516881346208,0.02825858282179565,8.723270212402335,5.666208678063575,4.95612131109659,3.7666642751828343,-0.01381903305771806,0.04207604595824581,OK,5.217466171384536,3.5058040410177993,-0.04211850298890868,0.07037708581070433,OK,-0.16763412214995302,-0.14186723058168277,-0.010114128623174847,-0.03673242595550494,-0.13506141894351942,5.994555357853314,2.7287148545490205,-0.18647603719521538,0.21473462001701102,Small ratioRP,5.688508423955911,3.034761788446424,-0.17551294349857804,0.20377152632037368,Small ratioRP,1.6078718807756744,7.11539833162666,-0.029337975512105912,0.05759655833390153,OK,3.1278998204888526,5.595370391913482,-0.08378782250900382,0.11204640533079945,OK,5.595861189975925,3.12740902242641,-0.17219417047928143,0.20045275330107706,Small ratioRP,2.7569852292896404,5.966284983112695,-0.40772643523870516,0.43598501806050083,2.7796476723228767,5.943622540079458,-0.3437445044369911,0.3720030872587868,4.70025904711456,4.023011165287775,-0.016587546831711812,0.04484612965350746,3.2016394803191828,5.521630732083152,-0.08268360865058498,0.11094219147238063,2.7870771064622706,5.936193105940065,-0.3268449506771311,0.35510353349892676,5.249045037589804,3.4742251748125312,-0.03833926562405902,0.06659784844585467,OK
2025-05-22 05:00:00,0.0670929062230433,0.4051279787511938,0.0675518957042695,0.09007244274834396,-0.5233394450668426,0.14359323900767212,0.1517478529627862,8.990865704950396,0.1186807572868841,0.3375235619353685,0.32758052237981206,0.5215280848345412,0.4754955699498553,-0.3829044955023913,0.027181213486684924,11.117616618015646,7.1602434041236895,8.574154631905733,2.542844340742248,-0.011582600694326031,0.03876230411359507,OK,,,,,E>ET,-0.19956248193320494,-0.17076726985168955,-0.010032570344442956,-0.04026448519894781,-0.17434548762249402,6.861083035291793,4.256533582723852,-0.3462879764371839,0.37346918992386885,Small ratioRP,6.458285584435802,4.659331033579845,-0.32436251118617204,0.351543724672857,Small ratioRP,1.2414176899535394,9.876198928062106,-0.04039284976824101,0.06757406325492597,OK,2.959461532422803,8.158155085592844,-0.13391109445355642,0.1610923079402414,OK,6.512438712541289,4.605177905474358,-0.32731022728017173,0.3544914407668567,Small ratioRP,5.747405803644023,5.370210814371623,-0.4368905823972843,0.46407179588396924,5.775680899625312,5.341935718390333,-0.37188250238595244,0.3990637158726374,8.915178330509477,2.202438287506169,-0.009007793334162316,0.03618900682084724,6.41080754172122,4.706809076294426,-0.07725937398562178,0.10444058747230671,5.771659115462449,5.345957502553197,-0.3799606879705535,0.40714190145723844,6.335983116338824,4.781633501676822,-0.031121426602982723,0.05830264008966764,OK
2025-05-22 05:30:00,0.11672758754627646,-0.02798476115617295,0.06807785879067764,0.04444656542646606,-0.08531547853049137,0.13484787994927866,0.157201217380424,3.9532781226625335,0.16472046056248268,0.4334578577246429,0.7581874939480199,-0.050217350168063606,0.22663756656309983,0.6425546286035789,-0.003266593657818815,19.49292203644794,6.148432994193421,10.40269275738481,9.089146338949991,-0.013776924826925363,0.010510512646531961,OK,11.776000236854625,7.716921799593315,-0.11069821479181978,0.10743162113400097,OK,-0.20418248315989163,-0.18796886712698388,-0.009645772530893179,-0.04219805728544608,,,,,,13a not satisfied,,,,,13a not satisfied,,,,,13a not satisfied,,,,,13a not satisfied,,,,,13a not satisfied,11.672849714040849,7.820072322407091,-0.6509261252666205,0.6476595316088017,11.67081855788408,7.822103478563859,-0.5993933670671375,0.5961267734093187,11.197936880380592,8.294985156067348,-0.0326178312118064,0.029351237553987584,11.582457680417845,7.910464356030095,-0.13608081045668044,0.13281421679886163,,,,,10.165442896933838,9.327479139514104,-0.060873781657871585,0.0576071880000527,OK
2025-05-22 06:00:00,0.15261986649927356,-0.005787194863432673,0.0547389457548923,0.04749570113450441,-0.053369270684778265,0.10458592719656344,0.1505720579764263,3.137383013106437,0.22149109176378837,0.5891829640845534,0.5194532868738793,0.5151696050633472,0.7600000124893882,0.3476328303944324,-0.0008832409074623763,20.492976705665736,8.598754946578586,11.998604464971063,8.493233741988801,0.001150595663974701,-0.0020337875024977903,OK,17.710228905830085,2.7827477998356507,-0.1470009600379818,0.14611771913051944,OK,-0.23114637470220314,-0.21868872941632955,-0.009523582341384973,-0.045497242417931405,-0.13680814100282984,17.45178652657366,3.041190179092075,-0.2865715795666922,0.2856883386592298,Small ratioRP,17.305420508938866,3.187556196726871,-0.2841755461089847,0.2832923052015223,Small ratioRP,3.884896995937307,16.60807970972843,-0.06447958200076619,0.0635963410933038,Small ratioRP,10.860156484185023,9.632820221480712,-0.17866561630046707,0.17778237539300468,Small ratioRP,15.830551006450833,4.662425699214903,-0.26003171319746904,0.25914847229000665,Small ratioRP,9.098989086565357,11.393987619100379,-1.0736563112747,1.0727730703672376,9.098751902242157,11.39422480342358,-1.015812696675389,1.0149294557679267,9.002096510459063,11.490880195206673,-0.04461245157523056,0.043729210667768185,9.081999442905577,11.41097726276016,-0.21164614706453408,0.21076290615707172,9.096117960774512,11.396858744891224,-0.6356229344314769,0.6347396935240145,,,,,unrealistic fluxes
2025-05-22 06:30:00,0.14615599862182266,0.33368462796652076,0.05099436850353107,0.06296988422655626,-0.0771937714842049,0.12339709546445955,0.2676110300586023,11.680398570152715,0.22705439600907837,0.6798668206501199,0.5535527498814601,-0.576585065993624,0.0815939698947673,0.20505674188438033,0.048770010025198214,18.28253488772904,10.92453045876308,3.293476284017512,14.988042907328877,0.06132212938730058,-0.012554828807103876,OK,9.280258619049496,9.002276268679543,-0.0835802038663761,0.1323502138915743,OK,-0.12328309943303704,-0.11399162331684844,-0.009677374170751677,-0.03292639513422535,,,,,,13a not satisfied,,,,,13a not satisfied,,,,,13a not satisfied,,,,,13a not satisfied,,,,,13a not satisfied,9.96674329735497,8.315791590374069,-0.41793581797818974,0.46670582800338795,10.007689643594105,8.274845244134934,-0.38453446476748643,0.43330447479268464,15.863946101584812,2.418588786144227,-0.009541617875540906,0.05831162790073912,11.345283938631141,6.937250949097898,-0.09311808638209423,0.14188809640729244,,,,,,,,,unrealistic fluxes
2025-05-22 07:30:00,0.140369031554407,-0.1362143238830694,0.09841302409461576,0.11546123959095698,-0.15314058232065678,0.17138222580251433,0.15536855361645532,5.032139003320376,0.21108980404010771,0.48022801601855725,0.6030603611838715,-0.2331483970774092,0.9207845899433714,-0.10724375783131705,-0.019120272727304783,33.88608758968276,19.205340371474446,10.916376954324019,22.9678280749371,-0.05549475663410114,0.03637554614417006,OK,10.640144280314233,23.245943309368528,-0.15702593553705088,0.1379056628097461,OK,-0.27672053002912467,-0.26150714716499796,-0.00945616373610708,-0.049590598148732665,,,,,,13a not satisfied,,,,,13a not satisfied,,,,,13a not satisfied,,,,,13a not satisfied,,,,,13a not satisfied,14.17193492504914,19.71415266463362,-2.2239342741265773,2.2048140013992725,14.167790369928456,19.718297219754305,-2.102109927798393,2.082989655071088,12.158387961142115,21.727699628540645,-0.08375894223254518,0.0646386695052404,13.845639704945102,20.04044788473766,-0.40514382298110263,0.38602355025379786,,,,,14.971093904422967,18.91499368525979,-0.3072674643247929,0.288147191597488,OK
2025-05-22 08:00:00,0.1555374939385981,0.27915707440780346,0.0877379739302834,0.081714612344556,-0.0883146548401181,0.13437465546053495,0.14541438603318876,2.7581708745810536,0.2530297841642309,0.7764607784317181,0.4936611644415792,0.26621723071429393,0.7018294391669915,-0.15876104590539308,0.0434193917686205,33.47497387526261,15.069918003234621,21.648259066834875,11.824855087656884,-0.04586978833307911,0.089286767913268,OK,20.359481719037362,13.115492156225251,-0.11197840656043387,0.15539779832905437,OK,-0.3240883907278184,-0.2934377619603692,-0.009649963278257501,-0.05250764689721727,-0.2829612573860881,21.561234000352005,11.913739874910604,-1.5740337479043178,1.6174531396729381,Small ratioRP,20.796419417381987,12.678554457880624,-1.516659863437867,1.5600792552064875,Small ratioRP,2.217942566233771,31.25703130902884,-0.12296339352607964,0.1663827852947001,OK,7.881663047422101,25.593310827840508,-0.5478371495633845,0.591256541332005,Small ratioRP,20.511979597524146,12.962994277738462,-1.4953221199826805,1.538741511751301,Small ratioRP,16.383714586615344,17.09125928864727,-2.258083456326772,2.3015028480953923,16.400352178331097,17.074621696931516,-2.042535172061779,2.0859545638303993,21.57383018726305,11.901143687999564,-0.046818426236633445,0.09023781800525395,17.20755576101372,16.267418114248894,-0.3482119226548621,0.39163131442348265,16.40686552177908,17.068108353483535,-1.9688599269888678,2.0122793187574883,18.291133235355126,15.183840639907485,-0.3557894603538355,0.399208852122456,OK
2025-05-22 08:30:00,0.23077138010118142,-0.15083310208330614,0.0666573501817719,0.06383310508659576,-0.03132951530483507,0.1712498159329481,0.18236095041436437,4.410089887754195,0.29029903417927033,0.724595995041296,0.5516765637489371,0.13418685135552602,0.2940984187122853,-0.29062802262803267,-0.03480796313270694,37.73353912965734,17.46332107780103,14.665893710827223,23.065549111100697,1.1973448152032362,-1.232150844560215,Small ratioRP,16.512840795710474,21.220698333946864,-0.2515794909826607,0.21677152784995377,OK,-0.19335717097470348,-0.17680085806611895,-0.0096872577530762,-0.04093886492436475,-0.16789789953901513,23.96596877194846,13.767570357708875,-1.0852256239550946,1.0504176608223876,Small ratioRP,23.16425094105491,14.569288188602426,-1.0500866910548587,1.0152787279221518,Small ratioRP,2.3903399592780414,35.34319917037929,-0.13957549130932456,0.10476752817661762,OK,9.830631517267499,27.90290761238984,-0.46568013279276743,0.43087216966006053,Small ratioRP,22.6932842882016,15.040254841455736,-1.0294444339225075,0.9946364707898006,Small ratioRP,14.241982731142674,23.491556398514664,-1.8517166273988952,1.8169086642661882,14.226190246449505,23.507348883207833,-1.694300633269779,1.659492670137072,11.044498784736826,26.689040344920514,-0.1053989453744373,0.07059098224173035,13.614108671549976,24.11943045810736,-0.40253652897556713,0.3677285658428602,14.21641030602268,23.517128823634657,-1.6096520720247407,1.5748441088920337,,,,,unrealistic fluxes
2025-05-22 09:00:00,0.2297228959874275,0.30009939215663156,0.07657677915415993,0.09596874222902406,-0.04758021272084336,0.42623517953339307,0.3949285677000564,6.767746517410422,0.32742350244882573,0.9664519723921431,0.6813078696673179,0.18003058076364734,0.9439666676655539,0.4452573045387721,0.06893970145028809,43.15180102649211,26.162865502024275,17.14132136627313,26.00808233793973,-0.16598317385989095,0.23491904532676505,OK,40.56268254255867,2.58911848393344,-0.3929181978676214,0.4618578993179095,OK,-0.15306646039043176,-0.13484164717396172,-0.00989137890230564,-0.03577606426361066,,,,,,13b not satisfied,,,,,13b not satisfied,,,,,13b not satisfied,,,,,13b not satisfied,,,,,13b not satisfied,14.061207470859081,29.090593555633028,-1.8152442667009587,1.884183968151247,14.108650282927309,29.0431507435648,-1.5965048044777614,1.6654445059280496,19.142123138342928,24.00967788814918,-0.09681566298980555,0.16575536444009364,15.212011243859378,27.93978978263273,-0.4074911189462866,0.4764308203965747,,,,,,,,,unrealistic fluxes
2025-05-22 09:30:00,0.27386512528899276,-0.13094395012695095,0.11081315005077313,0.13216415919129337,-0.0462164379780308,0.25567022514999377,0.2658762637535941,4.218152945958594,0.34768865293957246,1.0755266018248812,0.7112203132958742,-0.5965463891868178,0.8147343169305754,-0.23725927122347185,-0.035860981307353046,74.44329376635817,43.065782410205685,18.279230704768672,56.159927323046915,-0.05658663866952288,0.020727649638909124,OK,18.95744942372772,55.48584434263044,-0.1443667213221987,0.10850574001484566,OK,-0.5010155568601031,-0.47946949452504234,-0.00923993014660448,-0.06644349499374147,,,,,,13a not satisfied,,,,,13a not satisfied,,,,,13a not satisfied,,,,,13a not satisfied,,,,,13a not satisfied,34.9430266733191,39.500267093039064,-8.067773466670108,8.031912485362755,34.939314434680796,39.50397933167737,-7.721546270642914,7.685685289335561,30.546322269906774,43.89697149645139,-0.16535057084170354,0.1294895895343505,34.40272254019935,40.04057122615882,-1.0845640007386188,1.0487030194312656,,,,,26.009426870694483,48.433866895663684,-0.09658084694123892,0.060719865633885865,OK
2025-05-22 10:00:00,0.25022499305285956,0.03983898400124367,0.08628425099670615,0.09810869376426828,-0.04114643448382932,0.22972142100601137,0.21643590685714165,1.804303291712312,0.358289716031357,1.0493394485889376,0.7493595057395651,0.2861427840368645,0.9218233706942857,0.2821976055214004,0.00996870949494418,52.961437888562536,29.253648061846015,41.00401738294574,11.954478203511854,-0.017419439126904173,0.027387594804654195,OK,51.153717387458606,1.8077205011039297,-0.10583057547367612,0.1157992849686203,OK,-0.2992600501346287,-0.2845140119812484,-0.009449274571821003,-0.05164256203653447,-0.15343537887964936,47.410499804415636,5.550938084146897,-0.6772009822078081,0.6871696917027523,Small ratioRP,47.154759236089966,5.806678652472571,-0.6734942681209095,0.6834629776158537,Small ratioRP,11.663635796287128,41.29780209227541,-0.15908449701697197,0.16905320651191616,Small ratioRP,31.64713490187143,21.314302986691107,-0.4487261370793855,0.45869484657432974,Small ratioRP,43.12737957261868,9.834058315943855,-0.6151212652390096,0.6250899747339537,Small ratioRP,36.3713272307202,16.590110657842338,-2.023953260173231,2.0339219696681754,36.374231181677864,16.587206706884672,-1.9238861507289151,1.9338548602238592,38.089764347872936,14.8716735406896,-0.05728761786728958,0.06725632736223376,36.63997987399728,16.32145801456526,-0.34361268163223757,0.35358139112718173,36.424577655945036,16.5368602326175,-1.0343821505387174,1.0443508600336615,29.54495069649542,23.41648719206712,-0.11970813232777038,0.12967684182271458,OK
2025-05-22 10:30:00,0.25867878987554005,0.016894640703795826,0.09477112071504284,0.09774457069808981,-0.038368441752823085,0.22816371867184448,0.211964925332178,2.899484984771373,0.3278312549268815,0.9044863145292673,0.662041349196106,0.09126564243887991,0.7564816362288671,-0.4619542647554837,0.004370285212639946,60.13597894966937,30.15016233832043,32.008732979941676,28.123905082008275,-0.017964242186555037,0.02233428460557206,OK,33.8008306526629,26.33514829700647,-0.17658917965001614,0.18095946486265607,OK,-0.5293923741494654,-0.5035909498541967,-0.009296849460347499,-0.06813588059206119,-0.40415044269293005,45.233976722170816,14.902002227498562,-3.2160645490361572,3.220434834248797,Small ratioRP,44.667072383231506,15.46890656643787,-3.175703771286693,3.180074056499333,Small ratioRP,3.09775342205501,57.038225527614365,-0.21617439715270395,0.22054468236534389,Small ratioRP,16.92142515275298,43.21455379691639,-1.200351274906603,1.2047215601192431,Small ratioRP,42.009405662324234,18.12657328734514,-2.9864910797382977,2.9908613649509377,Small ratioRP,28.750264797407343,31.38571415226203,-6.773484602300233,6.777854887512873,28.750760654643916,31.385218295025457,-6.443258007571622,6.447628292784262,29.29168967859054,30.844289271078832,-0.11689959806956027,0.12126988328220022,28.815782326747954,31.32019662292142,-0.8699670514550556,0.8743373366676955,28.753263943280267,31.382715006389105,-5.170541444247133,5.174911729459773,30.403074409348154,29.73290454032122,-0.1087786796545314,0.11314896486717148,OK
2025-05-22 13:00:00,0.2964472208763556,-0.21675507024954313,0.3015290950226068,0.2343472179912339,-0.06908837394727071,0.5682557101610806,0.6416348242304581,4.49854616134645,0.42228508026422,1.2469342748327066,1.1637589362736867,-0.5918256319253209,0.8015675463358388,-0.3798342684521732,-0.06425643818633629,219.26744485709355,81.74536536512804,57.13185950150642,162.1234038308728,-0.09714412385054562,0.03289125546633083,OK,57.20477908264497,162.0626657744486,-0.17975122977783453,0.11549479159149822,OK,-0.27887522885515426,-0.26188729184017673,-0.009100680937309733,-0.0487980143965546,,,,,,13a not satisfied,,,,,13a not satisfied,,,,,13a not satisfied,,,,,13a not satisfied,,,,,13a not satisfied,111.53746831231481,107.72997654477874,-12.247542545244823,12.183286107058487,111.5187701889171,107.74867466817645,-11.50346865398164,11.439212215795305,102.99272759572754,116.274717261366,-0.43138161552042087,0.36712517733408456,110.17839381212357,109.08905104496998,-2.170130078841795,2.105873640655459,,,,,82.60597891654781,136.66146594054572,-0.18049885289785236,0.11624241471151606,OK
2025-05-22 13:30:00,0.3242539096435512,-0.13022476774004238,0.3277422060113409,0.24906954630897565,-0.061328968522507944,0.55868750483491,0.6790729565297163,2.787979945064953,0.4748587144768508,1.5161690073933685,1.308410759179481,-0.5635167559496584,0.4639897783596074,-0.12112966605428907,-0.04222589007213214,260.6844596281929,94.95490588953672,99.11152188504936,161.55845527316413,-0.08042912505940773,0.03820558087005736,OK,96.2709841384226,164.4134754897703,-0.1524559470188433,0.11023005694671115,OK,-0.12288203124826177,-0.1135131654649054,-0.00946453210757707,-0.03265394771132768,,,,,,13a not satisfied,,,,,13a not satisfied,,,,,13a not satisfied,,,,,13a not satisfied,,,,,13a not satisfied,146.44591703968808,114.2385425885048,-5.7227330452982175,5.680507155226086,146.40670698443887,114.27775264375401,-5.288230511540148,5.246004621468016,140.75296415502146,119.93149547317142,-0.4627376639280737,0.4205117738559416,145.13322542335663,115.55123420483625,-1.538199738974358,1.4959738489022258,,,,,99.67141222843019,161.01304739976268,-0.1133025013288242,0.07107661125669207,OK
2025-05-22 14:00:00,0.30624942112317133,-0.1877242592648289,0.37127511961070697,0.26285918454377477,-0.07243730624891971,0.4786914365236394,0.6412217255743903,1.911579500877881,0.4810701869487934,1.519854232788002,1.2514636817176716,-0.4430002792301784,0.9543304771288472,-0.5523386891524127,-0.05749044573062999,278.9129449940019,94.50199778232749,98.02853160382739,180.86891822656378,-0.10718068694963513,0.049693435132656866,OK,92.17493041955217,186.73801457444975,-0.13452534295423568,0.07703489722360568,OK,-0.1300729353898755,-0.11980149749906113,-0.009419269924210591,-0.03346897168012995,,,,,,13a not satisfied,,,,,13a not satisfied,,,,,13a not satisfied,,,,,13a not satisfied,,,,,13a not satisfied,149.7367002225205,129.1762447714814,-6.849707843484565,6.7922173977539355,149.686601534878,129.2263434591239,-6.31125538635591,6.25376494062528,142.25189282037675,136.66105217362517,-0.5247645081736656,0.4672740624430356,148.05010863879173,130.8628363552102,-1.7855053257048552,1.7280148799742252,,,,,111.08205364219728,167.83089135180458,-0.19251896730420653,0.13502852157357653,OK
2025-05-22 14:30:00,0.30141636309879427,0.06345820385575576,0.22275755806006586,0.1118225440978401,-0.03183579714056187,0.3696915296985154,0.46595086579058415,2.5401006526267533,0.4485511161167892,1.4449589052728995,1.176803818966561,-0.20038331768219386,0.716968145281193,-0.5195669896854869,0.019127341014983784,164.7012221769319,39.60209632370793,83.08307009263184,81.6090020164013,-0.3746243993442146,0.39375067772914246,Small ratioRP,83.34085470000866,81.36036747692324,-0.11580555129409181,0.1349328923090756,OK,-0.055511606288617656,-0.05046158514963645,-0.009721463610420488,-0.021986262773205804,,,,,,13a not satisfied,,,,,13a not satisfied,,,,,13a not satisfied,,,,,13a not satisfied,,,,,13a not satisfied,81.45340449323119,83.24781768370072,-1.8839054544004141,1.9030327954153978,81.49502334159332,83.20619883533858,-1.711665995722389,1.7307933367373727,83.41224056719847,81.28898160973344,-0.3221556773938703,0.3412830184088541,82.08753635362335,82.61368582330856,-0.7404672666833789,0.7595946076983627,,,,,,,,,unrealistic fluxes
2025-05-22 15:00:00,0.3311131294352838,-0.037017803020034726,0.2655898777220198,0.16293665152932008,-0.03842984510319705,0.38298372706917333,0.512858825575538,2.5729520569800814,0.4596554861680051,1.3100165144124312,1.405949831251685,-0.3801841890206491,0.8647053851116577,-0.43204757795546206,-0.012257080602782598,215.71754500591388,63.37992786201607,78.747633029769,136.95792766808904,-0.039695169835343186,0.02743877018148297,OK,76.97507694346095,138.74246806245293,-0.1589617401909166,0.146704659588134,OK,-0.07185426883390965,-0.06606088353320766,-0.009618994864095096,-0.025094139529889804,,,,,,13a not satisfied,,,,,13a not satisfied,,,,,13a not satisfied,,,,,13a not satisfied,,,,,13a not satisfied,97.76547426171292,117.95207074420095,-3.455099796481919,3.442842715879136,97.74881087260918,117.9687341333047,-3.1769746457970567,3.164717565194274,96.53610538750101,119.18143961841287,-0.4673484123868621,0.4550913317840795,97.4114127695392,118.30613223637468,-1.210269298647036,1.1980122180442534,,,,,90.64270726334243,125.07483774257143,-0.053627315162508606,0.041370234559726,OK
2025-05-22 15:30:00,0.3086526027018086,-0.10046387836890877,0.2605315250030653,0.13689716790608392,-0.03717389976677846,0.2881178211618441,0.4636754587398997,1.3722670446593914,0.47490952683602405,1.3832500560517236,1.3730530222385224,-0.4616667321631307,0.838277387006935,-0.43286313061186726,-0.031008437536081623,197.25488773109942,49.669910138326415,66.48666633858417,130.75726278764122,-0.0603567473276306,0.02935003248252319,OK,60.17047859940102,137.0844091316984,-0.08746152766434803,0.056453090128266416,OK,-0.061638992472047016,-0.05651949524240615,-0.009656976989001859,-0.023236528569238205,,,,,,13a not satisfied,,,,,13a not satisfied,,,,,13a not satisfied,,,,,13a not satisfied,,,,,13a not satisfied,100.19755937800899,97.05732835309043,-2.4388568820681353,2.407848444532054,100.14042391227665,97.11446381882277,-2.2376112824202097,2.206602844884128,96.80217730085427,100.45271043024515,-0.3954625002477557,0.3644540627116741,99.1550869511951,98.09980077990431,-0.9292698016546359,0.8982613641185543,,,,,79.13134564026069,118.12354209083873,-0.12210473801810823,0.09109630048202663,OK
2025-05-22 16:00:00,0.3633526353858112,0.004554917195655374,0.18687037609070545,0.07354081857511553,-0.014433118375077107,0.25725609064063165,0.3844697807854792,2.2166306016907713,0.4681006959081585,1.3352920698191026,0.980122592710382,-0.04733466583554968,0.6378623639283724,-0.2779277788135094,0.0016550411670055289,166.55831641971827,31.470335055993036,80.06206728690621,86.48699589301098,-0.026603994084883342,0.028258943305157387,Small ratioRP,80.47806037254887,86.0802560471694,-0.1500842539666543,0.15173929513365983,OK,-0.04432710314086264,-0.04027387190018777,-0.009762492102108208,-0.019659620800566144,,,,,,13a not satisfied,,,,,13a not satisfied,,,,,13a not satisfied,,,,,13a not satisfied,,,,,13a not satisfied,77.60368995827609,88.95462646144217,-1.6074606204701412,1.6091156616371467,77.60798228032823,88.95033413939004,-1.460405365922826,1.4620604070898315,77.75469285588032,88.80362356383795,-0.3534222069631303,0.35507724813013586,77.65720353654399,88.90111288317428,-0.7124998646683781,0.7141549058353837,,,,,,,,,unrealistic fluxes
2025-05-22 16:30:00,0.30126114733216325,-0.07917249960532823,0.1911450195650467,0.07138107516152464,-0.020380798592181948,0.1698844441695542,0.37779415256233434,1.0900387138626872,0.39049991324253375,1.2079423209514208,1.0775491227386016,-0.3318167697641821,0.7986273293506999,-0.3711376796713026,-0.023851598068256423,141.25494506114015,25.33395888843368,64.95252889789441,76.29456866629792,-0.08312541355976008,0.05927514058028521,OK,56.64327083640942,84.61167422473073,-0.0676244401904658,0.04377284212220938,OK,-0.043433784651359,-0.03974483628841424,-0.009730110391264672,-0.019529283728485274,,,,,,13a not satisfied,,,,,13a not satisfied,,,,,13a not satisfied,,,,,13a not satisfied,,,,,13a not satisfied,76.13622843030342,65.11871663083673,-1.1530176579358469,1.1291660598675906,76.06818935663614,65.18675570450401,-1.0561911674065905,1.0323395693383342,73.59703369031243,67.65791137082772,-0.26837299081963095,0.24452139275137452,75.23894449075387,66.01600057038628,-0.5255789668809295,0.5017273688126731,,,,,61.39990928287249,79.85503577826765,-0.08526548538354468,0.061413887315288275,OK
2025-05-22 17:00:00,0.2770732832991268,-0.012606932563077584,0.15431566005177944,0.020942171642631093,-0.007078267838750879,0.2104552476327946,0.3359599714914249,1.283731343000071,0.3566751230726552,1.140270839236558,0.8241167571607283,-0.1339361639316928,0.16436199389847977,-0.7546388790088305,-0.003493044197582582,104.88229939758018,6.8446956807183605,38.46559832416187,66.41087427900733,-0.018722736343345685,0.015229886203774102,Small ratioRP,45.30779142674242,59.574507970837765,-0.07145892555326125,0.06796588135567867,OK,-0.03968303242279397,-0.03615357551843577,-0.009768414888188727,-0.018630833378966552,,,,,,13a not satisfied,,,,,13a not satisfied,,,,,13a not satisfied,,,,,13a not satisfied,,,,,13a not satisfied,43.530994832211185,61.351304565369,-0.9925013486539931,0.9890083044564105,43.52222795739943,61.360071440180754,-0.9043562888826694,0.9008632446850868,43.25598543507613,61.62631396250406,-0.2454102742827222,0.2419172300851396,43.4295211635824,61.45277823399778,-0.46674132570411536,0.4632482815065328,,,,,49.14551748095271,55.736781916627464,-0.02756734905637639,0.024074304858793822,OK
2025-05-22 17:30:00,0.16399879515517438,0.12522760661085633,0.16330892414017562,-0.03080108098042887,0.029772387716157388,0.14351463605097822,0.30010503151848533,1.2310572734421414,0.26277336254773426,0.7520423591404545,0.5468965786545323,0.016788155536130795,-0.6102881735228345,-0.09840859838100248,0.020537176604346587,65.69739105322884,-5.971114076270433,34.70363838978786,30.990102808382456,-0.13069522207341913,0.15123125772350995,Small ratioRP,40.244082229159154,25.453308824069687,-0.03196402308713042,0.052501199691477006,OK,-0.048099640976861764,-0.04360025298490663,-0.009787096749673282,-0.020431991655460287,,,,,,13b not satisfied,,,,,13b not satisfied,,,,,13b not satisfied,,,,,13b not satisfied,,,,,13b not satisfied,32.82569428938242,32.87169676384642,-0.6445645383780193,0.6651017149823659,32.87885094907759,32.81854010415125,-0.5833251737204638,0.6038623503248104,34.84211132781306,30.855279725415784,-0.12310787114181682,0.1436450477461634,33.52321130545493,32.17417974777391,-0.2679912646260888,0.28852844123043536,,,,,32.46435696244749,33.23303409078134,-0.2121680405157483,0.2327052171200949,OK
2025-05-22 18:00:00,0.2211922546582082,0.22219270046459833,0.11166758738988453,-0.051373922518413564,0.027310408309031746,0.23681930109643642,0.32382531160444405,1.8831570606564263,0.2951794071871242,0.9634434674428521,0.5845593066531551,-0.13027629053250117,-0.23168347210969403,-0.813425952690762,0.04914730438436041,60.58911331245812,-13.43985676360086,24.895601664351027,35.69014558625638,0.4929719621166208,-0.4438273881380591,Small ratioRP,34.35014328312122,26.238970029336897,-0.02892546800960033,0.07807277239396074,OK,-0.03769720256302805,-0.03374724437190101,-0.00987390124214991,-0.017995051355228192,,,,,,13a not satisfied,,,,,13a not satisfied,,,,,13a not satisfied,,,,,13a not satisfied,,,,,13a not satisfied,27.846433349642236,32.742679962815885,-0.5031828124805013,0.5523301168648618,28.00984328352901,32.57927002892911,-0.4482105940172936,0.49735789840165395,31.7805220882924,28.808591224165717,-0.11596134719644466,0.16510865158080507,29.37500158083807,31.214111731620047,-0.22898473037844821,0.2781320347628086,,,,,,,,,unrealistic fluxes
2025-05-22 18:30:00,0.11416003079883447,0.42858153139319954,0.10684687545894477,-0.033303813067127756,0.06663384588235169,0.3948831128040406,0.3510126321702942,4.4985640508376425,0.18174399554378887,0.7210263185284037,0.5256257181381702,0.8132653032684362,-0.8561629240064368,-0.8276124874350232,0.0489268808236593,29.920817281002755,-4.509307539366647,21.55774828331821,8.36140673005782,-0.037238169519322045,0.08616236874240561,OK,,,,,E>ET,-0.04505410869417663,-0.03917490827076379,-0.010025963087041984,-0.019363632022093763,-0.03457397589939702,22.88467446499218,7.036142816010572,-0.1292324269141012,0.17815930773776045,OK,22.174778146721714,7.746039134281041,-0.12370581840489445,0.1726326992285537,OK,14.421783626971443,15.49903365403131,-0.06334803885044409,0.11227491967410336,OK,18.184734726040404,11.736082554962348,-0.09264296126180381,0.14156984208546308,OK,21.510748599776473,8.410068681226281,-0.11853628695352267,0.16746316777718193,OK,17.172969205776642,12.747848075226113,-0.23413898605710864,0.28306586688076796,17.383663599003405,12.53715368199935,-0.20022089093713524,0.24914777176079453,22.077909738500065,7.84290754250269,-0.0320557282984978,0.0809826091221571,19.035605421840756,10.885211859161998,-0.0859263093857905,0.1348531902094498,17.59852858049948,12.322288700503275,-0.17367733899576537,0.2226042198194247,20.945746764156837,8.975070516845916,-0.036627614521621416,0.08555449534528071,OK
2025-05-22 19:00:00,0.10364406485496779,1.7206238332441064,0.11443300646813301,-0.03191895363736562,0.07764557003681494,0.3547484020501758,0.4462721731251104,8.452272170773327,0.13235303646238447,0.3831587077752083,0.5035773670674203,0.8794252885355417,-0.8090529521871919,-0.7707075303317517,0.17833244816375543,29.093320668465505,-3.9333147538652655,26.20542084473213,2.8862835281406807,-0.01578515057577427,0.19410769138129835,OK,,,,,E>ET,-0.06650872565419104,-0.05426639350796181,-0.01037829526141309,-0.02275314389720002,-0.062298598757533054,17.791772982535022,11.301547685930482,-0.30642133490065626,0.4847537830644117,OK,16.64927515777854,12.444045510686966,-0.275292894624511,0.45362534278826644,OK,9.5760074323933,19.5173132360722,-0.08257498551709877,0.2609074336808541,OK,12.271962753035238,16.821357915430266,-0.15602885332086822,0.3343613014846236,OK,17.42330806485013,11.670012603615374,-0.2963821576388054,0.4747146058025608,OK,15.150732860703572,13.942587807761933,-0.3780284335164725,0.5563608816802279,15.780971699792255,13.31234896867325,-0.2945019028329931,0.47283435099674853,30.260031846958924,-1.1667111784934185,0.004936189602607416,0.17339625856114801,20.523079342273267,8.570241326192239,-0.07949446968144408,0.2578269178451995,15.339527158324525,13.75379351014098,-0.3493037355410659,0.5276361837048213,21.542645710715306,7.550674957750195,-0.06222852699162883,0.24056097515538424,OK
2025-05-22 19:30:00,0.0947867460592637,0.5981953738293746,0.10814536992462798,-0.05399413562283527,0.15705012468993865,0.2918153420485385,0.26801978808779303,5.189379386283374,0.15255163020942697,0.4241725291105757,0.28146701927937456,0.7155487837366049,-0.8324777517168286,-0.8263012690209566,0.05670099299299124,25.145084148650163,-6.086821893642146,16.377187699418602,8.766499500112188,-0.04434867481786174,0.10104651775568672,OK,,,,,E>ET,-0.06280033181881375,-0.052711416908542995,-0.010215744581051482,-0.02242507788478445,-0.051583426807394216,17.41989681903139,7.725187329618777,-0.1977759183296183,0.2544769113226096,OK,16.539688757883646,8.60539539076652,-0.18491748230964045,0.2416184753026317,OK,8.598521070803743,16.54656307784642,-0.06890968695374482,0.12561067994673608,OK,12.06615326897302,13.078930879677147,-0.11956626319872506,0.17626725619171632,OK,16.428649634889684,8.71643451376048,-0.18329537780758565,0.23999637080057692,OK,12.326315520357268,12.818768628292895,-0.3281789332920481,0.38487992628503936,12.517294573805156,12.627789574845007,-0.2713529070171253,0.32805390001011653,17.462426639100947,7.682657509549216,-0.03199513527160699,0.08869612826459823,14.122815739083766,11.022268409566397,-0.1007644629235735,0.15746545591656474,12.543290082131215,12.601794066518949,-0.2649994789531737,0.32170047194616497,16.27002049994183,8.875063648708338,-0.0542123529448015,0.11091334593779274,OK
2025-05-22 20:00:00,0.05863781471017222,-0.9806711709730584,0.11793560330776258,-0.02134867170475766,0.16237127462879056,0.3813252999575466,0.3309693770095565,9.48047019886073,0.1616076190320101,0.5790870887373729,0.5023894210844441,0.8170556686040275,-0.860931239785597,-0.805409546128216,-0.057504414415125826,16.963687291671224,-1.4904499602778438,11.438956935283885,5.523787929315583,0.12787699884478304,-0.18537884495470022,OK,,,,,E>ET,-0.06362678215667156,-0.057592244618190194,-0.009814460687835992,-0.023422400959019377,-0.05304388650841032,9.811641953538505,7.152045338132716,-0.18551228320587396,0.12800786879074813,OK,9.329928652615198,7.633758639056024,-0.17922759677812367,0.12172318236299784,OK,0.6081438461012143,16.355543445570007,-0.06543858058489216,0.007934166169766317,OK,4.623716350807545,12.339970940863678,-0.11782786269855552,0.060323448283429684,OK,8.921671345155145,8.042015946516075,-0.17390125608064613,0.11639684166552029,OK,8.674376016321464,8.28931127534976,-0.21501108958235646,0.15750667516723063,8.53773487077598,8.425952420895245,-0.19782695188154528,0.14032253746641946,1.5241989876777704,15.439488303993453,-0.06177344109247751,0.004269026677351683,6.435946225295143,10.52774106637608,-0.10052383711756818,0.043019422702442356,8.414197949216257,8.549489342454967,-0.18487490517164482,0.127370490756519,,,,,unrealistic fluxes
2025-05-22 20:30:00,0.05345452380658292,1.7579143602149758,0.05701752924253258,-0.05949973729972786,0.546750532904045,0.34848306025207526,0.48071592219615605,15.089099690141728,0.05058359951565213,0.1841317825942574,0.23402029729538412,0.969067129503245,-0.5625046056702223,-0.598760634927313,0.09396847501804541,7.4763634766272276,-3.803043701001001,7.475947240196812,0.0,0.0,0.093963234410358,OK,7.4763634766272276,0.0,0.0,0.09396847501804541,OK,-0.09916917421598602,-0.0764026816024721,-0.010767176769427528,-0.026943654585034966,,,,,,13b not satisfied,,,,,13b not satisfied,,,,,13b not satisfied,,,,,13b not satisfied,,,,,13b not satisfied,4.865080008242568,2.6112834683846593,-0.10556821247597321,0.19953668749401862,5.208893166720492,2.2674703099067353,-0.07062405712631996,0.16459253214436537,14.338247196699633,-6.861883720072406,0.03011949245221221,0.0638489825658332,7.958003235194183,-0.4816397585669554,0.005290311980940751,0.08867816303710466,,,,,,,,,Not enough points
2025-05-22 21:00:00,0.04140985086148055,2.611308575193383,0.08888965167148451,-0.035673418576810945,0.547100008474893,0.2767480830809341,0.39725629725802053,13.649823946067112,0.04308205578476006,0.1988552490838674,0.14290459228616526,0.9818019699871726,-0.6236246725231067,-0.6483339832854302,0.10813389865206326,9.0292654078271,-1.7691545608345673,9.028757468300208,0.0,0.0,0.10812772987138881,OK,9.0292654078271,0.0,0.0,0.10813389865206326,OK,-0.22786360211122356,-0.16734397727235967,-0.011031493684455093,-0.03969368147245634,-0.11946593431578485,8.559172086484537,0.47009332134256515,-0.04366781799003084,0.15180171664209408,OK,8.42424220817622,0.6050231996508807,-0.04127476093421409,0.14940865958627733,OK,6.69013538622882,2.339130021598281,-0.010519404019723082,0.11865330267178632,OK,7.495969281411029,1.5332961264160714,-0.02481132003461501,0.13294521868667822,OK,8.246497212669864,0.7827681951572387,-0.038122353765650235,0.14625625241771345,OK,4.581144247702398,4.448121160124702,-0.4131940114851894,0.5213279101372527,4.770347079435923,4.258918328391178,-0.29054395921366866,0.3986778578657319,14.864402995381461,-5.83513758755436,0.026241452688557876,0.08189244596350538,7.061250647258579,1.9680147605685212,-0.03184580148353007,0.13997970013559333,5.055842186470776,3.9734232213563248,-0.19351354161083129,0.30164744026289453,,,,,Not enough points
2025-05-22 21:30:00,0.051118282246539325,0.7482913940257628,0.03618650002118212,0.0007754136865517239,-0.007825866615008753,0.34182217292019446,0.26537101438259203,8.836626372936887,0.04422807208089303,0.18411363150806123,0.19376742280371534,0.960064150983721,-0.7193099179597852,-0.8097388944842026,0.03825137068246531,4.537539093077904,0.04759714007985679,4.537287007572733,0.0,0.0,0.03824924560631628,OK,4.537539093077904,0.0,0.0,0.03825137068246531,OK,-0.08805121272495388,-0.07127541133923457,-0.010468856721205042,-0.025998064746335394,-0.06548770175797644,3.863238430839422,0.6743006622384825,-0.024204236058433724,0.06245560674089904,OK,3.761266823968388,0.7762722691095161,-0.02255569722463178,0.060807067907097105,OK,2.819584212812166,1.717954880265739,-0.007331848143088862,0.04558321882555419,OK,3.225928605243252,1.3116104878346524,-0.013901073944026843,0.05215244462649217,OK,3.7185366844565273,0.8190024086213771,-0.021864894200921785,0.06011626488338711,OK,2.508433412198842,2.0291056808790624,-0.07283539174418861,0.11108676242665393,2.6207182389032897,1.9168208541746146,-0.05569596202401901,0.09394733270648432,6.043855229882999,-1.5063161368050944,0.00642862120385309,0.031822749478612224,3.647109831492645,0.8904292615852594,-0.009437194290552453,0.047688564973017766,2.672804132626891,1.8647349604510133,-0.04978279940794453,0.08803417009040984,,,,,Not enough points
2025-05-22 22:00:00,0.06515385038556132,0.9859458667219114,0.043565127438561335,-0.030843348939160426,0.19173743363726792,0.22726122100688018,0.31287333957108715,10.678269405251452,0.058258133518539694,0.19953449042384977,0.21574792203772875,0.9554152927447869,-0.04314148878427315,-0.12056552803028082,0.064238169488662,6.962683005527326,-2.4142368445809446,6.962296189804794,0.0,0.0,0.06423610240849272,OK,6.962683005527326,0.0,0.0,0.064238169488662,OK,-0.1395839718524603,-0.108881281361946,-0.010688255285527106,-0.03209488916175024,-0.08944114976115466,6.1931678073656835,0.7695151981616432,-0.04378800968619452,0.1080261791748565,OK,6.037392599088406,0.925290406438921,-0.041070854090903164,0.10530902357956516,OK,4.33834974312609,2.6243332624012363,-0.011434791627739345,0.07567296111640133,OK,5.088571232696713,1.874111772830613,-0.024520754025980324,0.08875892351464232,OK,5.9013569507161625,1.0613260548111623,-0.03869801166481066,0.10293618115347265,OK,2.709156258600625,4.253526746926701,-0.2420400153757455,0.3062781848644075,2.81573705732,4.1469459482073265,-0.18407043969814263,0.24830860918680464,7.267293803113131,-0.3046107975858048,0.0013272555920607887,0.06291091389660121,3.9750120579100012,2.987670947617325,-0.039090488347150176,0.10332865783581217,2.921054405448753,4.041628600078573,-0.14736563754528886,0.21160380703395087,,,,,Not enough points
2025-05-22 22:30:00,0.040017903181587364,0.9677724962875981,0.0657565645342864,0.03301053795306476,-0.5436916820972125,0.25809799527082283,0.31716720300320106,12.512861331192248,0.04883790137320092,0.16138553121396673,0.15889326679952398,0.9110799405302646,-0.5284126132030005,-0.5964054372104562,0.038728226058240216,6.454921910562104,1.5865134165829466,5.998650257799673,0.45592060968657566,-0.0024554663349816023,0.041180903339630745,OK,,,,,E>ET,-0.15088555524492708,-0.11639068619973096,-0.010761864711485642,-0.03318473732825417,-0.09747008994508066,5.363814382617695,1.0911075279444076,-0.06711470248096688,0.1058429285392071,OK,5.135424134883019,1.3194977756790847,-0.06260792969845384,0.10133615575669407,OK,2.7797442236005927,3.6751776869615105,-0.0161238341042603,0.054852060162500514,OK,3.7897800218610103,2.665141888701093,-0.03605464065188465,0.07478286671012485,OK,4.964279275015425,1.4906426355466775,-0.059230767127071655,0.09795899318531187,OK,3.1145362713844857,3.340385639177618,-0.20546919767610897,0.2441974237343492,3.1965705701041425,3.258351340457961,-0.15460324027546482,0.19333146633370504,6.718523446389507,-0.2636015358274033,0.0011564794399977,0.037571746618242516,4.0962848798707,2.358637030691404,-0.03190817379379845,0.07063639985203866,3.2662255363729193,3.1886963741891843,-0.12670302584581017,0.1654312519040504,4.827542246435779,1.6273796641263247,-0.016798202221134123,0.05552642827937434,OK
2025-05-22 23:00:00,0.039227814794462364,0.10200032448887664,0.014275199687129782,-0.03487369318672322,0.5992528432849629,0.3387033621752439,0.1720214299200914,8.334238356769161,0.042539117772967226,0.14844533319670022,0.14569275235724463,0.8955369709324795,-0.3840942460121737,-0.43241701474417826,0.004001249838024717,1.373642933896143,-1.6469250178684391,1.3735666203998151,0.0,0.0,0.004001027546367046,OK,1.373642933896143,0.0,0.0,0.004001249838024717,OK,-0.11483817251323612,-0.0916352470516874,-0.010562182144966762,-0.029443943868517494,-0.08673235656233787,0.9796037039633751,0.39403922993276774,-0.01844710357276881,0.022448353410793487,OK,0.9177639173689487,0.4558790165271942,-0.017029998493742256,0.021031248331766936,OK,0.3642666994418242,1.0093762344543187,-0.0043461947171248225,0.008347444555149502,OK,0.5867699642291745,0.7868729696669685,-0.00944502386894736,0.013446273706972038,OK,0.9021276255941721,0.4715153083019708,-0.016671681143190883,0.020672930981215563,OK,0.7301765726800103,0.6434663612161325,-0.030124134119772744,0.03412538395779746,0.7410065243461729,0.63263640954997,-0.023633018215655926,0.027634268053680643,1.1524337101207336,0.2212092237754093,-0.0009524876125815663,0.004953737450606283,0.8542214595604054,0.5194214743357375,-0.006234739802056278,0.010235989640080994,0.7440365136306688,0.6296064202654741,-0.02226141399771799,0.026262663835742706,0.995859165306006,0.37778376859013685,-0.002718753587915867,0.006720003425940583,OK
2025-05-22 23:30:00,0.05247392330261871,1.0531176838045642,0.029951905443573935,-0.025043007027410198,0.240837050685773,0.4246103390725273,0.1875320742579911,9.16786769990447,0.0656512427802878,0.21889795968068743,0.2393465004712592,0.881024469324596,-0.7446681204191902,-0.736109816118326,0.055261216568592154,3.855365355049837,-1.5840280265751083,3.6264016708269344,0.22869063670506926,-0.0038226330275896825,0.05908030665559595,OK,,,,,E>ET,-0.1494160212213642,-0.11614659966474206,-0.010721325795514044,-0.033109567382638476,-0.12469578167105534,2.735885658017409,1.1194796970324281,-0.0681892385522558,0.12345045512084793,OK,2.5716920701660375,1.2836732848838,-0.060780386106695033,0.11604160267528717,OK,1.4570005292990442,2.3983648257507935,-0.010482531868477583,0.06574374843706972,OK,1.8304140457512028,2.0249513092986344,-0.02733194530036082,0.08259316186895295,OK,2.6183157346340473,1.2370496204157893,-0.06288417015231516,0.1181453867209073,OK,2.411860968684479,1.4435043863653578,-0.08792608317419426,0.1431872997427864,2.5434644889791977,1.3119008660706393,-0.062116928125289426,0.11737814469388158,8.355331504628742,-4.4999661495789045,0.019667999656918185,0.03559321691167397,4.0257700467612505,-0.17040469171141348,0.0023000512117964805,0.052961165356795674,2.5029423627616585,1.3524229922881785,-0.06874905918193319,0.12401027575052534,2.9582645649676627,0.8971007900821745,-0.03243746989977156,0.0876986864683637,OK
2025-05-23 00:00:00,0.07201564204411287,2.925807253963109,0.05791491458487509,-0.12369941884291005,0.6313498707016174,0.6294334004753179,0.2081692311840609,11.580267038146976,0.10288040184491905,0.30482329540953856,0.2588797702741151,0.9508535323539338,-0.7411654231857527,-0.7125014836956595,0.2107038878914761,10.230922745784632,-10.732133632490276,10.230355443105118,0.0,0.0,0.21069230947541753,OK,10.230922745784632,0.0,0.0,0.2107038878914761,OK,-0.28691825286690636,-0.2080871024654093,-0.011153789083087168,-0.044184293363017185,-0.2179315484178062,7.429326263946602,2.801596481838032,-0.32769228202488204,0.5383961699163582,OK,6.856951053699298,3.373971692085335,-0.2862127978827348,0.496916685774211,OK,3.339874080377131,6.891048665407503,-0.031333592896553006,0.24203748078802917,OK,4.365393039214572,5.865529706570062,-0.10565197117186435,0.3163558590633405,OK,6.9408910091915965,3.290031736593037,-0.2922958461881132,0.5029997340795894,OK,5.725230505990522,4.50569223979411,-0.5270140013851224,0.7377178892765985,6.049949626274853,4.180973119509779,-0.3546704369851421,0.5653743248766182,26.917185980253844,-16.686263234469212,0.07587242588754237,0.13483146200393373,10.434112279546005,-0.20318953376137294,0.0036599209001252075,0.2070439669913509,5.996562155167084,4.234360590617548,-0.37619272730233144,0.5868966151938075,,,,,Not enough points
2025-05-23 00:30:00,0.04959646652833131,2.2819212557114965,0.04958688960242485,-0.06993438136901645,0.7535028031246169,0.453911745996001,0.16978050298008693,9.701615870464758,0.08304593269289051,0.22391649200615563,0.17311034425935154,0.9276277690727858,-0.8911205497921858,-0.8955296945004604,0.11317523117918299,6.032747554037505,-4.183331426547732,5.857087589791795,0.17530214090048415,-0.0037207384518859253,0.11688906106852898,OK,,,,,E>ET,-0.44479517019740283,-0.3229148814292635,-0.011103485939811954,-0.054903453145976666,-0.260477415419282,5.259357166498139,0.7733903875393661,-0.14023657115964405,0.25341180233882704,OK,5.045665573620887,0.9870819804166174,-0.12994026117700536,0.24311549235618835,OK,2.6652185694349937,3.367528984602512,-0.015243094468994377,0.12841832564817734,OK,3.5173311609025215,2.515416393134984,-0.05630046721692138,0.16947569839610432,OK,4.882909528646821,1.1498380253906846,-0.12209818059705492,0.23527341177623787,OK,3.4309219205554937,2.6018256334820116,-0.47178127821793586,0.5849565093971189,3.5523371768431784,2.480410377194327,-0.3265232054005791,0.4396984365797621,15.995548739405361,-9.962801185367855,0.0450965441838051,0.06807868699537789,5.715322149564916,0.3174254044725897,-0.007104668088790678,0.12027989926797367,3.658549533321779,2.3741980207157263,-0.2521096470157389,0.3652848781949219,,,,,Not enough points
2025-05-23 01:00:00,0.03258319346320558,0.6322954425315013,0.007103986365537665,-0.036637593147695366,0.9158308475036612,0.2077296554612849,0.06838235745501918,6.528191359442879,0.03911658454764974,0.16259847955800233,0.14618210100923953,0.8773219273863037,-0.6153033942121676,-0.8394487821951253,0.020602204729907092,0.5677972888516315,-1.4415379455039907,0.5528239642344976,0.014941995087105767,-0.0006681327071471924,0.021269229607370217,OK,,,,,E>ET,-0.14491510179063152,-0.11263492499451987,-0.010733146497734812,-0.03259294116687158,,,,,,13b not satisfied,,,,,13b not satisfied,,,,,13b not satisfied,,,,,13b not satisfied,,,,,13b not satisfied,0.49264880701592817,0.07514848183570333,-0.0044395229900662005,0.025041727719973293,0.5463704531293566,0.021426835722274884,-0.00098386059292635,0.021586065322833442,2.836087196643476,-2.2682899077918446,0.009924944100963414,0.010677260628943678,1.138642648045871,-0.5708453591942394,0.007584806036526502,0.01301739869338059,,,,,,,,,Not enough points
2025-05-23 01:30:00,0.04339569963913218,1.5117404552306937,0.03733802315948406,-0.06002550661495022,0.8468889638163534,0.4303406104009942,0.10848831825404033,8.33841350147768,0.07089574078715889,0.18831712294422176,0.19998014917312035,0.5694076278232139,-0.297339277643547,-0.7145924903892088,0.06560303472751614,3.974619542376876,-3.1484887939107034,3.211197097641304,0.7632745355336568,-0.03652352044781632,0.10212348111230306,OK,,,,,E>ET,-0.4928606185076458,-0.3645849895028396,-0.010971211251981696,-0.05830558416793743,-0.5130389813253304,1.2079282331994108,2.766691309177465,-0.5558879697761684,0.6214910045036844,Small ratioRP,0.9897540582938428,2.9848654840830333,-0.44363520227550046,0.5092382370030166,Small ratioRP,0.1606601437631169,3.813959398613759,-0.01705819578828888,0.082661230515805,OK,0.2973850815071094,3.6772344608697667,-0.08740452644251205,0.15300756117002817,OK,1.239377900217649,2.7352416421592274,-0.5720691340285355,0.6376721687560517,Small ratioRP,2.5838668059008203,1.3907527364760557,-0.2794322274320381,0.3450352621595542,2.6528797035603184,1.3217398388165575,-0.19644782114163048,0.2620508558691466,11.199311446775022,-7.224691904398146,0.032312931558758265,0.03329010316875787,4.045773075070167,-0.07115353269329061,0.001691254907988049,0.06391177981952809,2.5761520807924003,1.3984674615844757,-0.29248606681937217,0.35808910154688833,2.6178702328378494,1.3567493095390264,-0.12621849834190413,0.19182153306942024,OK
2025-05-23 02:00:00,0.025961481695128158,-3.6206334849706105,0.00019373823964750973,0.16738712902672,-6.597024896848278,0.5271497115768244,0.10350455930675419,12.543530656932841,0.06570121610753056,0.2830682953404745,0.20144849174945642,0.5511776293605597,-0.6720284089448352,-0.8772735818113978,-0.09399700994483258,0.012337932012811947,5.250600193594971,0.008279550336739307,0.0040576962354054716,0.05328795138532262,-0.1472797392740471,OK,,,,,E>ET,-0.10874944071267514,-0.09186210097405861,-0.010224417842081425,-0.029433228831747846,-0.09157314900823534,0.0041216072649796565,0.008216324747832291,0.9179792305765108,-1.0119762405213433,Small ratioRP,0.003670869691203319,0.008667062321608628,0.3188315653857438,-0.4128285753305764,OK,,,,,rET < 0,,,,,rET < 0,0.00366187411271891,0.008676057900093037,0.31477831837966325,-0.4087753283244958,OK,,,,,,,,,,,,,,,,,,,,,,,,,unrealistic fluxes
2025-05-23 02:30:00,0.06782201833402121,2.495277112331751,0.009441286917158287,-0.02556974738127661,0.1480244263282568,0.49976930175606593,0.09594068288928574,28.613382140982964,0.0545801357141748,0.7856957502814895,0.5180493611285393,0.6098823664992256,-0.6006601186369497,-0.9317459473253678,0.16923473006102754,1.5707224606642234,-2.100169841878962,1.0228829525505332,0.5477522457547647,-0.029252489691143368,0.19847781782272317,OK,,,,,E>ET,-0.20311882526767458,-0.1448669697877557,-0.011370627902014936,-0.03690448179346031,,,,,,13b not satisfied,,,,,13b not satisfied,,,,,13b not satisfied,,,,,13b not satisfied,,,,,13b not satisfied,0.7801082152211077,0.7906142454431156,-0.06546621963892968,0.23470094969995722,0.9574789810100675,0.6132434796541559,-0.0362163573744789,0.20545108743550644,8.21866179883395,-6.647939338169726,0.030815835519565987,0.13841889454146156,2.7668024925339068,-1.1960800318696834,0.01799458367698989,0.15124014638403765,,,,,1.0048043880093855,0.5659180726548378,-0.2393678394210076,0.4086025694820352,OK
2025-05-23 03:00:00,0.053543804546468086,1.8961996377269383,-0.023959054021892266,-0.022416981442675305,0.20848655135506136,0.2904148998248647,0.19955371615610473,23.376462527582902,0.04414063773115462,0.4030078926027772,0.2529481420749486,0.23021168268478345,-0.13355947154459738,-0.9533529410656654,0.10152974278353478,-3.14685289559985,-1.4554186682773698,-1.9655717983771275,-1.181106272061856,-0.16136330223059803,0.26288740447286696,OK,,,,,E>ET,-0.13705459926665842,-0.09574543776077962,-0.011568599993981495,-0.030013727937676198,-0.11549602011960738,-0.6361023778604193,-2.5107505177394307,0.14028124992553315,-0.038751507141998355,OK,-0.21308327438903588,-2.933769621210814,0.11451082620142926,-0.012981083417894463,OK,,,,,rET < 0,-0.16600696201389473,-2.980845933585955,-0.4426111661486327,0.5441409089321675,OK,-0.4317935893191794,-2.7150593062806703,0.12783471025850776,-0.026304967474972962,OK,-0.6719063336805196,-2.4749465619193303,0.1382808027926,-0.0367510600090652,-0.2757300861184165,-2.871122809481433,0.1120655973333711,-0.010535854549836313,,,,,,,,,-0.5005053701236041,-2.6463475254762456,0.12459951367544952,-0.023069770891914747,-1.3981596905452593,-1.7486932050545902,-0.1203275209325566,0.22185726371609138,OK
2025-05-23 03:30:00,0.05803903543600603,1.507986630232341,0.05779096607084583,-0.04061287303536006,0.320527137258251,0.7499233044678852,0.20021461238860952,23.522979706016898,0.11352802562006511,0.34643687993834604,0.23876789236074442,0.8270019386381723,-0.8781668872249243,-0.9517504441358281,0.08752208946907816,8.227685618566767,-2.85008698124471,6.665956646415255,1.5613351926204138,-0.026132887903432885,0.1136487426439083,OK,,,,,E>ET,-0.3082183369340037,-0.23238478784471564,-0.01086657450844741,-0.04662052930416111,-0.22808154276529857,5.892863016519577,2.33482260204719,-0.2933694005050584,0.38089148997413663,OK,5.439956648192339,2.7877289703744275,-0.26409531404363173,0.35161740351271,OK,1.7949504969608745,6.432735121605893,-0.028496451484727646,0.1160185409538059,OK,2.915935921576645,5.311749696990122,-0.10095254072763835,0.1884746301967166,OK,5.408929147519148,2.8187564710476196,-0.26208981842487156,0.3496119078939498,OK,4.420968929521241,3.806716689045526,-0.47831222465410883,0.565834314123187,4.533573631676911,3.6941119868898555,-0.3499614473493763,0.4374835368184545,13.863331973315955,-5.635646354749188,0.024965418270339212,0.06255667119873895,6.3572113896352525,1.8704742289315144,-0.03554932678458206,0.12307141625366022,4.542208576285056,3.685477042281711,-0.34267806344464,0.4302001529137182,,,,,Not enough points
2025-05-23 04:00:00,0.05275598573323636,-0.3201181419085449,0.03269861360126004,0.04611982224470265,-0.4401062053006613,0.24159202556017337,0.2714346678334516,6.654943346183791,0.060220356074556974,0.2494856331808943,0.21349628130260964,0.6978434041739258,-0.0875910455870152,-0.6342108071052625,-0.016888148127477326,4.231541744757409,2.9394345961570263,3.110068619078584,1.1212380400263362,0.005429648299165981,-0.022316858196191787,OK,,,,,E>ET,-0.16001301981754637,-0.13015677341507675,-0.010427926604327729,-0.03500679328621249,-0.0867277927370179,3.370731120603349,0.8608106241540598,-0.05615202097917567,0.03926387285169835,OK,3.208817830903539,1.0227239138538693,-0.05426597828033367,0.03737783015285635,OK,0.06921708654946726,4.162324658207941,-0.01769442154063429,0.0008062734131569716,OK,1.6782831363710662,2.553258608386342,-0.036437585124347,0.019549436996869684,OK,2.8236029154565947,1.4079388293008137,-0.049778812463921934,0.03289066433644462,OK,1.6007125821639576,2.630829162593451,-0.1716130937344659,0.15472494560698857,1.5767834946754478,2.6547582500819606,-0.14086211497257373,0.1239739668450964,0.10431135464424901,4.1272303901131595,-0.017545232607929444,0.0006570844804521165,1.2282033670797894,3.0033383776776192,-0.0428606790688582,0.025972530941380877,1.5125638948043219,2.718977849953087,-0.09613165406737621,0.07924350593989889,,,,,unrealistic fluxes
2025-05-23 04:30:00,0.06328283465458055,0.4549297543886786,0.09577017759647553,0.020623407804647137,-0.1364661689808336,0.33275277103835194,0.31083997577591627,10.262371242092671,0.09755718734474123,0.6280788150349106,0.31751588286422366,0.7581323330122879,-0.7493372591021954,-0.7601787110917707,0.02878924442642769,14.866672193451093,1.5733171461653286,10.268928429905204,4.596917837312917,-0.015153042549086391,0.043940687573045915,OK,,,,,E>ET,-0.2823718354675033,-0.22750582817692272,-0.010402361972503073,-0.046146749796081736,-0.14996457215480233,12.924924018099844,1.941748175351248,-0.22352017785960349,0.25230942228603115,Small ratioRP,12.538070832717468,2.3286013607336242,-0.21596835754896548,0.24475760197539315,Small ratioRP,3.864766074538845,11.001906118912247,-0.04665544632548784,0.07544469075191551,OK,8.046914908379021,6.819757285072073,-0.12829581455533073,0.15708505898175842,OK,11.625446572694592,3.241225620756499,-0.19815287952463587,0.22694212395106356,Small ratioRP,6.577937762286326,8.288734431164766,-0.9541398919815273,0.982929136407955,6.60418285311485,8.262489340336243,-0.7663124664395404,0.7951017108659681,9.423220628352421,5.4434515650986715,-0.02308387833670801,0.0518731227631357,7.1350236371936635,7.731648556257429,-0.14545065284828712,0.1742398972747148,6.674023822504428,8.192648370946664,-0.5008589513916651,0.5296481958180929,,,,,Not enough points
2025-05-23 05:30:00,0.09033827809106702,-1.0488324617318712,0.06797771083296573,0.0419736484434919,-0.13611041859937276,0.12043439816133765,0.272953603874912,9.974322764306336,0.09974464894860842,0.27986102583283484,0.3914711303510506,0.2379426144649206,-0.008252061502212275,-0.6267893274954776,-0.0947497185988722,15.063846863831035,4.5678739645750035,7.7848505009637154,7.278159482485999,-1.1436687971268595,1.0489243424012435,Small ratioRP,11.835339238601376,3.2285076252296587,-0.2564335745738104,0.1616838559749382,OK,-0.10717201748230219,-0.09148413410282752,-0.010144567266298928,-0.02938762583247311,-0.08885031886639994,8.221998094453081,6.841848769377953,-0.2989216208410282,0.20417190224215595,OK,7.517696681580695,7.546150182250339,-0.2814321301398558,0.18668241154098356,OK,0.6564092156270929,14.40743764820394,-0.16898475253797945,0.07423503393910723,OK,2.3285289666930447,12.735317897137989,-0.15257266906591496,0.05782295046704275,OK,7.384986944805349,7.678859919025686,-0.2781366295702609,0.18338691097138868,OK,6.942359928492916,8.121486935338119,-0.3548292457465739,0.26007952714770166,6.742146794034917,8.321700069796119,-0.3103561048303046,0.2156063862314324,,,,,3.852050604771481,11.211796259059554,-0.1343204538814365,0.03957073528256432,6.701601922021912,8.362244941809124,-0.3028895758331351,0.2081398572342629,,,,,unrealistic fluxes
2025-05-23 06:00:00,0.10077263255162099,0.0857209264033072,0.1466042764149456,0.10087370671207133,-0.26264276885414656,0.1573792100161873,0.2941443357800446,1.9665306868631511,0.1354754416108558,0.4841375066619237,0.3812429457453023,0.44623231431930394,0.6320147388359464,0.03696445870245462,0.008638323418425022,36.23988334689898,12.237897429843835,20.894246612679133,15.343623407367241,-0.02159068317893812,0.030228526690506567,OK,22.657049623300697,13.58283372359828,-0.039913123492878115,0.048551446911303135,OK,-0.20123912500165542,-0.17160844943977235,-0.010068389402704839,-0.04010101755890633,-0.08567655091865935,33.37527354990999,2.8646097969889848,-0.23500675459325215,0.24364507801167715,Small ratioRP,32.927393523105216,3.312489823793754,-0.23173715550194499,0.24037547892037,Small ratioRP,13.800086157518438,22.439797189380535,-0.09210461321663498,0.10074293663506001,Small ratioRP,25.41783331490794,10.822050031991035,-0.1769161102145267,0.1855544336329517,Small ratioRP,30.179392663462885,6.060490683436088,-0.21167628969893146,0.22031461311735645,Small ratioRP,17.920458599918696,18.319424746980282,-1.5028883027378652,1.5115266261562903,17.929422969828636,18.310460377070342,-1.2809742005044558,1.2896125239228808,18.90623471363737,17.333648633261607,-0.07114632050931118,0.0797846439277362,18.129080429046425,18.110802917852553,-0.29607078100884515,0.30470910442727017,17.990486663167978,18.249396683731,-0.6374012899341588,0.6460396133525839,21.563901296076033,14.675982050822936,-0.012503811930866646,0.021142135349291668,OK
2025-05-23 06:30:00,0.16506811884175662,-0.04807174584749258,0.160553058304632,0.14872797304527374,-0.1442303454280202,0.26681223708307683,0.28607293540367246,2.5461364444110584,0.2508010512843166,0.9492125660830716,0.7093052423999324,-0.1605530170770549,0.9574149943949821,-0.17596754768766482,-0.007935112656484626,65.00987528008528,29.540992137053642,31.90891777272264,33.09734584762487,0.04739091248510453,-0.05532558430199714,Small ratioRP,28.997988332717235,36.01188694736805,-0.09569042839563696,0.08775531573915234,OK,-0.2424355926178693,-0.2068218139426685,-0.010021418031713738,-0.04393696884415715,,,,,,13a not satisfied,,,,,13a not satisfied,,,,,13a not satisfied,,,,,13a not satisfied,,,,,13a not satisfied,29.36780467017484,35.64207060991044,-3.5225872443708037,3.514652131714319,29.361551434128103,35.64832384595718,-3.0056465559871786,2.9977114433306937,28.525602137693397,36.484273142391885,-0.14905183560665936,0.14111672295017472,29.20374171953497,35.80613356055031,-0.6413424275090212,0.6334073148525365,,,,,30.57825832947345,34.43161695061183,-0.059692671543876065,0.051757558887391406,OK
2025-05-23 07:00:00,0.1637768795652706,-0.6112684964370761,0.1836555822912719,0.190857616303629,-0.18787097866616023,0.27853014345057986,0.29764643172366334,4.232986369310461,0.27671722439702484,0.7088849082116115,0.6413550630540097,0.2292997116747238,0.7281941727096946,-0.44572295293235514,-0.10011164692301906,73.78265416144507,37.594999377551375,46.53114406979668,27.24741105530607,2.1405046482320302,-2.240610733396887,Small ratioRP,46.10032224447047,27.682331916974597,-0.3003268825906338,0.20021523566761473,OK,-0.2997254011759666,-0.2631127391256813,-0.009800539040137658,-0.049392171669202074,-0.1414907213472085,65.85719924467203,7.925454916773036,-0.9683897898213814,0.8682781428983622,Small ratioRP,64.87507587015212,8.907578291292943,-0.9554412242961862,0.8553295773731672,Small ratioRP,11.33172076325183,62.45093339819323,-0.24951194898574372,0.14940030206272473,OK,41.5830251395233,32.199629021921766,-0.6483528757991767,0.5482412288761577,Small ratioRP,58.64285444911141,15.139799712333655,-0.8732740246026708,0.7731623776796518,Small ratioRP,45.23568421956522,28.546969941879844,-3.4880766482626173,3.387965001339598,45.164999655486184,28.617654505958882,-3.069575811013141,2.969464164090122,30.208740868008643,43.57391329343642,-0.17409206618992945,0.07398041926691037,42.66116858553266,31.12148557591241,-0.6266440106669635,0.5265323637439444,44.667605049930096,29.11504911151497,-1.6793759889309636,1.5792643420079446,44.980780928848574,28.80187323259649,-0.971510263440763,0.8713986165177435,OK
2025-05-23 07:30:00,0.1641517331431743,-0.07478301734901727,0.16028130776060595,0.130558457987198,-0.12791970989099927,0.2562431359737428,0.27751815795866375,1.5836643712308076,0.24971807052768827,0.7165134894714741,0.6022173881153954,-0.3143217523880058,0.9048213485533514,-0.2436961211009781,-0.012275761907517257,64.53954478880513,25.77914413214678,28.579601860782333,35.95635739775675,-0.025816938008088253,0.013541858087343654,OK,29.077040474485923,35.462504314319204,-0.05056308987552617,0.03828732796800891,OK,-0.1796081749293006,-0.15739429538154362,-0.00991786802865558,-0.03841079070612777,,,,,,13a not satisfied,,,,,13a not satisfied,,,,,13a not satisfied,,,,,13a not satisfied,,,,,13a not satisfied,38.78005287003388,25.759491918771253,-1.8861049044584461,1.8738291425509288,38.765797861669654,25.773746927135477,-1.6537467333627036,1.6414709714551863,37.05194534405346,27.487599444751673,-0.11113672389628759,0.09886096198877034,38.4087695359997,26.130775252805428,-0.40917396625534913,0.39689820434783185,,,,,28.583615893357084,35.95592889544803,-0.04232681835557563,0.03005105644805837,OK
2025-05-23 08:00:00,0.2058822419953321,-0.21564919500142782,0.19060839692767892,0.18837023711229892,-0.11721337240137024,0.34306418327886407,0.34160682115773106,2.092387854945506,0.2814680187605886,0.7101006817102288,0.7241353939236042,-0.4698407749102694,0.9598706895274715,-0.43723485716658667,-0.04439833975138252,96.26279470369424,46.614118052075334,40.28520586391421,55.97224090674101,-0.08260378084716394,0.03820790767021205,OK,32.59340264634129,63.66939205735295,-0.0881037103229229,0.04370537057154038,OK,-0.3660507405143642,-0.324916817702349,-0.009665439888747745,-0.054680500945867766,,,,,,13a not satisfied,,,,,13a not satisfied,,,,,13a not satisfied,,,,,13a not satisfied,,,,,13a not satisfied,58.42069691676857,37.84209778692567,-5.647015049947464,5.602616710196081,58.39776694234758,37.86502776134666,-5.015484844039082,4.971086504287699,51.74227594401303,44.52051875968121,-0.175422094532232,0.1310237547808495,57.389313251988995,38.873481451705246,-0.8665395186665887,0.8221411789152062,,,,,41.54938523508125,54.713409468613,-0.12930493251363484,0.08490659276225232,OK
2025-05-23 08:30:00,0.22671009722097477,-0.3921816125812816,0.26232208411521724,0.31892920670416863,-0.16334401693641387,0.6647329222508884,0.5031694141756514,2.6105849010121522,0.2817982998541558,0.9031501151501765,0.8390276509656872,-0.3428194794149929,0.8389926500485155,-0.5095484197828953,-0.08891153151658102,145.88252291835448,86.7419832615076,51.74609785868486,94.12832047506302,-0.15203239147109965,0.06312579948404737,OK,45.71253928727618,100.16998363107831,-0.1491384295982826,0.060226898081701605,OK,-3.0595200091717016,-2.743255521583842,-0.006311258085489038,-0.128845224185676,,,,,,13a not satisfied,,,,,13a not satisfied,,,,,13a not satisfied,,,,,13a not satisfied,,,,,13a not satisfied,83.06962135444317,62.81290156391131,-78.34379501382763,78.25488348231104,83.06493928614725,62.81758363220723,-70.25058424443839,70.1616727129218,63.42271678142984,82.45980613692464,-0.2121586295187624,0.12324709800218138,82.14587469770137,63.73664822065311,-3.347803803030419,3.258892271513838,,,,,66.72440042759699,79.1581224907575,-0.31069892452113684,0.22178739300455577,OK
2025-05-23 09:30:00,0.26721737394335066,-0.1360112861638566,0.2994805799592948,0.3028922931840542,-0.11098604247960837,0.8008469998080578,0.6971392651514214,2.9636216407107696,0.2941724434157263,1.0008517785781392,1.511710095844473,-0.2401034093480606,0.9081978114361032,-0.508953381976284,-0.03634457871536335,196.30479384556952,96.54150845886026,79.62872992688769,116.6651159897957,-0.11899522945802468,0.08265259851334787,OK,79.26226135256795,117.04253249300157,-0.14179505829384886,0.10545047957848551,OK,-0.6446436652114094,-0.5798537501210015,-0.00891324571444057,-0.07065350846421745,,,,,,13a not satisfied,,,,,13a not satisfied,,,,,13a not satisfied,,,,,13a not satisfied,,,,,13a not satisfied,97.22526291843562,99.0795309271339,-26.037909484017455,26.00156490530209,97.21760411891074,99.08718972665878,-23.422779678742067,23.386435100026702,92.33638857556245,103.96840527000707,-0.3777806533673507,0.3414360746519874,96.66840746993398,99.63638637563554,-2.8698166604708555,2.833472081755492,,,,,90.6145049501232,105.69028889544634,-0.22581181041226078,0.1894672316968974,OK
2025-05-23 10:00:00,0.29864976575573193,-0.19777803258491902,0.3254778345952154,0.34692424404237604,-0.10165330349776025,0.7396867811495998,0.6755716609049363,3.52042922062359,0.3625320383409974,1.238884597151839,1.8112084288009456,-0.2096643794753639,0.9286351635312275,-0.4410755152831246,-0.05906636310311558,238.4411153355143,123.44194632623177,77.89688733867743,160.53098126820709,-0.13103774927922635,0.07197466764072763,OK,87.14208937816991,151.29902595734438,-0.2106723194418473,0.15160595633873172,OK,-0.6011934864702412,-0.5461909582147692,-0.008814747901343246,-0.06840287609803633,,,,,,13a not satisfied,,,,,13a not satisfied,,,,,13a not satisfied,,,,,13a not satisfied,,,,,13a not satisfied,111.72946785418895,126.71164748132534,-31.055123165791326,30.99605680268821,111.71808404970436,126.72303128580994,-28.216458983235505,28.157392620132388,104.1325251974416,134.3085901380727,-0.48263202733467037,0.4235656642315548,110.84896355335655,127.59215178215774,-3.55795766385519,3.4988913007520743,,,,,115.80327054700379,122.63784478851048,-0.2585600777117722,0.19949371460865659,OK
2025-05-23 10:30:00,0.3178337811030889,-0.3922737627615228,0.34443258199514193,0.3518059664201719,-0.09088834777772418,0.814919289167894,0.7487770384344017,2.322277941963519,0.33723557948348626,1.5326733524239657,1.4376168887022163,-0.33937622023599456,0.9322736690854857,-0.450920825638705,-0.12467785324603087,268.5355761126202,133.0517827394448,85.78301281140456,182.73764465809828,-0.20252551223368448,0.07785458553505617,OK,85.0707816556805,183.46479445693973,-0.19653228089928731,0.07185442765325643,OK,-0.8440282513338309,-0.7771442623872035,-0.008173725281313956,-0.07887672001976748,-0.4627836056651527,240.39896549490308,28.136610617717142,-9.681245111362301,9.556567258116269,Small ratioRP,238.24739512582295,30.288180986797265,-9.595713849183598,9.471035995937566,Small ratioRP,17.874371292982325,250.66120481963793,-0.8352367822579222,0.7105589290118913,Small ratioRP,118.34734420413817,150.18823190848204,-4.829333517534736,4.704655664288705,Small ratioRP,221.25390320320435,47.28167290941588,-8.920172470816569,8.795494617570537,Small ratioRP,147.43698793827326,121.09858817434696,-41.66760277855271,41.54292492530668,147.41984278241694,121.11573333020328,-38.37113625861643,38.2464584053704,127.06508598163138,141.47049013098882,-0.4713986635725805,0.3467208103265496,145.50448783894524,123.03108827367498,-3.956089972886245,3.831412119640214,147.2728735329184,121.26270257970182,-22.87745239809842,22.75277454485239,117.78855141041281,150.74702470220743,-0.4273563708378074,0.30267851759177655,OK
2025-05-23 11:00:00,0.28995833444674884,-0.056416671734906554,0.2709287281505579,0.24098367582517075,-0.07476447012313674,0.5920693684269829,0.5928633229782908,3.1503275280403926,0.35122770503561546,1.2368632707479545,1.665348836923047,-0.06423919327596622,0.8465300332739806,-0.3959118465602393,-0.016358484171282477,192.70287891066877,83.10565191690942,97.9780162922885,94.71415690288524,-0.2023201629300404,0.18596258756343395,Small ratioRP,103.77734699940065,88.92553191126812,-0.20489513226609915,0.18853664809481668,OK,-0.10043110542646955,-0.09077433528446864,-0.009730833215747588,-0.029288433488043306,,,,,,13a not satisfied,,,,,13a not satisfied,,,,,13a not satisfied,,,,,13a not satisfied,,,,,13a not satisfied,101.82692791088063,90.87595099978815,-3.7206572423931537,3.704298758221871,101.80442094140976,90.89845796925901,-3.363737097652956,3.3473786134816734,99.85492856443479,92.84795034623399,-0.3683195757208383,0.3519610915495558,101.31302363226874,91.38985527840003,-1.0911804719948317,1.0748219878235492,,,,,96.70554567256987,95.99733323809892,-0.10713152993457645,0.09077304576329398,OK
2025-05-23 11:30:00,0.337100895009694,-0.12866420721954558,0.2988248459958828,0.2808066971226614,-0.06436293259708961,0.8090259197193694,0.6862178248347168,2.3618692359332174,0.348793402518193,1.3622599839360257,1.7979397687230738,-0.42045107069134474,0.8902945044881541,-0.5010120073533542,-0.043372819409421545,247.1008038081569,112.40979480688745,82.79323401957971,164.29384196614345,-0.0741920649982624,0.03082165518991916,OK,81.52671776086304,165.57408604729386,-0.12364684804466369,0.08027402863524215,OK,-0.10800112095792,-0.09823899894685004,-0.00966193863455286,-0.030432350616853936,,,,,,13a not satisfied,,,,,13a not satisfied,,,,,13a not satisfied,,,,,13a not satisfied,,,,,13a not satisfied,134.90409427754884,112.19670953060808,-4.9398167130435455,4.896443893634124,134.8504364514513,112.25036735670562,-4.495460138825491,4.452087319416069,129.40824152156432,117.69256228659259,-0.4635704502879527,0.4201976308785311,133.52775919977947,113.57304460837744,-1.4090072214210094,1.3656344020115878,,,,,99.39834149186677,147.70246231629017,-0.2006246445513292,0.15725182514190764,OK
2025-05-23 12:00:00,0.2904338461617647,-0.37994563136633147,0.3044269375872562,0.2675142277631714,-0.08255096070976405,0.6475168839830509,0.6298696609432438,2.5532015073337497,0.3540551665618705,1.1262049205870868,1.1329374704822328,-0.31931662662554594,0.8988941973730146,-0.512485089346975,-0.11034907105008368,216.8841692379262,92.19952792708632,83.66437397379059,133.2077461436225,-0.260824646490018,0.1504817059438816,OK,76.22980574726236,140.65436349066383,-0.19744040767435983,0.08709133662427615,OK,-0.09896939075107714,-0.09077763907315116,-0.00963202254514211,-0.029278319295622954,,,,,,13a not satisfied,,,,,13a not satisfied,,,,,13a not satisfied,,,,,13a not satisfied,,,,,13a not satisfied,111.61768832368348,105.2664809142427,-4.247109450710351,4.136760379660267,111.48904715995725,105.39512207796894,-3.9003344280736134,3.7899853570235296,98.39567078536363,118.48849845256255,-0.46526045186918813,0.35491138081910445,108.22446015355256,108.65970908437363,-1.2969317803268623,1.1865827092767787,,,,,97.36150149003352,119.52266774789265,-0.4812602593714725,0.3709111883213888,OK
2025-05-23 12:30:00,0.24680985243320006,0.07054676477695165,0.40055047127951193,0.39404541229983403,-0.16811535971097918,0.6995000816565495,0.6379047023894523,2.4895016477744045,0.40190434101994793,1.6954802491292837,1.166479134604899,-0.19256468018782463,0.9050316031823363,-0.4299222598973657,0.017411636604239115,242.5030960440611,115.21470481971183,119.45670200477662,123.03292164505979,0.13864668366409863,-0.12123601437300416,Small ratioRP,122.58481656345037,119.91827948061072,-0.12719155414956462,0.14460319075380373,OK,-0.1928366786522023,-0.17442501415263834,-0.009437531295529537,-0.04006988826983117,,,,,,13a not satisfied,,,,,13a not satisfied,,,,,13a not satisfied,,,,,13a not satisfied,,,,,13a not satisfied,127.70930631622143,114.79378972783967,-9.024236910320386,9.041648546924625,127.72160732046837,114.78148872359273,-8.161745941734022,8.17915757833826,129.97392554352763,112.52917050053347,-0.4329382667178002,0.45034990332203934,128.15359689654886,114.34949914751223,-1.8679052811055719,1.885316917709811,,,,,,,,,unrealistic fluxes
2025-05-23 13:00:00,0.24769717992301787,-0.22874758145847796,0.3321499028016603,0.3031235627857144,-0.1282610352625362,0.6575509896601177,0.6263367224730526,3.2698113718355137,0.35661163105489846,1.3467869681897733,1.1553067540951,-0.4117075294177955,0.9245346440497424,-0.5227959886243619,-0.0566601308414758,201.81467366011262,88.8437465596135,54.77620980141553,147.0272519323825,-0.11056927380929628,0.05391229075286724,OK,55.970874582196416,145.8437990779162,-0.17161246551061995,0.11495233466914415,OK,-0.0774085582141819,-0.07092550143631551,-0.009655441940181824,-0.025942310039640416,,,,,,13a not satisfied,,,,,13a not satisfied,,,,,13a not satisfied,,,,,13a not satisfied,,,,,13a not satisfied,86.63498393910099,115.17968972101163,-3.6346896522056005,3.5780295213641247,86.56389775040348,115.25077590970913,-3.3323355370242775,3.2756754061828017,81.17784591451547,120.63682774559715,-0.4748478948819116,0.4181877640404358,85.0921411168978,116.72253254321481,-1.2344280994081114,1.1777679685666356,,,,,78.02106506968151,123.7936085904311,-0.2498459714668198,0.19318584062534402,OK
2025-05-23 13:30:00,0.2149832727111044,-0.16054061749181187,0.33437872860564766,0.3030545502918422,-0.1703372214056418,0.5080296658005998,0.4976555152447178,2.1451264307185767,0.3524015096334353,1.5721953442054581,0.9972577977708131,-0.20787033499833207,0.8450477292777109,-0.3595427954805536,-0.03451354735145129,176.33594933172165,77.13560149037377,75.74355642191237,100.58259646817974,-0.09147812222703557,0.056966492294881606,OK,77.53742317598022,98.79852615574143,-0.1405557775627141,0.10604223021126279,OK,-0.0686472520230908,-0.062407625481938685,-0.009715087503795483,-0.02435779393616525,,,,,,13a not satisfied,,,,,13a not satisfied,,,,,13a not satisfied,,,,,13a not satisfied,,,,,13a not satisfied,95.84424208962719,80.49170724209446,-2.252561970165878,2.2180484228144266,95.77674917155964,80.559200160162,-2.0495346077129732,2.015021060361522,91.74934545861275,84.5866038731089,-0.33500458959483825,0.30049104224338696,94.61680375843093,81.71914557329072,-0.8114545896916856,0.7769410423402343,,,,,82.00419558891771,94.33175374280393,-0.24494342650789042,0.21042987915643901,OK
2025-05-23 14:00:00,0.30819932170649483,-0.07234673436571974,0.23176137624514695,0.20298587278523095,-0.055455494303771835,0.5787607549855484,0.533412350035834,3.0983488309854286,0.3753804211830129,1.2200162834583734,0.9934747921356356,-0.45662125889382976,0.9130078587112213,-0.5774404866878279,-0.022297214459194786,175.21459854033876,73.99395199130468,66.82022936982743,108.3846350261479,-0.049870551438784716,0.02757457571372654,OK,63.969286625193114,111.24531191514563,-0.14165701810509407,0.11935980364589928,OK,-0.04455622048761625,-0.040782392608067,-0.009747671814150496,-0.019765123132282226,,,,,,13a not satisfied,,,,,13a not satisfied,,,,,13a not satisfied,,,,,13a not satisfied,,,,,13a not satisfied,91.7237382732442,83.49086026709456,-1.516525551879911,1.4942283374207161,91.66385382781853,83.55074471252023,-1.3890743063849882,1.3667770919257933,89.41279299497326,85.8018055453655,-0.3409571306635877,0.3186599162043929,90.91202832008304,84.30257022025572,-0.6792705588141955,0.6569733443550008,,,,,68.68170734246833,106.53289119787041,-0.0914033154762283,0.06910610101703352,OK
2025-05-23 14:30:00,0.311269350060982,-0.04705860817748634,0.24953219872944093,0.26139539777623866,-0.06995456383975149,0.5585130332974504,0.507331129899491,2.514707771098259,0.37679429796799724,1.1534142350083414,0.9574045676743214,-0.21324890921400755,0.924963293106989,-0.3550955806461727,-0.014647902382180585,190.52874220456556,96.15609619650215,71.88234999489875,118.63580727954435,-0.17434748583016835,0.15970039722034246,Small ratioRP,66.40007076529201,124.12867143927355,-0.1269799231255933,0.11233202074341272,OK,-0.04674150181643487,-0.04281450458216709,-0.009734344130966585,-0.020249253091765278,,,,,,13a not satisfied,,,,,13a not satisfied,,,,,13a not satisfied,,,,,13a not satisfied,,,,,13a not satisfied,75.54852397978067,114.98021822478489,-2.1909286909938284,2.1762807886116478,75.52045276124036,115.0082894433252,-2.0073473034482046,1.992699401066024,74.38501261926426,116.1437295853013,-0.46089809720230246,0.44625019482012185,75.14811721317623,115.38062499138933,-0.9524547400475745,0.9378068376653939,,,,,85.14912706348531,105.37961514108027,-0.19497226336829204,0.18032436098611154,OK
2025-05-23 15:00:00,0.2458055147074746,-0.36272599928963783,0.24534869546862423,0.25305378489299807,-0.10866541553999537,0.4657881962561606,0.4447795163947106,2.3494688555333574,0.36230481588018476,1.136705236556729,0.9569923746622581,-0.38927421240639143,0.920704038903887,-0.43192873750958816,-0.0891600509531725,147.93567699967534,73.5538371162534,53.306539747658235,94.62091860329488,-0.15338821153010188,0.06423311391309344,OK,51.90159621048426,96.03408078919108,-0.16060936709884593,0.07144931614567343,OK,-0.04474168948304134,-0.041439057839560714,-0.009688605452882817,-0.019922029891115575,,,,,,13a not satisfied,,,,,13a not satisfied,,,,,13a not satisfied,,,,,13a not satisfied,,,,,13a not satisfied,82.05476148236927,65.88091551730606,-1.2016402221499347,1.1124801711967622,81.83128617188866,66.10439082778667,-1.1167157256264086,1.0275556746732362,71.90994377175001,76.02573322792533,-0.3002785705305715,0.21111851957739897,78.56141616564678,69.37426083402856,-0.5634227876109115,0.47426273665773894,,,,,63.417938633016334,84.51773836665899,-0.3391746247408111,0.25001457378763864,OK
2025-05-23 15:30:00,0.2214570467458171,-0.2306373477079331,0.21514025909691,0.16105096918352615,-0.08530865420083358,0.28726837570378044,0.37277491189100265,1.9189707508908143,0.33929062568691215,1.1313135698494081,0.9501691347320118,-0.25167021331770323,0.834796560227005,-0.36092797997842296,-0.05107626589268701,116.87153269778962,42.23576910150225,45.275754237793976,71.58928559706803,-0.1557863780987288,0.10471294977636915,OK,41.98520636705057,74.88632633073905,-0.12915279162585572,0.0780765257331687,OK,-0.040586824145001935,-0.037413330168474444,-0.009728613767157706,-0.01893431821203571,,,,,,13a not satisfied,,,,,13a not satisfied,,,,,13a not satisfied,,,,,13a not satisfied,,,,,13a not satisfied,55.16014083899434,61.71139185879528,-1.0210637623792207,0.9699874964865337,55.03320480369553,61.838327894094085,-0.9431625677000102,0.8920863018073232,50.413423275557605,66.45810942223201,-0.26357328914162237,0.21249702324893535,53.448817346036606,63.42271535175301,-0.4895498876239111,0.4384736217312241,,,,,53.8093580394861,63.062174658303526,-0.4497037895666859,0.3986275236739989,OK
2025-05-23 16:00:00,0.2669707734828995,-0.14968040770235583,0.1669341205543683,0.14025132344596544,-0.05107638045799655,0.39396234808644637,0.37439397524517565,2.6344058927809746,0.35842937298235383,1.0766179104098066,1.1780303949784072,-0.3643376753173738,0.8258725240640524,-0.502289476505849,-0.03996029421953368,109.32170124231914,44.307235081117966,50.64798045196022,58.66764736251212,-0.11328643548839026,0.0733283612852021,OK,49.61343520811594,59.7082660342032,-0.14167421531790628,0.10171392109837259,OK,-0.03309680899534206,-0.030596134847913844,-0.00973324209956463,-0.017144800524427725,,,,,,13a not satisfied,,,,,13a not satisfied,,,,,13a not satisfied,,,,,13a not satisfied,,,,,13a not satisfied,60.78498340076324,48.5367178415559,-0.654875857995429,0.6149155637758953,60.646643142663024,48.67505809965611,-0.6071213376873702,0.5671610434678365,56.72205036359384,52.5996508787253,-0.20870979875874882,0.16874950453921514,59.2101269319261,50.11157431039304,-0.35024579923225646,0.3102855050127228,,,,,47.37503900608817,61.946662236230964,-0.1599765069223413,0.12001621270280766,OK
2025-05-23 16:30:00,0.21687288211824024,-0.09021305700094283,0.17620323746730235,0.14908466845706594,-0.08231337205684922,0.3116026385982895,0.3423634093946215,1.3041016982408868,0.31676438638811266,0.9818933699136272,0.9320988047002594,-0.36341163506055324,0.8560584772890181,-0.45875134739412504,-0.019564765676491562,93.73821578468575,38.2809544567958,38.87592176484434,54.85708634118671,-0.04911303290366407,0.029549354158598974,OK,38.59109633752599,55.14711944715976,-0.06651094228233018,0.04694617660583862,OK,-0.03456644649773483,-0.03170073645597246,-0.009770232475693646,-0.01744628861804234,,,,,,13a not satisfied,,,,,13a not satisfied,,,,,13a not satisfied,,,,,13a not satisfied,,,,,13a not satisfied,49.94604521281474,43.79217057187101,-0.6170973180155959,0.5975325523391043,49.87816464400186,43.860051140683886,-0.5668144811073356,0.547249715430844,48.04030781022944,45.69790797445631,-0.182013528154624,0.16244876247813242,49.20918129379751,44.529034490888236,-0.3167005249126775,0.2971357592361859,,,,,40.238993711067366,53.499222073618384,-0.07255901709001555,0.05299425141352399,OK
2025-05-23 17:00:00,0.19483995306380364,-0.1204409381570941,0.1751372535202819,0.1130896399439475,-0.07737777372661941,0.22740842578718715,0.3129536460870576,1.153564434909107,0.2972576328364224,0.8409286690087301,0.7004014332892595,-0.3657407204723169,0.7658385427363819,-0.4152966847112677,-0.023466706737488692,83.7055201290241,26.098548043459097,25.784209560396345,57.91666026195395,-0.046348704569079094,0.022883301537520256,OK,26.91862872995311,56.78689139907098,-0.0601469348220005,0.03668022808451181,OK,-0.03368080722020826,-0.030928464313782232,-0.009767160282202349,-0.01723227902834254,,,,,,13a not satisfied,,,,,13a not satisfied,,,,,13a not satisfied,,,,,13a not satisfied,,,,,13a not satisfied,38.8793258001254,44.826194328898694,-0.615484064250807,0.5920173575133183,38.80720920497976,44.89831092404433,-0.5660969454396267,0.542630238702138,36.895203087480944,46.81031704154315,-0.18638559698551163,0.16291889024802295,38.105799017028104,45.59972111199599,-0.3203371862276872,0.2968704794901985,,,,,35.31858026104123,48.38693986798287,-0.10303181031067958,0.07956510357319087,OK
2025-05-23 17:30:00,0.1618047373158556,0.0948721083925614,0.12303950109828468,0.02885199003309598,-0.028666567107189303,0.20940166997760673,0.2800861751187893,1.3760854122725572,0.2162270977410544,0.6780860823592586,0.5122111227698894,0.13941762008118383,0.03728615157546495,-0.32825692424746256,0.015350756577059777,48.83524180143464,5.53850877623278,23.13834562010222,25.694183112343445,-0.03870029803581786,0.05405020179306777,OK,25.862854064732574,22.972387736702068,-0.038022133819069576,0.05337289039612935,OK,-0.03223353918621155,-0.029266266259076013,-0.009835816875893579,-0.0167612561844564,,,,,,13b not satisfied,,,,,13b not satisfied,,,,,13b not satisfied,,,,,13b not satisfied,,,,,13b not satisfied,19.60222932884167,29.23301247259297,-0.3841351215109404,0.3994858780880002,19.648661076703608,29.186580724731034,-0.34821942221035235,0.3635701787874121,20.64507076523211,28.190171036202532,-0.11303439054716971,0.1283851471242295,20.024968697106775,28.810273104327866,-0.19685950601133034,0.21221026258839013,,,,,24.453886642767905,24.381355158666743,-0.05853648691544299,0.07388724349250275,OK
2025-05-23 18:00:00,0.16284993658973562,0.3196317550356567,0.11528059590883188,-0.04944602810784963,0.048583492187716106,0.3045015903500679,0.2642459745936486,1.7444465002264908,0.2091358434408375,0.6320707160115564,0.40279678505135236,0.562239884632684,-0.6704141982706251,-0.6545132136729801,0.052052011039622606,46.05124276096285,-9.571143076699592,32.73706289579948,13.311621462787759,-0.024150865052668728,0.07619998431390025,OK,38.88204004387518,7.169202717087671,-0.03940495830620121,0.09145696934582381,OK,-0.03488021892464346,-0.03121440226391401,-0.009910546871845257,-0.017296984374065332,-0.035095996180941766,24.65421840182647,21.39702435913638,-0.30425311617717354,0.3563051272167962,Small ratioRP,23.477632403731576,22.57361035723127,-0.2872489825680683,0.33930099360769095,Small ratioRP,12.876031305918191,33.17521145504466,-0.13403362743929795,0.18608563847892057,OK,17.52164327202609,28.529599488936757,-0.2011724568114478,0.2532244678510704,OK,24.719664020233704,21.331578740729146,-0.3051989425267385,0.35725095356636116,Small ratioRP,21.775174475859686,24.276068285103165,-0.34519142943905107,0.39724344047867366,21.963484350617282,24.087758410345568,-0.30651650250978585,0.35856851354940844,25.815092895865604,20.236149865097246,-0.08175756695627039,0.133809577995893,23.405167527197968,22.646075233764883,-0.15968561331118591,0.21173762435080853,21.765316097795754,24.285926663167096,-0.3474679125239072,0.3995199235635298,28.41388596490183,17.63735679606102,-0.07078039533987461,0.12283240637949722,OK
2025-05-23 18:30:00,0.11491996035843528,0.44590476022086106,0.08914288535704624,-0.029912597294031434,0.05921147245065126,0.514443716285692,0.3106921126261506,3.635325465769823,0.15948983288184593,0.4679797643269494,0.2986976620504882,0.8654763445764312,-0.7356822073017764,-0.887268688617896,0.051243357368218945,25.129260176651727,-4.100081028976211,22.713907871714362,2.4139562349275607,-0.01446189209279625,0.06570240260782809,OK,,,,,E>ET,-0.04022965675382799,-0.03532019214735084,-0.010017406711277394,-0.018375508682132346,-0.030921015155020902,19.919859207729832,5.209400968921894,-0.08543514589188211,0.1366785032601011,OK,19.42945163247434,5.699808544177387,-0.08207025396798097,0.13331361133619996,OK,14.057784491329313,11.071475685322415,-0.04521299422498704,0.09645635159320602,OK,16.68617240805743,8.4430877685943,-0.0632474653876111,0.11449082275583009,OK,18.904354745667607,6.224905430984121,-0.0784673441378035,0.12971070150602249,OK,19.05399266911855,6.075267507533177,-0.09963551835130202,0.15087887571952097,19.346885470657877,5.782374705993849,-0.08325910545604731,0.13450246282426626,25.409136526750903,-0.2798763500991761,0.0011429413892422857,0.05010041597897666,21.56005652678054,3.569203649871188,-0.02673702921178414,0.07798038658000309,19.688344485883007,5.440915690768719,-0.06858484978860602,0.11982820715682496,18.93645741256,6.192802764091729,-0.051415034832708595,0.10265839220092754,OK
2025-05-23 19:00:00,0.039061158626788585,-0.04348403725526496,0.11525786102479381,-0.04124127001714604,0.7085073727058772,0.5655775621747672,0.2759747787090347,6.163910191740187,0.11671125844863742,0.3614396148543379,0.2739839121783619,0.7227424381027497,-0.8421268045026279,-0.8896407618616211,-0.001698536876961089,11.043665018338292,-1.9267411286541272,8.17102007500134,2.872031406391491,0.0013296170341024348,-0.0030280595479036903,OK,,,,,E>ET,-0.06830761726523689,-0.0604431336431171,-0.009937360139478992,-0.02395768186999773,-0.054085625066932874,7.587456300453128,3.4562087178851644,-0.09624353130455587,0.0945449944275948,Small ratioRP,7.288791002578542,3.7548740157597504,-0.0925219535049492,0.09082341662798812,Small ratioRP,2.6066511743045266,8.437013844033766,-0.03417922750506882,0.03248069062810775,Small ratioRP,4.776157147857689,6.267507870480602,-0.061212784214708875,0.0595142473377478,Small ratioRP,7.006792654768588,4.036872363569704,-0.08900805752103308,0.087309520644072,Small ratioRP,6.099854359716893,4.943810658621398,-0.13766813139050513,0.13596959451354404,6.095446393939411,4.948218624398881,-0.1219265550794548,0.12022801820249371,5.900862390030298,5.142802628307994,-0.02083403254943158,0.01913549567247049,6.037140551783206,5.006524466555086,-0.04889715468572642,0.04719861780876533,6.090946085920858,4.952718932417434,-0.10920134498191172,0.10750280810495064,,,,,unrealistic fluxes
2025-05-23 19:30:00,0.0606433670322022,0.7561792594671773,0.046862859800425684,0.0075017377538238676,-0.05375788589504624,0.5896314697333259,0.3219303266313766,8.081320695642223,0.07646025243662281,0.15282368456165862,0.2177959480634415,0.9509640797879486,-0.7583017457522164,-0.772263153175745,0.0458572563740069,6.971233702107998,0.5471595862237012,6.970846411346768,0.0,0.0,0.0458547087486528,OK,6.971233702107998,0.0,0.0,0.0458572563740069,OK,-0.05686754281572383,-0.04744158810526733,-0.010317006651524933,-0.02122669429215148,-0.046057325180450845,5.74846775444054,1.2227659476674582,-0.028347205414834188,0.07420446178884108,OK,5.602768395254676,1.368465306853321,-0.026466435965790257,0.07232369233979716,OK,4.3926295554580905,2.5786041466499072,-0.010845281749953873,0.05670253812396077,OK,4.924507428255582,2.0467262738524155,-0.017711061114871387,0.06356831748887828,OK,5.578395437611888,1.39283826449611,-0.026151816091183076,0.07200907246518998,OK,3.988910191017849,2.9823235110901494,-0.06913877291368073,0.11499602928768762,4.164085303846144,2.8071483982618544,-0.05429090014704433,0.10014815652105123,7.967024449768219,-0.9957907476602212,0.004188169493329584,0.04166908688067732,5.4692858837618985,1.5019478183460997,-0.012996896527842028,0.05885415290184893,4.195849026498247,2.775384675609751,-0.05211039319421052,0.09796764956821742,,,,,Not enough points
2025-05-23 20:00:00,0.04318083317623196,0.8458914613413603,0.03376242417635226,-0.06385456234276643,0.9045288285194548,0.3731672822087436,0.27924189572910474,7.877793104802809,0.04860382101211612,0.11729683743008915,0.19720758735563707,0.9007559436024762,-0.7232624320252133,-0.7691876148455384,0.036526298077380344,3.5762032034793596,-3.324211612698939,3.4455498886095013,0.13045463691411022,-0.0008521512151855988,0.03737642005378387,OK,,,,,E>ET,-0.07717372209911039,-0.06162279950965755,-0.010579466307006045,-0.024158673168650877,-0.09356221605063335,0.6993539341534728,2.8768492693258874,-0.09050842479901586,0.12703472287639622,OK,0.6111487697304134,2.965054433748947,-0.07448632487000943,0.11101262294738978,OK,0.2793630717863962,3.2968401316929636,-0.014218837787538161,0.0507451358649185,OK,0.37466870136063757,3.2015345021187223,-0.03153070757229747,0.0680570056496778,OK,0.7868029770494765,2.7894002264298834,-0.10639317840885418,0.14291947648623451,OK,1.7804599455627863,1.7957432579165733,-0.05649579745120454,0.09302209552858488,1.8905779446889657,1.685625258790394,-0.04234527002480843,0.07887156810218877,4.5271938388215505,-0.9509906353421909,0.004101497507085598,0.032424800570294746,2.738028033892395,0.8381751695869646,-0.00825487157771302,0.044781169655093364,1.7040267315772764,1.8721764719020833,-0.07140847107583173,0.10793476915321207,2.8427369977326684,0.7334662057466911,-0.010635046426032116,0.04716134450341246,OK
2025-05-23 20:30:00,0.047834300807028905,1.1922687250778343,0.07062889944166138,-0.05188544842216806,0.5992957727830946,0.384679416780182,0.3342423861961156,10.103849236024196,0.054220255679824025,0.17977576369569112,0.22648344625281605,0.867746550260207,-0.8340083161280839,-0.8444923271633807,0.05703134083818597,8.28742130489116,-2.9946780470747196,8.286960892596444,0.0,0.0,0.05702817243036165,OK,8.28742130489116,0.0,0.0,0.05703134083818597,OK,-0.12484631557521157,-0.0985653389858853,-0.010620413961270489,-0.030494433368513374,-0.08837513531750162,6.703381088430616,1.5840402164605445,-0.08062029545375426,0.13765163629194027,OK,6.4238658266574635,1.8635554782336967,-0.07488054522262849,0.13191188606081453,OK,3.73678495398731,4.550636350903851,-0.019702259206605878,0.0767336000447919,OK,4.855172068890437,3.432249236000723,-0.042667955821995486,0.09969929666018153,OK,6.286997586809032,2.0004237180821294,-0.07207000276308508,0.12910134360127112,OK,4.1356420096646085,4.151779295226551,-0.21130629763166878,0.26833763846985476,4.266982652747739,4.0204386521434206,-0.16154745153708602,0.218578792375272,9.433557284101198,-1.1461359792100385,0.00496226602328443,0.05206907481490154,5.659736381037878,2.6276849238532813,-0.03266602642637224,0.08969736726455821,4.338925254803864,3.9484960500872957,-0.14225392284023042,0.1992852636784164,5.920252892546319,2.3671684123448404,-0.03763472531476769,0.09466606615295367,OK
2025-05-23 21:00:00,0.04370457402027664,0.6941703894979722,0.030822445115311875,-0.04707103736862736,0.6517000899859117,0.30987899998665047,0.2579102446731996,8.580479745570448,0.05151615230166718,0.15366230279541152,0.13866405386384717,0.8731759098750655,-0.810776685986967,-0.931850541003047,0.03033842117049839,3.304391738870836,-2.4840092849508237,3.139024763958489,0.16518339759351952,-0.0011857761285059014,0.0315225118311615,OK,,,,,E>ET,-0.07848894615929311,-0.06262027439548347,-0.010592603609249652,-0.024343586445714653,-0.06983768557478248,2.2580577414659975,1.0463339974048382,-0.033479679081510894,0.06381810025200926,OK,2.132220727428483,1.1721710114423531,-0.029923224775764964,0.06026164594626333,OK,1.3691433197462985,1.9352484191245372,-0.008356836277706175,0.03869525744820454,OK,1.6532387736250789,1.6511529652457568,-0.01638605175073712,0.04672447292123549,OK,2.193012023763078,1.1113797151077578,-0.03164133187846997,0.06197975304896834,OK,1.7727020411113679,1.531689697759468,-0.0490096658052127,0.0793480869757111,1.8728618961210182,1.4315298427498178,-0.03654414657901218,0.06688256774951057,4.30614853268519,-1.0017567938143537,0.004325810285262251,0.02601261088523614,2.6518151543235304,0.6525765845473055,-0.0064761738680703465,0.03681459503856874,1.8216638699841126,1.4827278688867234,-0.042213731227182354,0.07255215239768074,2.459447769187429,0.8449439696834075,-0.014278061151898336,0.044616482322396726,OK
2025-05-23 21:30:00,0.10527583110518765,2.202265505306883,0.06974962879217944,-0.14795937284629046,0.3527614718768228,0.8029251301194883,0.371918622727065,13.527916270733572,0.11263183242298878,0.3115996561184169,0.3160590298426325,0.9738409166967502,-0.8578276916219961,-0.8876724919493411,0.23184533138546815,18.012256694339918,-18.79483262623584,18.011252328925988,0.0,0.0,0.23183222021305275,OK,18.012256694339918,0.0,0.0,0.23184533138546815,OK,-0.10440230749363202,-0.0789587979748311,-0.010934301771530975,-0.02731984060178683,-0.07697113667866033,15.543111747895656,2.469144946444262,-0.10508945370771354,0.33693478509318164,OK,15.067655548087922,2.944601146251996,-0.09478278313223287,0.326628114517701,OK,11.943213449359098,6.069043244980819,-0.027052894539377016,0.2588982259248452,OK,13.178632466570333,4.833624227769585,-0.05383360922609048,0.28567894061155863,OK,15.022683939415032,2.9895727549248865,-0.09380791403592435,0.3256532454213925,OK,14.128787910841783,3.8834687834981345,-0.16528459114418786,0.397129922529656,15.185961608848448,2.82629508549147,-0.09097466884328537,0.3228200002287535,42.172905771865324,-24.160649077525406,0.10769662780665486,0.12414870357881329,23.385298595316065,-5.373041900976148,0.05984127528796987,0.17200405609749828,15.297981181932217,2.714275512407701,-0.08516953585367876,0.3170148672391469,,,,,Not enough points
2025-05-23 22:00:00,0.06679724783716534,2.259733563357943,0.06323992413764548,-0.09766336725954895,0.5793639643846465,0.5582123033792943,0.2587541856486357,10.156315495880447,0.07248736985450137,0.21003466902629686,0.2757733466017086,0.978578917366607,-0.7612271981755653,-0.7897119077760839,0.1509439828775813,10.362092328930787,-7.8850799401335125,10.361516657134725,0.0,0.0,0.15093559710075466,OK,10.362092328930787,0.0,0.0,0.1509439828775813,OK,-0.12770349992916658,-0.0948014267414407,-0.011065340161447886,-0.029901958333017432,-0.09199818567816452,8.889868457706589,1.4722238712241968,-0.07664416674871477,0.22758814962629603,OK,8.582513603262719,1.7795787256680673,-0.06877562258134869,0.21971960545892996,OK,6.565096109375434,3.7969962195553535,-0.017128028846763853,0.1680720117243451,OK,7.3366379178292345,3.025454411101552,-0.03688015154472182,0.18782413442230309,OK,8.550286969483773,1.811805359447013,-0.06795059350635979,0.21889457638394103,OK,5.228722982205418,5.133369346725369,-0.26724387770319147,0.41818786058077273,5.625477289599592,4.736615039331195,-0.18305660972424068,0.33400059260182197,17.278781324192202,-6.916688995261415,0.031200781297803015,0.11974320157977827,8.967756240526368,1.394336088404419,-0.01699689344382041,0.1679408763214017,5.672399922173793,4.689692406756994,-0.17588389433767135,0.32682787721525264,,,,,Not enough points
2025-05-23 22:30:00,0.051015697896700074,-0.20113157957339192,-0.00037646031478678736,0.02066365354579036,-0.21061999105058035,0.2635403031166283,0.12756262895916368,6.214489472764286,0.03673424161027891,0.12744090363658064,0.1562811356181548,0.9389818521358037,-0.5700310812560087,-0.7748287681407531,-0.010260867901002254,-0.0471108110957532,1.2770509185647112,-0.044424690587076196,-0.002683503241394242,0.0005545262063025022,-0.010814824059088035,OK,,,,,E>ET,-0.06745844797271211,-0.0547717586143059,-0.01050191567836519,-0.022750635569242537,-0.05643961775899617,,,,,13b not satisfied,,,,,13b not satisfied,,,,,13b not satisfied,,,,,13b not satisfied,,,,,13b not satisfied,-0.19293500386325355,0.14582419276750036,-0.0040102216555112785,-0.006250646245490975,-0.2326142053629236,0.18550339426717039,-0.004142008615138963,-0.0061188592858632904,-1.1220004681014017,1.0748896570056485,-0.004601875475507624,-0.00565899242549463,-0.5295714935680603,0.4824606824723071,-0.004474638060911334,-0.00578622984009092,-0.22637935162934175,0.17926854053358854,-0.004124683205841357,-0.006136184695160897,,,,,Not enough points
2025-05-23 23:00:00,0.052839965418886456,-1.1162912510459904,-0.017768580278492107,-0.0016224672376938204,0.015438774860026249,0.3677861162166981,0.18072403973706316,9.020458818835861,0.05046159627760372,0.21148101278533202,0.1810742062131231,0.9808307163888875,-0.6781732569263637,-0.6636854127683585,-0.05898479110267563,-2.3031000337750402,-0.10402519179521498,-2.3029720837731626,0.0,0.0,-0.058981514169836574,OK,-2.3031000337750402,0.0,0.0,-0.05898479110267563,OK,-0.06238581343823216,-0.05231894220562304,-0.01031594956742562,-0.02222441929664616,-0.05353626793875832,,,,,13b not satisfied,,,,,13b not satisfied,,,,,13b not satisfied,,,,,13b not satisfied,,,,,13b not satisfied,-2.1540586671387816,-0.14904136663625867,0.003790487930513148,-0.06277527903318877,-2.3620187143717564,0.05891868059671612,-0.0012566502425483891,-0.05772814086012724,-7.609395624691416,5.306295590916376,-0.02231531908102171,-0.036669472021653916,-4.107150692885695,1.804050659110655,-0.016344874961461905,-0.04263991614121372,-2.3327145092306685,0.02961447545562823,-0.000646330408829332,-0.058338460693846295,,,,,Not enough points
2025-05-23 23:30:00,0.049848027685588034,0.7571704502621093,0.018684081037813396,-0.046998877944360536,0.5027268057359382,0.3515482166034774,0.1411266217313769,6.194976801460256,0.050057534879291654,0.167016428802968,0.13002561416147157,0.9837124047698242,-0.7471226862291057,-0.7119590594862485,0.03774345356737478,2.284637336455655,-2.8435626218285814,2.2576039762092766,0.026960709104851825,-0.0004635899165794894,0.03820565491028081,OK,,,,,E>ET,-0.08744397704818872,-0.0693509958240021,-0.010642565663816094,-0.02556729149369103,-0.07451530956616796,1.897719834729996,0.386917501725659,-0.013792745674863816,0.051536199242238616,OK,1.846233099375152,0.4384042370805032,-0.012394525240519651,0.05013797880789445,OK,1.5130912556587006,0.7715460807969541,-0.003347423492678975,0.04109087706005377,OK,1.638006814765199,0.6466305216904559,-0.006739743594283466,0.04448319716165827,OK,1.8622753141714101,0.42236202228424485,-0.012830182160417094,0.050573635727791895,OK,1.6850365192631518,0.5996008171925031,-0.021374431348005055,0.05911788491537984,1.8242509692309914,0.46038636722466353,-0.013016002050886717,0.0507594556182615,5.535825741761981,-3.251188405306326,0.01410557932690995,0.023637874240464832,2.976461564251425,-0.6918242277957702,0.007210791559091795,0.030532662008282987,1.7776203488372075,0.5070169876184474,-0.015401764283609669,0.05314521785098445,,,,,Not enough points
2025-05-24 00:00:00,0.03707203631106068,-0.350001716661001,-0.009884384234818579,-0.02361267322689027,0.45745802109732286,0.21150338746175038,0.125412408393677,5.7534423434005255,0.04010632200718752,0.14920555620326806,0.13274456566947695,0.9631026284978484,-0.2625115080763932,-0.1721449110385971,-0.0129752763489902,-0.8988632183546889,-1.0642532032131153,-0.8709400491864374,-0.027891847786322945,0.00041027420287125443,-0.013383681984440345,OK,,,,,E>ET,-0.06765943164258449,-0.0567986359170654,-0.010308807677640192,-0.023132752306944657,-0.0629020002370109,-0.7169677592894346,-0.18189545906525426,0.005017098809099907,-0.017992375158090095,OK,-0.7002764696899678,-0.19858674866472104,0.004598229284696798,-0.017573505633686988,OK,-0.571813425253286,-0.32704979310140275,0.0013744367786768744,-0.014349713127667064,OK,-0.6213354197919093,-0.2775277985627794,0.0026171960140417443,-0.015592472363031936,OK,-0.7100148967036586,-0.1888483216510301,0.004842616051060818,-0.017817892400051008,OK,-0.6696753316671321,-0.22918788668755674,0.006321533694514938,-0.019296810043505138,-0.7136680259221917,-0.18519519243249716,0.004288150961501943,-0.017263427310492144,-1.9496062515500159,1.0507430331953271,-0.004415779799360347,-0.008559496549629854,-1.1125183692806817,0.21365515092599285,-0.002014851889716217,-0.010960424459273983,-0.6870759587665443,-0.2117872595881446,0.00543083662976329,-0.01840611297875349,,,,,Not enough points
2025-05-24 00:30:00,0.04104843255011826,0.5298267037955581,0.014383885638658058,0.0010404501267621735,-0.016463411518071156,0.3351649829404665,0.12452536073387949,6.656634268586309,0.04067221320438007,0.284268655011461,0.16007691368487073,0.9100682254712382,-0.5643919664454664,-0.7822231672819105,0.021748555714003453,1.4483394085236627,0.05199103571999476,1.38742310098409,0.0608405940753398,-0.0008165721438716853,0.022564099708650604,OK,,,,,E>ET,-0.09361056765915772,-0.07560994646280586,-0.010530417253049495,-0.026661694493134644,-0.0858023569808007,1.0278590220848216,0.42048038643884117,-0.016046232231586598,0.03779478794559003,OK,0.9822103195425131,0.4661290889811498,-0.01436771115475793,0.03611626686876137,OK,0.6810487906588273,0.7672906178648357,-0.0032938811090366367,0.02504243682304007,OK,0.7869655458588584,0.6613738626648046,-0.007188482622141625,0.02893703833614506,OK,1.0092044956401545,0.4391349128835083,-0.015360297822243614,0.03710885353624705,OK,0.9125163760637217,0.535823032459941,-0.02044789980979469,0.042196455523798145,0.9738612652155052,0.4744781433081575,-0.014625057893722513,0.036373613607725966,2.9454421318344064,-1.4971027233107437,0.006426871727329324,0.015321683986674129,1.559547762129451,-0.11120835360578818,0.001208725295117001,0.020539830418886452,0.9359652573856111,0.5123741511380516,-0.017922099398158118,0.03967065511216157,1.1444886874586702,0.30385072106499245,-0.005526298231909176,0.027274853945912628,OK
2025-05-24 01:00:00,0.14348202860470802,1.7933856047550487,-0.0021036766189931437,-0.0570130445925547,0.07408819272905125,0.3614951607690169,0.11950033399328265,12.52543618908214,0.0535057279886883,0.5873012330504254,0.21517778719413047,0.5639797304547812,-0.3188634797380643,-0.7951513261187532,0.25731860464073547,-0.7404130019789671,-9.990586289387975,-0.6756003730082454,-0.06475502950685544,-0.034910720103157517,0.29221492959434986,OK,,,,,E>ET,-0.1328543524613561,-0.09756656086602955,-0.011195739879690032,-0.030243379169132095,-0.09552102196103641,-0.2699138837461735,-0.4704991182327936,0.6517717314310021,-0.3944531267902667,OK,-0.2477520098363109,-0.49266099214265624,2.2228491609443535,-1.9655305563036183,Small ratioRP,,,,,rET < 0,-0.07535203384701544,-0.6650609681319516,-0.14531353737387312,0.4026321420146086,OK,-0.24578347185316773,-0.49462953012579935,2.7415427307408904,-2.4842241261001554,Small ratioRP,,,,,,,,,,,,,,,,,,,,,-0.5353154553550783,-0.2050975466238888,-0.1993010837521472,0.45661968839288264,OK
2025-05-24 01:30:00,0.06631118190725344,-0.10891162970176975,-0.0007947558980192926,-0.011746289706189274,0.07153806447898627,0.32596075829040083,0.13480668642885787,19.129238938959222,0.045367035812329454,0.32818574685526497,0.20459698546282643,-0.11150285583719968,0.48613012895140867,-0.8590098552650193,-0.0072220588889694804,-0.12927605077605495,-0.9520784727485025,-0.060129996227956534,-0.06913887254527618,0.018250792427822175,-0.02547245009129778,OK,,,,,E>ET,-0.11483373403235013,-0.08900198246996992,-0.010803321173698394,-0.02887348488067017,,,,,,13a not satisfied,,,,,13a not satisfied,,,,,13a not satisfied,,,,,13a not satisfied,,,,,13a not satisfied,-0.1088563715995906,-0.02041967917646434,0.0009559184702715136,-0.008177977359240994,-0.1260461142177183,-0.0032299365583366435,0.00011719150303473019,-0.007339250392004211,-0.6791758885074122,0.5498998377313572,-0.0024218281942015836,-0.004800230694767897,-0.28518127749600664,0.1559052267199517,-0.0018351109688202107,-0.00538694792014927,,,,,,,,,unrealistic fluxes
2025-05-24 02:00:00,0.061716034439245206,-3.1598825714000207,-0.02426331746515597,0.08207035782032622,-0.577064173682914,0.35772455972166567,0.13319937583087835,14.032703481584825,0.04326550484488063,0.29601441269120565,0.10464609965762972,0.9339231846633278,-0.8233645711504837,-0.9543901115539868,-0.19501542160049437,-3.6732098611191377,6.190781319122015,-3.1826126860435826,-0.4903931078610474,0.03038419596585484,-0.2253887833762602,OK,,,,,E>ET,-0.081333093162917,-0.07102413088927474,-0.010091579609334978,-0.02579972353614096,-0.07142094724762887,,,,,13b not satisfied,,,,,13b not satisfied,,,,,13b not satisfied,,,,,13b not satisfied,,,,,13b not satisfied,-4.458643684010173,0.7854338228910356,-0.026042300159193954,-0.16897312144130042,-4.857013714795793,1.1838038536766549,-0.03427584176549475,-0.16073957983499962,-23.834085925568324,20.160876064449187,-0.0829413313486853,-0.11207409025180907,-10.36631889540963,6.693109034290493,-0.07039558201465233,-0.12461983958584204,-4.839551353907575,1.1663414927884377,-0.03395891326097175,-0.16105650833952262,,,,,Not enough points
2025-05-24 02:30:00,0.09057625283973524,1.0464412541800079,0.01998446335755281,-0.077380021821327,0.2525001792055032,0.6031845346119475,0.14271579446317048,9.64512717754115,0.11101558542343141,0.3134094492594225,0.27575024416681987,0.9374339675270007,-0.9276763818759296,-0.8536941126372778,0.09478272762053803,4.440218977971133,-8.563120855345913,4.123437849171238,0.316497277235337,-0.0038825296442886147,0.0986632638017277,OK,,,,,E>ET,-0.12749884110592463,-0.1004150939680068,-0.010684205674694086,-0.030659974106493446,-0.11252792365133578,3.310724461551207,1.1294945164199257,-0.05870739579251432,0.1534901234130523,OK,3.167869470199111,1.272349507772022,-0.05208442534980638,0.14686715297034433,OK,2.2501777997192445,2.1900411782518887,-0.009538870927228937,0.1043215985477669,OK,2.553172173055425,1.887046804915708,-0.023586141939036645,0.1183688695595746,OK,3.2359869135801107,1.2042320643910223,-0.05524245161038882,0.1500251792309268,OK,2.122938710030303,2.31728026794083,-0.12044457752958919,0.21522730515012722,2.2896370071045773,2.150581970866556,-0.0880354222138061,0.18281814983434413,8.880288959240513,-4.44006998126938,0.01933902196898378,0.07544370565155425,4.075026422231769,0.36519255573936427,-0.004564530902100711,0.09934725852263875,2.205164777870715,2.2350542001004183,-0.1025299667286984,0.19731269434923643,,,,,Not enough points
2025-05-24 03:00:00,0.10102696951059514,1.3759536426230965,0.02970390273665521,-0.13002563952252844,0.34103155705234617,0.6098348420333034,0.13465841072541299,7.909308272280492,0.1112219948262033,0.30443075914654744,0.36186093270468467,0.8819435552426899,-0.8764927489628892,-0.8844131067299198,0.1390084267012759,7.361196112326652,-16.048217326272834,7.079584528386913,0.28151800708366775,-0.0031483492402136323,0.14214597895085943,OK,,,,,E>ET,-0.15349310020529974,-0.11917993563092945,-0.010769812098803332,-0.03338847180568324,-0.14497689661154217,4.261251340546294,3.099944771780358,-0.1939747792441002,0.332983205945376,OK,3.9190778796903882,3.4421182326362634,-0.1672366202199912,0.30624504692126703,OK,2.0758771514728043,5.285318960853847,-0.02320501104388032,0.16221343774515615,OK,2.6070285854885715,4.75416752683808,-0.0647103091843979,0.2037187358856737,OK,4.182834543097507,3.1783615692291445,-0.18784712458876177,0.3268555512900376,OK,3.4280860824141275,3.933110029912524,-0.24610894901746128,0.38511737571873716,3.656893782875906,3.7043023294507456,-0.17997493403238563,0.3189833607336615,13.959816310498745,-6.598620198172093,0.028971014939128334,0.11003741176214756,6.286836307274622,1.0743598050520298,-0.014623412988234441,0.15363183968951033,3.4747692424383945,3.886426869888257,-0.22969511068247422,0.3687035373837501,,,,,Not enough points
2025-05-24 03:30:00,0.03924821977608493,1.0795361088560431,0.026821498808970026,-0.04551017991515774,0.7925677762379255,0.5076361067111332,0.1273568134250299,13.854996397689478,0.0688022160549319,0.2666279563848367,0.2604621189149542,0.5702710584882529,-0.5588855033676847,-0.9204409924976235,0.04236987045660153,2.582263484187152,-2.1871291436282907,2.071347546898685,0.510772478206011,-0.009695526018633223,0.05206304259354264,OK,,,,,E>ET,-0.25633767405504354,-0.19388234760180179,-0.0109375971554408,-0.04250626252831366,-0.25165128739337833,1.1182483736785644,1.4640151105085877,-0.1529890861024095,0.19535895655901103,OK,0.9713459318919158,1.6109175522952364,-0.12732510266284133,0.16969497311944287,OK,0.30075863799407326,2.281504846193079,-0.010172923324845424,0.05254279378144697,OK,0.45366055545370726,2.128602928733445,-0.036885020345406104,0.07925489080200764,OK,1.1081616102568184,1.4741018739303338,-0.15122691982207925,0.1935967902786808,OK,1.2855176053737294,1.2967458788134225,-0.13550950771116835,0.17787937816776989,1.3417144419852998,1.2405490422018521,-0.09805159421820697,0.1404214646748085,5.199631212974475,-2.6173677287873227,0.011670490756268557,0.030699379700332975,2.1631229083571726,0.4191405758299793,-0.007262983837137242,0.04963285429373877,1.2887663802501381,1.2934971039370138,-0.13269882244001469,0.17506869289661622,1.7823063535556878,0.799957130631464,-0.11572475915379717,0.1580946296103987,OK
2025-05-24 04:00:00,0.02461298768581446,0.46609734704070105,-0.002432645776677416,-0.0028719408352058744,0.12703055634719848,0.32993743254541114,0.1670240310577347,10.200078683683916,0.03711549063143,0.1880121823539954,0.10427084517115846,0.6987877007381498,-0.02069065134514785,-0.5757166987846554,0.011472048263103564,-0.14687259137764494,-0.0864608550115501,-0.13405776497345462,-0.012806666815781314,-0.00044906502452620356,0.01192047595161513,OK,,,,,E>ET,-0.12961387380337944,-0.10183443644000913,-0.010712872872587853,-0.030874790735752784,-0.09025743507504372,-0.029141510291897557,-0.1177310810857474,0.012867263492792902,-0.001395215229689378,OK,-0.037797791304407094,-0.10907480007323785,0.014495051772369774,-0.0030230035092662483,OK,-0.03249238311284073,-0.1143802082648042,-0.0038216726434019657,0.015293720906505489,OK,-0.043859562579189,-0.10301302879845595,-0.034917107673020475,0.046389155936124,OK,-0.04065827556446812,-0.10621431581317682,0.01572888760093618,-0.004256839337832655,OK,,,,,,,,,,,,,,,,,,,,,-0.10560413315214884,-0.041268458225496095,-0.005562810109678323,0.01703485837278189,OK
2025-05-24 05:00:00,0.1422592554191366,1.464551789992284,0.10857919404815664,0.031274766765782835,-0.041038973480151474,0.43377277526810826,0.23178401284064318,6.888786373029014,0.12439334707665708,0.5550543072158897,0.28256077755479,0.27739501824483326,0.14735078682341662,-0.7575681762234013,0.208346047167066,37.89000766918464,5.395276214974369,21.10667754970052,16.781225119058035,-0.32569813218337484,0.5340326045700426,OK,19.17151757510145,18.71849009408319,-0.05021027733283073,0.25855632449989674,OK,-0.289277424409628,-0.22858639480994383,-0.010554038648264458,-0.04618946496711825,,,,,,13b not satisfied,,,,,13b not satisfied,,,,,13b not satisfied,,,,,13b not satisfied,,,,,13b not satisfied,17.21484321822015,20.67516445096449,-2.438181133966779,2.646527181133845,17.418467033715586,20.471540635469054,-1.907670472917708,2.116016520084774,37.46876706010468,0.42124060907995897,-0.0018123887763752122,0.21015843594344122,21.251064428775237,16.638943240409404,-0.3133077398665958,0.5216537870336618,,,,,20.243896187173046,17.64611148201159,-4.973569102837002,5.181915150004069,OK
2025-05-24 06:00:00,0.09310152128932207,0.2103560797657973,0.29234456544851195,0.430519821222461,-1.3088345680426667,0.47245611805245324,0.28112546319499176,1.8663656066379313,0.16930031328847966,0.3745144798899208,0.3878738019499078,0.11031869769160028,0.7148589388866788,-0.4037740341820982,0.019584471038653708,66.76507644196127,48.251338152374736,46.17197632622194,20.58939094482591,-0.030298528022180655,0.04988191103466555,OK,33.923217845207915,32.841858596753355,-0.0471376184633053,0.06672208950195901,OK,-1.5992219901521407,-1.3550218930627724,-0.008749369077728194,-0.10486066003417671,-2.043121719820155,21.41132964713241,45.353746794828865,-29.568165180320914,29.587749651359566,Small ratioRP,19.077092544870585,47.68798389709069,-26.342544727524906,26.362129198563558,Small ratioRP,0.18602200024223106,66.57905444171904,-0.23747440691266167,0.2570588779513153,Small ratioRP,2.01713440684103,64.74794203512025,-2.767840170263172,2.787424641301826,Small ratioRP,25.117025221072904,41.64805122088836,-34.688967795344354,34.70855226638301,Small ratioRP,38.51742940284273,28.24764703911854,-18.41592267224394,18.435507143282596,38.52055125796844,28.244525183992828,-15.602099463299272,15.621683934337925,41.666357075559326,25.098719366401944,-0.08952220102526495,0.10910667206391866,38.7642925485026,28.000783893458667,-1.1969754099235308,1.2165598809621845,38.51366579933295,28.251410642628322,-23.530807460053893,23.55039193109255,34.75399587545119,32.01108056651008,-0.3250884107827468,0.34467288182140027,OK
2025-05-24 06:30:00,0.1588100072520192,-0.08065843777121376,0.22637520142247564,0.3111786770176263,-0.32392244797282804,0.5255281776428766,0.32094297532976673,1.4966385817779129,0.17697004500103736,0.41012902055340295,0.5469055950177253,0.046024660095376424,0.7834278718411497,-0.44004443136836163,-0.012809367087382995,88.18693802211136,59.28320213612924,42.34623147880797,45.83580726896881,0.7931483678890681,-0.8059570233449445,Small ratioRP,30.333643184870937,57.853294837240426,-0.06590903174878998,0.05309966466140698,OK,-0.16953220999742638,-0.1469772909298976,-0.009959853770936396,-0.037140608390410716,-0.10528823858381858,71.81110433350315,16.37583368860821,-1.1317697822184805,1.1189604151310975,Small ratioRP,69.81674286602178,18.37019515608958,-1.1006936477351212,1.0878842806477382,Small ratioRP,17.577082164955,70.60985585715636,-0.28669540934536425,0.2738860422579813,Small ratioRP,43.04346317823901,45.143474843872355,-0.6835124829019781,0.6707031158145952,Small ratioRP,64.4803109400106,23.706627082100752,-1.017541381262919,1.004732014175536,Small ratioRP,41.90780250904969,46.279135513061675,-3.1984525561759987,3.1856431890886157,41.894257840889196,46.29268018122217,-2.773735313053484,2.760925945966101,40.4936962966287,47.693241725482665,-0.1936476614136688,0.1808382943262858,41.59318074834374,46.59375727376762,-0.7054710527284361,0.6926616856410531,41.85394703480931,46.332990987302054,-1.9887154542898386,1.9759060872024556,,,,,unrealistic fluxes
2025-05-24 07:00:00,0.07473889641394789,-0.5869609472638191,0.37076040535576715,0.6041896645038045,-2.8313434613252597,0.6054198839387015,0.3638228281696635,1.9153541303150805,0.18036277345023072,0.6743420233400971,0.7211517155751159,-0.03260327905324033,0.6533160734616932,-0.5162159254475451,-0.043868813436583304,67.97317831977196,54.02797716806694,27.85668694452108,40.112715087566464,-0.13226889067918993,0.08840251439890866,OK,26.45627581521139,41.51690250456057,-0.10156086616672617,0.05769205273014287,OK,-0.13768554589039822,-0.1222134322530525,-0.009837944330796903,-0.03391157128249478,-0.07261317153782819,58.877372510535636,9.095805809236335,-0.5105425960699402,0.46667378263335696,Small ratioRP,57.88390280343777,10.089275516334187,-0.5026681572761782,0.45879934383959486,Small ratioRP,19.16286504027439,48.81031327949757,-0.19575749890438385,0.15188868546780052,OK,41.186132775871314,26.78704554390065,-0.37031830591497156,0.3264494924783882,Small ratioRP,52.44775583904095,15.52542248073101,-0.45958017357960484,0.41571136014302157,Small ratioRP,34.23935915001113,33.73381916976083,-1.893460785714023,1.8495919722774399,34.188938742784,33.78423957698796,-1.683199296682883,1.6393304832462998,29.06372144812002,38.90945687165194,-0.15604935615363014,0.11218054271704685,33.020604793317105,34.952573526454856,-0.4832028897876126,0.4393340763510293,33.88245064997929,34.09072766979267,-1.009146292758272,0.9652774793216886,32.71765755614701,35.25552076362494,-3.825591947118995,3.781723133682401,OK
2025-05-24 07:30:00,0.18307159292748296,-0.32435130765519304,0.25544741106343183,0.3992944379711246,-0.3114397747048063,0.6507630709860384,0.40500570468948033,2.8484764721274276,0.24552182474480258,1.0463264487314303,0.7408458074712555,-0.12196776690352668,0.8762774135754775,-0.42938179247031333,-0.059379510560548285,114.71494840218854,87.35439759396651,56.459762389635976,58.24881295986358,-0.321502474487199,0.2621262627883485,Small ratioRP,44.368085459494615,70.34686294269392,-0.15734782579697892,0.09796831523643065,OK,-0.099847286104458,-0.08961945878238857,-0.009823657760801865,-0.029118782058331606,-0.10506677861015357,52.04270567229841,62.67224272989014,-2.5510205261596006,2.4916410155990523,Small ratioRP,48.947001044709516,65.76794735747903,-2.4028079280126406,2.3434284174520923,Small ratioRP,7.71035224916881,107.00459615301973,-0.4285269186465882,0.3691474080860399,Small ratioRP,21.79780487194768,92.91714353024086,-1.1029898295718974,1.0436103190113493,Small ratioRP,53.512838298440826,61.20211010374772,-2.6214058510998086,2.5620263405392603,Small ratioRP,61.513752769915136,53.201195632273404,-2.165509580674621,2.1061300701140726,61.423327580043164,53.291620822145376,-1.9469898963379286,1.8876103857773803,54.252832833632375,60.462115568556165,-0.2421358054788203,0.182756294918272,59.5892008772626,55.12574752492594,-0.6543801989322997,0.5950006883717515,61.55311423187443,53.16183417031411,-2.2770251370901304,2.217645626529582,56.61332466421414,58.1016237379744,-0.81681356439054,0.7574340538299927,OK
2025-05-24 08:00:00,0.17362700775677384,-0.24873199004962737,0.22359179963654474,0.33289158850753064,-0.2884920745992234,0.4961008065241101,0.32332746161134823,2.9077145391849966,0.26045444209600865,1.1567004667963374,0.9191639104492927,-0.09059800885617766,0.9262568461509836,-0.2519111871831801,-0.04318659116570445,95.2293237935107,69.03248452558861,39.28741021868048,55.93662305684169,-0.11437110753979905,0.07118691562915934,OK,39.46825313459874,55.76107065891196,-0.14172462284979762,0.09853803168409317,OK,-0.07185194324878276,-0.06477014504674697,-0.009845264609777915,-0.024815880130358486,-0.09324685206077782,19.784486128548092,75.44483766496262,-2.2098891945820442,2.1667026034163395,Small ratioRP,18.182004212572817,77.0473195809379,-2.034393014561477,1.9912064233957725,Small ratioRP,2.986221186384739,92.24310260712596,-0.3702232994676114,0.32703670830190695,Small ratioRP,7.691977799394967,87.53734599411574,-0.885575330256719,0.8423887390910145,Small ratioRP,24.244807222053353,70.98451657145736,-2.6983622973108194,2.6551757061451147,Small ratioRP,49.70600221120264,45.523321582308064,-1.3334444022943681,1.2902578111286636,49.620536626764306,45.608787166746396,-1.2042754831619962,1.1610888919962916,44.782958801529226,50.446364991981476,-0.20246955236343034,0.1592829611977259,48.22442642712017,47.00489736639053,-0.4755270683180394,0.432340477152335,49.88535116584641,45.34397262766429,-1.7236782337789531,1.6804916426132486,45.65915643651411,49.570167356996585,-0.49658791550326825,0.45340132433756397,OK
2025-05-24 08:30:00,0.16850556317381124,0.16460761963899542,0.20810516201852466,0.3267545081543171,-0.30026922502642683,0.5377183094804886,0.32375987930339056,3.6914295305928775,0.2219214727971026,1.0135388226545397,0.722999406030145,0.028837297415781213,0.8999653343638514,-0.21357757323085855,0.027737299649969436,86.01905056958232,65.6808270697,52.04824508694269,33.966026646496864,-0.49829144475462894,0.5260272034435068,Small ratioRP,47.01250494054689,39.00654562903543,-0.12604714399772188,0.1537844436476913,OK,-0.061336821308504576,-0.0545891172913578,-0.009924327822945443,-0.022813782750864937,,,,,,13b not satisfied,,,,,13b not satisfied,,,,,13b not satisfied,,,,,13b not satisfied,,,,,13b not satisfied,51.58845162583445,34.43059894374787,-0.860930898881961,0.8886681985319304,51.66963807049358,34.349412499088736,-0.7644126000008096,0.792149899650779,54.99097514974273,31.02807541983959,-0.12553313990279805,0.15327043955276748,52.69751612618322,33.3215344433991,-0.30990226160504286,0.3376395612550123,,,,,,,,,unrealistic fluxes
2025-05-24 09:00:00,0.14344962719810136,0.20268067791509425,0.23417873932370398,0.3119890042470489,-0.3950445453221342,0.502157664772053,0.3683669570620766,2.8338627163948096,0.20732883501421165,0.9859265625270474,0.961573030224987,-0.03885619610015394,0.8977441584434571,-0.17740318827937965,0.029074467687178727,82.40326805014253,53.31669631957645,41.0336617574353,41.36502833337113,0.19249938481333667,-0.16342653237436272,Small ratioRP,38.74450238878026,43.65876566136227,-0.05222112959004399,0.08129559727722271,OK,-0.05577717402581021,-0.050222283296159534,-0.009863755783532319,-0.021894819617153744,,,,,,13a not satisfied,,,,,13a not satisfied,,,,,13a not satisfied,,,,,13a not satisfied,,,,,13a not satisfied,45.0914313538698,37.31183669627273,-0.8484096243907928,0.8774840920779715,45.167638247416505,37.235629802726024,-0.7623556252194975,0.7914300929066762,48.298531398703574,34.104736651438955,-0.13713852156195586,0.16621298924913458,46.15765276900729,36.24561528113524,-0.3235186337110506,0.35259310139822936,,,,,,,,,unrealistic fluxes
2025-05-24 09:30:00,0.15141287913211257,-0.03321228847618536,0.2384912752795503,0.30704675520271163,-0.34892266009159806,0.45900749215413766,0.3732630468826242,1.7621580334229117,0.19314806313875932,1.1662743438289904,0.5536201151340673,-0.2984948145641758,0.9580674820579504,-0.27510771355289665,-0.00502876822074551,88.57942601493045,55.37182372411319,44.37563383654737,44.19887109916003,-0.014134615088020431,0.009106126243287197,OK,35.39623915199041,53.18318686294004,-0.048077555639959885,0.04304878741921438,OK,-0.05890380703245674,-0.05367630151162799,-0.00979691426772011,-0.022627501512736316,,,,,,13a not satisfied,,,,,13a not satisfied,,,,,13a not satisfied,,,,,13a not satisfied,,,,,13a not satisfied,53.8291161035886,34.750309911341844,-0.8344580307116791,0.8294292624909336,53.81669271477566,34.762733300154785,-0.7606746653026578,0.7556458970819123,53.18970332910762,35.389722685822825,-0.1413412470898474,0.1363124788691019,53.624606075031174,34.954819939899274,-0.3224379295016291,0.3174091612808836,,,,,38.52520294164114,50.05422307328931,-0.018765879805940973,0.013737111585195463,OK
2025-05-24 10:00:00,0.16888777403101365,-0.2355860554016658,0.20797353072154598,0.2923771812094352,-0.26668222829669813,0.5816890134615489,0.31492994710225786,1.8537577247095984,0.21361432338321634,0.87104298331319,0.9294946389800982,-0.14127543903460474,0.7529378760824199,-0.4460758261811583,-0.039787604489534396,86.1596298792675,58.72459545998011,25.75508378308019,60.40088236259406,-0.07412435273794221,0.03433272741860366,OK,26.308594089771457,59.85103578949604,-0.09610884472625182,0.056321240236717425,OK,-0.04443297893055289,-0.04109897502933702,-0.009744356726031253,-0.019833677448916738,-0.055506477035704146,23.862350336223326,62.29727954304418,-1.1284360820914472,1.0886484776019127,Small ratioRP,22.504924818686334,63.654705060581165,-1.066507596319901,1.0267199918303667,Small ratioRP,6.09897019737755,80.06065968188994,-0.31803490732235,0.2782473028328156,Small ratioRP,12.23021522998982,73.92941464927769,-0.5977546531353378,0.5579670486458035,Small ratioRP,27.9828856792219,58.176744200045604,-1.3164232025898743,1.2766355981003399,Small ratioRP,40.24603736325614,45.913592516011356,-0.8316664039502336,0.7918787994606992,40.16062715976512,45.99900271950238,-0.7706937888883955,0.730906184398861,36.49796022823242,49.661669651035076,-0.19727722164288866,0.15748961715335427,38.940184718375086,47.21944516089241,-0.3817917833827771,0.3420041788932427,40.456084040565834,45.703545838701665,-1.0341797054815107,0.9943921009919763,42.509783353756525,43.649846525510966,-0.24263857071067643,0.20285096622114196,OK
2025-05-24 10:30:00,0.31640234960790914,-0.1613656808841701,0.1309452980602635,0.24754653338554458,-0.06416905381470416,0.6495896088211658,0.4181382956067971,2.2269563202849647,0.2655375651677766,1.3010499902845962,0.9516218176595829,-0.28686776178919365,0.9297748964177516,-0.2992426604073885,-0.05105648057783149,101.63122414204877,92.91274347963045,38.549537174887966,63.07604078804178,-0.12674019994208605,0.07568655583539775,OK,42.21319428255831,59.41802985949045,-0.11888048304869536,0.06782400247086387,OK,-0.032300558415419255,-0.029934264087897653,-0.009755886528211717,-0.016965549074606928,,,,,,13a not satisfied,,,,,13a not satisfied,,,,,13a not satisfied,,,,,13a not satisfied,,,,,13a not satisfied,49.4424484899123,52.188775652136464,-0.6872101902083341,0.6361537096305026,49.287422435047716,52.34380170700105,-0.6387579224059995,0.587701441828168,44.91053410256278,56.72069003948599,-0.22558524901226823,0.17452876843443674,47.66980808831074,53.96141605373803,-0.3732103759457702,0.32215389536793876,,,,,45.430826973882354,56.20039716816641,-0.228774926492053,0.17771844591422153,OK
2025-05-24 11:00:00,0.3557767409180012,-0.27323909278379493,0.25163727022275345,0.4085573169977339,-0.08354465246646971,0.9450435800047026,0.5549670464702359,2.3450001742701785,0.30812160681652145,1.582722450313866,1.329975388284375,-0.560424211763538,0.755411097868027,-0.04785901682360078,-0.0972121139220099,219.6089654023964,171.97500713051082,74.11034133096219,145.4864235733563,-0.16454154383922107,0.06733483059020683,OK,55.68606390196033,163.92290150043607,-0.15598016510977827,0.058768051187768365,OK,-0.039368035984206184,-0.0368214550507921,-0.009671574253998755,-0.018801778251976178,,,,,,13a not satisfied,,,,,13a not satisfied,,,,,13a not satisfied,,,,,13a not satisfied,,,,,13a not satisfied,118.41908854372132,101.18987685867508,-1.623989691565314,1.5267775776433041,118.18678847635472,101.42217692604167,-1.522426469154394,1.4252143552323842,108.1057247928052,111.50324060959119,-0.4396297884700982,0.3424176745480883,114.74500399163436,104.86396141076203,-0.8037623110757992,0.7065501971537893,,,,,85.69106263786409,133.9179027645323,-0.27406805605390416,0.17685594213189423,OK
2025-05-24 11:30:00,0.20982198040319283,-0.21079752581787764,0.14449782676451245,0.2610614197586665,-0.1535258840887395,0.5334916106048191,0.3314333910834357,2.959458206596546,0.26866935666782377,1.354537436122982,1.0898587729122957,-0.585442657371467,0.7941302655831538,-0.2459777218438791,-0.04422995433120026,74.3720658909614,64.81252689735014,19.80909645344635,54.55883765607668,-0.06819977267629836,0.023972275564783107,OK,18.9394483515727,55.432617539388694,-0.0927800289998497,0.04855007466864945,OK,-0.024817010676639027,-0.023038851700308866,-0.009747674167955366,-0.014905523283479633,,,,,,13a not satisfied,,,,,13a not satisfied,,,,,13a not satisfied,,,,,13a not satisfied,,,,,13a not satisfied,35.56714744688487,38.80491844407653,-0.39258951297707056,0.3483595586458703,35.39570279495896,38.97636309600244,-0.36607038287247934,0.3218404285412791,32.13309192706985,42.238973963891546,-0.16784824924124137,0.1236182949100411,34.0900614171727,40.282004473788696,-0.24477144540941223,0.20054149107821198,,,,,25.56747917325713,48.80458671770427,-0.12322200042727784,0.07899204609607759,OK
2025-05-24 12:00:00,0.32179345857692176,-0.3016280868349721,0.1651970894299543,0.31557139255864053,-0.0787478189717239,0.697207708396292,0.33895774412429375,1.9308836604775632,0.33966508785830446,1.1128039519074269,1.5330989074069712,-0.5134312540820343,0.8141709024419325,-0.31843147114918624,-0.09706194526656575,130.39986777680335,119.88687051802826,42.76895725175284,87.62366608795183,-0.15285177922077617,0.055795226284503015,OK,41.95698106370654,88.44288671309681,-0.16019866020763512,0.06313671494106937,OK,-0.02406313113917656,-0.02253514269911494,-0.00969744317009187,-0.01475079457257861,,,,,,13a not satisfied,,,,,13a not satisfied,,,,,13a not satisfied,,,,,13a not satisfied,,,,,13a not satisfied,68.94458040074782,61.45528737605552,-0.6028563552082371,0.5057944099416714,68.56074242281304,61.83912535399031,-0.5681017179945487,0.4710397727279829,60.55853184759864,69.84133592920472,-0.2761037040753192,0.17904175880875345,65.37077059858319,65.02909717822016,-0.3910439680864967,0.29398202281993097,,,,,49.450727348804534,80.94914042799878,-0.27979940168834716,0.18273745642178138,OK
2025-05-24 12:30:00,0.3559275189670078,-0.2877963063978978,0.14025966504505907,0.3234807427143839,-0.06588616750190247,0.7965194253509756,0.37525477626668274,1.8139023180487484,0.2902043107986942,1.3494276687337643,1.358831314529227,-0.5876526084109612,0.9354323498261294,-0.4214973057067477,-0.10243462530407256,122.45933957081888,135.68774181663343,31.22756434140012,91.22497193277592,-0.14976700671389473,0.04733807222233905,OK,25.363397989968963,97.09594158084992,-0.14000564497023768,0.03757101966616513,OK,-0.0211740567991176,-0.019775011600727376,-0.009711447160935135,-0.013831568072571066,,,,,,13a not satisfied,,,,,13a not satisfied,,,,,13a not satisfied,,,,,13a not satisfied,,,,,13a not satisfied,57.49962672172069,64.9597128490982,-0.5607259068573889,0.4582912815533163,57.06311575196529,65.3962238188536,-0.5271957132741922,0.4247610879701197,50.21713977290514,72.24219979791374,-0.286007462750574,0.18357283744650144,54.22431956780936,68.23502000300952,-0.384752272362362,0.28231764705828943,,,,,48.20653623850432,74.25280333231457,-0.23631677837171833,0.13388215306764575,OK
2025-05-24 13:00:00,0.20805101696308376,-0.34143744252888786,0.2430380569878738,0.618212414167344,-0.36816243969522694,0.7470504358379167,0.31997997476179346,2.1291340401600363,0.3444591601541857,1.1595420722588354,2.0565103764217327,-0.5015415624932108,0.9093381945590959,-0.34272463492545074,-0.07103640714740958,124.03426449154587,151.42736683215398,40.07496928081867,83.95240441825541,-0.13961425970021468,0.06858179901986888,OK,33.250299378992,90.78396511255387,-0.1460161208092265,0.0749797136618169,OK,-0.02390655173860557,-0.02235769329047036,-0.009688429204557963,-0.01470178358431829,,,,,,13a not satisfied,,,,,13a not satisfied,,,,,13a not satisfied,,,,,13a not satisfied,,,,,13a not satisfied,57.53678923822844,66.49747525331743,-0.6480739228006833,0.5770375156532738,57.28793084919433,66.74633364235154,-0.6083546905173659,0.5373182833699564,52.265019495072444,71.76924499647342,-0.28346157733913924,0.21242517019172963,55.28768088137661,68.74658361016927,-0.41202502829105214,0.34098862114364253,,,,,47.80905542499757,76.22520906654829,-0.24234138854973836,0.17130498140232878,OK
2025-05-24 13:30:00,0.3215734489553416,-0.40142258596663566,0.16314303821187381,0.41011323676507827,-0.1021309003635012,0.8433774833825228,0.3420595322895989,2.178338582202368,0.34008470642584976,1.2509276319554719,1.722880617892438,-0.6432829249095824,0.9238208745011658,-0.41285631527097394,-0.12908684545786314,128.69043761198367,155.09395969871227,32.38289960156304,96.30042870368099,-0.17063099114557648,0.041551540791892896,OK,31.683552641278023,97.00688497070564,-0.17813678723571993,0.04904994177785679,OK,-0.02065576438889286,-0.019546937630155043,-0.009644176158298856,-0.013760389939188088,,,,,,13a not satisfied,,,,,13a not satisfied,,,,,13a not satisfied,,,,,13a not satisfied,,,,,13a not satisfied,65.74783570905404,62.942601902929624,-0.5300153097964913,0.40092846433862817,65.24347336182319,63.44696425016048,-0.5055824920589332,0.3764956466010701,55.59604829178689,73.09438932019677,-0.2873767496075238,0.15828990414966068,61.29245519910287,67.3979824128808,-0.3780768524728008,0.24899000701493768,,,,,47.06375895505711,81.62667865692653,-0.24700510480642546,0.11791825934856232,OK
2025-05-24 14:00:00,0.298644810791231,-0.2884061982190203,0.1296378213039631,0.3913295815271857,-0.11279967061789552,0.8091916859562222,0.2975402730833668,2.271810389886999,0.3461368575759778,1.3433028498479012,1.8669986892740766,-0.6409207701232836,0.9451382978272787,-0.4737359151847243,-0.08613101449813758,94.96952039388235,137.174571534305,20.207790618009177,74.75645369140685,-0.1184942284030932,0.03236799896131661,OK,18.195942285916242,76.7735781079661,-0.13339087011548356,0.047259855617346,OK,-0.01840051033507763,-0.017315390102849982,-0.009671953496444815,-0.012965233078811946,,,,,,13a not satisfied,,,,,13a not satisfied,,,,,13a not satisfied,,,,,13a not satisfied,,,,,13a not satisfied,41.525036431339984,53.444483962542364,-0.400899217083429,0.3147682025852914,41.167135674395745,53.802384719486604,-0.37978364446862023,0.29365262997048264,36.37102614765669,58.598494246225656,-0.23104847587084532,0.14491746137270775,39.13084754680613,55.83867284707622,-0.2951330649302368,0.2090020504320992,,,,,33.675360626557534,61.29415976732481,-0.20141193129190096,0.11528091679376339,OK
2025-05-24 14:30:00,0.1943691486586609,-0.5602037631023239,0.187635721727113,0.4584012356840018,-0.3118790636892574,0.6606806599146395,0.3205361828695438,2.3975720127700564,0.28911757212778105,0.8239525857830471,1.5573850030009742,-0.7595806360687708,0.9128632479870119,-0.4932456414412865,-0.10888632850957684,89.46237073709844,104.53787688778327,13.934156142518802,75.523244462872,-0.1386897421586689,0.029809462889564854,OK,13.219448907584102,76.24292182951433,-0.14915730704852612,0.04027097853894927,OK,-0.019314967649533308,-0.01837158581540474,-0.00961438545417498,-0.0133509985505507,,,,,,13a not satisfied,,,,,13a not satisfied,,,,,13a not satisfied,,,,,13a not satisfied,,,,,13a not satisfied,34.935485184672665,54.526885552425775,-0.4293457115674311,0.32045938305785426,34.607489167630554,54.854881569467885,-0.4108321093140412,0.3019457808044643,28.490766323104275,60.971604413994164,-0.23897452368349625,0.1300881951739194,32.08217266233012,57.380198074768316,-0.31230450115228026,0.20341817264270343,,,,,26.93506585481785,62.527304882280575,-0.2333900902876578,0.12450376177808094,OK
2025-05-24 15:00:00,0.2631030825628855,0.06390236400261623,0.09685910344757237,0.1987969374140875,-0.07382312240968902,0.5274485203773932,0.2845521463487698,2.0257672925762638,0.23666620145245182,1.3810665929471089,1.0426670495482528,-0.4146346971325734,0.8372346644008376,-0.2745217443201405,0.0168129089521439,62.51207707984157,61.36348956382366,22.151794993310272,40.35680919336019,0.03180567762785019,-0.014993702726203647,OK,25.609927950807336,36.90214912903423,-0.04166513771667515,0.05847804666881905,OK,-0.017621345488905715,-0.01627339830520928,-0.009759968773733578,-0.012573103640170745,,,,,,13a not satisfied,,,,,13a not satisfied,,,,,13a not satisfied,,,,,13a not satisfied,,,,,13a not satisfied,34.88871884994144,27.623358229900127,-0.19843487115078562,0.21524778010292953,34.99301157410243,27.519065505739135,-0.18256368282186636,0.19937659177401026,35.902886072018156,26.609191007823412,-0.10587234950292246,0.12268525845506635,35.394260623123714,27.117816456717854,-0.13899515564836581,0.15580806460050972,,,,,,,,,unrealistic fluxes
2025-05-24 15:30:00,0.184430884543947,-0.1993955522726791,0.09206779403661071,0.20637612203224723,-0.15620496243253676,0.40424151878571635,0.27784688685553083,2.6470526779886505,0.27251419716029407,0.7013838095930588,0.725585000781733,-0.7265653311916617,0.7474460603523513,-0.21231244767529112,-0.036774698079779025,41.65229492992255,44.72027940828171,9.816085569103745,31.833895344433806,-0.049712776875495704,0.012940121834498872,OK,13.559240189277888,28.09305474064466,-0.07586219823429666,0.039087500154517625,OK,-0.0185299883694856,-0.017388135964002453,-0.009687935508165522,-0.012987423286378122,,,,,,13a not satisfied,,,,,13a not satisfied,,,,,13a not satisfied,,,,,13a not satisfied,,,,,13a not satisfied,19.946303788640943,21.705991141281604,-0.16396729041830643,0.1271925923385274,19.772950842669044,21.879344087253504,-0.15509213607515568,0.11831743799537665,17.536974552291397,24.11532037763115,-0.09524160969312695,0.05846691161334792,18.819723653847355,22.832571276075193,-0.12088718625307264,0.08411248817329361,,,,,13.586242825584945,28.066052104337604,-0.06459835796722829,0.02782365988744927,OK
2025-05-24 16:00:00,0.22920872780810508,-0.16082214282345864,0.08509777915524282,0.18059638825813254,-0.08857668137066303,0.3751978186729004,0.22876188336947312,1.4418650263282822,0.2967717358891086,0.7914649449395329,0.8882098595273765,-0.6549227561713372,0.8336579377273542,-0.2681307421830529,-0.03686183875993833,47.84614202479572,48.665416957062845,11.580793888652517,36.26269001714181,-0.04990192663435354,0.013042135754346311,OK,14.58078918061231,33.26535284418341,-0.0645374599191852,0.02767562115924688,OK,-0.01889243879689441,-0.017699207640542523,-0.009694638650688092,-0.013098571666663695,,,,,,13a not satisfied,,,,,13a not satisfied,,,,,13a not satisfied,,,,,13a not satisfied,,,,,13a not satisfied,23.68046024404712,24.1656817807486,-0.186118493284965,0.14925665452502668,23.503011268108967,24.34313075668675,-0.1756437529080619,0.13878191414812358,21.183250162492307,26.66289186230341,-0.10537590786278177,0.06851406910284344,22.516207345737577,25.32993467905814,-0.13525722164922666,0.09839538288928833,,,,,17.313646531974012,30.532495492821706,-0.07978154010925306,0.04291970134931473,OK
2025-05-24 16:30:00,0.1716894559439815,0.11940499383611254,0.0688542291342429,0.10904074668220473,-0.09541287824699625,0.22016599663164726,0.22192260507723655,1.513092908208261,0.2287370155867066,0.6496683438892988,0.555270608030905,-0.3884666152359605,0.6140861756846187,-0.08761788147984198,0.020500578428716627,28.99825022719449,22.029939566749594,12.82274236225641,16.17389685103657,0.11034650712972875,-0.08984706762203597,Small ratioRP,17.935269272077253,11.062980955117236,-0.02644318386105737,0.046943762289773996,OK,-0.01951925863804605,-0.0180601545321774,-0.009754948564591711,-0.013226932373151699,,,,,,13a not satisfied,,,,,13a not satisfied,,,,,13a not satisfied,,,,,13a not satisfied,,,,,13a not satisfied,15.5768404984111,13.42140972878339,-0.10679819314443971,0.12729877157315633,15.679525506800408,13.318724720394082,-0.0980587960137988,0.11855937444251542,16.849050495441972,12.149199731752518,-0.048314235011902656,0.06881481344061928,16.181476949618766,12.816773277575724,-0.06910990354036363,0.08961048196908025,,,,,,,,,unrealistic fluxes
2025-05-24 17:00:00,0.15807014045384563,0.12520443917520394,0.07734436806889622,0.07935735953146253,-0.08195829363022462,0.16240873568091793,0.23211065147701335,0.8956824113301977,0.21022145675151763,0.5417392110669184,0.47693879561645974,0.05546659991220292,0.5153640773615481,0.25011321350280197,0.019791083285869458,29.98997355908457,14.767249144179063,18.898351272038735,11.089956177403671,-0.023313525009013736,0.0431035087902562,OK,23.641450785658897,6.348522773425675,-0.01951364301032649,0.03930472629619595,OK,-0.020698253682537155,-0.019092395745934684,-0.009767689571810319,-0.01359527411458801,,,,,,13b not satisfied,,,,,13b not satisfied,,,,,13b not satisfied,,,,,13b not satisfied,,,,,13b not satisfied,15.50897091622836,14.481002642856211,-0.1221897538847651,0.14198083717063456,15.60359114785107,14.386382411233502,-0.11197330059014435,0.1317643838760138,16.76786165685187,13.222111902232701,-0.05264960641856804,0.0724406897044375,16.0967172233996,13.89325633568497,-0.077000663770026,0.09679174705589545,,,,,14.953007628687077,15.036965930397496,-0.15902516929830254,0.17881625258417203,OK
2025-05-24 17:30:00,0.1485904247886419,0.1545844251846929,0.06401850047694387,0.046946722963004645,-0.05489361328779053,0.1276514478606546,0.18635910702525965,1.1029344178794418,0.20355096664944916,0.5615903649245585,0.4518278571249313,0.44834662513207296,0.15309398936753307,-0.13001458472756094,0.02296976540390155,23.334251250032963,8.216781588086292,15.697904335748412,7.63505056699288,-0.020791123478314362,0.043759612784137925,OK,22.170441080058414,1.1638101699745498,-0.03401480363384428,0.056984569037745826,OK,-0.02097571115630121,-0.019283369599153003,-0.009786903125998477,-0.013661253879405684,-0.028909089964817728,3.8755004850582733,19.458750764974692,-0.16639263575563135,0.1893624011595329,Small ratioRP,3.6388269298253824,19.695424320207582,-0.15482843317517794,0.1777981985790795,Small ratioRP,2.19612972721147,21.138121522821496,-0.0843362199793874,0.10730598538328893,OK,2.809502636986537,20.52474861304643,-0.11430648251683964,0.13727624792074117,OK,4.913194034501407,18.421057215531558,-0.2170958011784958,0.24006556658239733,Small ratioRP,12.857961240470988,10.476290009561975,-0.08958321778647206,0.11255298319037361,12.974454257240136,10.359796992792827,-0.08143978572532322,0.10440955112922477,14.375477424401975,8.958773825630988,-0.03574343724385702,0.05871320264775857,13.568661286633956,9.765589963399007,-0.054386548622979966,0.07735631402688152,12.493695296902514,10.84055595313045,-0.12775809511524194,0.1507278605191435,13.440532944493786,9.893718305539176,-0.05831940964622536,0.08128917505012691,OK
2025-05-24 18:00:00,0.12809356616907258,0.3402467305195397,0.0613294832407235,0.013384154430963502,-0.021071395144142153,0.09086209392725754,0.1454302970302232,1.0802686775461823,0.22097010150305071,0.6371395829005048,0.46911655459300566,0.7775249728475988,-0.2904840232939709,-0.3151162405613253,0.043583417089615266,19.27055267470491,2.0210309126518133,17.674595054960704,1.5948870334844976,-0.0037862657431009176,0.04736726153176678,OK,,,,,E>ET,-0.0223258342831574,-0.0202160792326283,-0.009862101609786306,-0.013983430148930769,-0.029638670891328534,4.333887643816497,14.936665030888411,-0.1359451725326728,0.1795285896222881,OK,4.075226511868627,15.195326162836281,-0.12523029664636268,0.16881371373597798,OK,2.663873996534974,16.606678678169935,-0.06676589992873365,0.11034931701834895,OK,3.255942372179111,16.014610302525796,-0.09129196271003516,0.13487537979965045,OK,5.166094680902012,14.104457993802896,-0.1704188294247417,0.214002246514357,OK,11.301334534194144,7.969218140510765,-0.07253136713060537,0.11611478422022065,11.536078871488835,7.7344738032160745,-0.06374265602466533,0.1073260731142806,14.144084566965336,5.126468107739573,-0.020610578629374855,0.06419399571899012,12.643288221064582,6.627264453640327,-0.03777900104605437,0.08136241813566963,10.746341967878086,8.524210706826823,-0.1029948127794452,0.14657822986906047,13.100317593708954,6.170235080995953,-0.03456946449543956,0.07815288158505482,OK
2025-05-24 18:30:00,0.1606037648045978,0.36077127895315836,0.06536420124722309,-0.007758438572050372,0.007775453224276567,0.12385122934574046,0.216245286957483,2.526502414069502,0.2461741184375811,0.9018261074793416,0.5994342038062845,0.5144694424266945,-0.35160641112237434,-0.7987581287368962,0.05794122563324699,25.750948379597318,-1.4701304110838465,17.51017506996742,8.239342701386585,-0.047602499920662164,0.10554050659692955,OK,,,,,E>ET,-0.02333978400689665,-0.020962450009515896,-0.009903787409417244,-0.014234246293346709,-0.03267611139805136,3.181144278597495,22.569804100999818,-0.2147469844253179,0.27268821005856486,OK,2.949102452534742,22.801845927062573,-0.1948563209827692,0.2527975466160162,OK,1.8038429109396934,23.94710546865762,-0.09668448497043552,0.15462571060368255,OK,2.2657550369259756,23.48519334267134,-0.1362796682782105,0.1942208939114575,OK,4.048487754303896,21.70246062529342,-0.2890958096224675,0.3470370352557145,OK,15.5832263028802,10.167722076717117,-0.09674375748582634,0.15468498311907333,15.921223784607575,9.829724594989743,-0.08400126801051006,0.14194249364375705,19.626506876429627,6.1244415031676915,-0.024726932999912167,0.08266815863315916,17.489724613468947,8.26122376612837,-0.0479381548192093,0.10587938045245629,14.731674627265889,11.01927375233143,-0.14678639080994904,0.20472761644319604,15.158648456853147,10.592299922744168,-0.06189452666174494,0.11983575229499192,OK
2025-05-24 19:00:00,0.21399284844733799,0.28363785972008954,0.0284273109687973,0.0021215377763773224,-0.0011983591120912846,0.13295980011438382,0.14710537941089674,2.043637532172931,0.2983498156033173,1.2329915685166286,1.0138797942244586,0.569077929602881,-0.7418290456626038,-0.3652861127389714,0.06069647352900843,14.922190781126147,0.5359759173822222,11.993795155672014,2.9275706136783546,-0.01734777541493118,0.07804001096354136,OK,,,,,E>ET,-0.02060082682813352,-0.01859246672433362,-0.009887252472264567,-0.013407367921462349,,,,,,13b not satisfied,,,,,13b not satisfied,,,,,13b not satisfied,,,,,13b not satisfied,,,,,13b not satisfied,10.557154267872024,4.365036513254124,-0.036658524789249074,0.0973549983182575,10.929257944309953,3.9929328368161947,-0.03026435829637348,0.09096083182538191,14.289811857841597,0.6323789232845503,-0.002548915643152537,0.06324538917216097,12.405374108069957,2.5168166730561907,-0.013756170862835364,0.07445264439184379,,,,,9.365821998276676,5.5563687828494706,-0.09661994430290888,0.15731641783191733,OK
2025-05-24 19:30:00,0.1763621598008423,0.6740200896738986,0.06085621025874736,-0.02213154108624015,0.01842944120220183,0.1802160305715861,0.16047837401612536,3.0423678220757457,0.27394887659486256,0.9358190302931485,0.7561813886228718,0.4248494150311787,-0.6767191302259897,-0.17716946889556853,0.11887163876404616,26.327393260426387,-4.6153909898203755,15.004680913101321,11.321246398408944,-0.14087291301798252,0.25973827334031563,OK,24.213863559967375,2.1135297004590115,-0.0997794228320639,0.21865106159611006,OK,-0.025488948433622614,-0.022512592212480854,-0.00999379983924461,-0.014738699027268935,,,,,,13b not satisfied,,,,,13b not satisfied,,,,,13b not satisfied,,,,,13b not satisfied,,,,,13b not satisfied,15.794591294631127,10.53280196579526,-0.10944559566559894,0.2283172344296451,16.427112826986193,9.900280433440194,-0.09086056917539434,0.2097322079394405,23.21249189701005,3.1149013634163367,-0.012690460964114553,0.13156209972816071,19.284188502992713,7.043204757433674,-0.04231866086720082,0.16119029963124698,,,,,15.550628585647045,10.776764674779344,-0.12209355596376412,0.24096519472781028,OK
2025-05-24 20:00:00,0.15990194830061927,0.5948249688140301,0.07521989629666259,-0.03313869157212055,0.03365134880702433,0.34332707435970505,0.3346174984560514,2.380815171684326,0.22658708257922527,0.7604862495286949,0.7176449539029267,0.0694614196736941,-0.945773852052159,0.06906063642907936,0.09511367141121851,29.504212947483285,-6.283296391873897,17.5411413014209,11.961432523120857,-0.17432567529910462,0.2694340626174669,OK,,,,,E>ET,-0.03146368709086779,-0.027974526810635055,-0.009960763194861987,-0.016406000165773756,,,,,,13b not satisfied,,,,,13b not satisfied,,,,,13b not satisfied,,,,,13b not satisfied,,,,,13b not satisfied,17.9749765802285,11.529236367254786,-0.14788107845738188,0.2429947498686004,18.425275585992644,11.078937361490642,-0.1263465268048782,0.22146019821609672,25.768748993422385,3.7354639540609007,-0.015168394565570037,0.11028206597678855,21.28856351285315,8.215649434630137,-0.054947389313689754,0.15006106072490827,,,,,,,,,unrealistic fluxes
2025-05-24 20:30:00,0.10057235456829806,1.416229055764014,0.10996867787539046,-0.04281874303583523,0.11016418197190697,0.3480632912152884,0.3546408557836766,10.773862782612662,0.1807099951771873,0.4781719441481483,0.5135183952092169,0.8972983389450434,-0.8531811820327618,-0.9205463691407794,0.14243349074622438,27.129711140180344,-5.119000603028477,22.832632630508044,4.295571303497843,-0.03436679562172119,0.17679237339623746,OK,,,,,E>ET,-0.051396195337880875,-0.043118393648909306,-0.010257836054095386,-0.02032546352048868,-0.045975251604157455,19.12831282527938,8.001398314900968,-0.16764836150380805,0.3100818522500324,OK,18.329186965530802,8.800524174649542,-0.15469403411303784,0.2971275248592622,OK,12.547984983031178,14.581726157149166,-0.06097715299867528,0.20341064374489964,OK,14.991038639783675,12.138672500396671,-0.10058057280634802,0.24301406355257238,OK,18.622420864851183,8.507290275329161,-0.1594475380668,0.30188102881302437,OK,17.24134876996673,9.888362370213613,-0.20718475497401126,0.34961824572023564,17.90455456001593,9.225156580164413,-0.16215814630915412,0.3045916370553785,31.0957282008068,-3.9660170606264558,0.01658489718534506,0.12584859356087932,22.522235937925537,4.6074752022548076,-0.038177362064813036,0.18061085281103742,17.648679006444084,9.48103213373626,-0.17769785479642328,0.32013134554264766,19.675983847660557,7.453727292519787,-0.06566454995333394,0.20809804069955834,OK
2025-05-24 21:00:00,0.13998236824929014,0.853042328948572,0.07858211243371797,-0.03619103666892922,0.04811616083813152,0.12215565828815605,0.208168547599288,2.8322508625343277,0.1820504609673853,0.39877112145359406,0.5531001210338151,0.4402635011997347,-0.7841834939136126,-0.43920111922368793,0.1194108854231111,26.983270321835896,-6.02814342852734,22.570356446160687,4.411414805101778,-0.03829404005207516,0.1576982915371072,OK,,,,,E>ET,-0.046651824173279004,-0.04032439595305337,-0.01010514468212687,-0.019657483661194224,,,,,,13b not satisfied,,,,,13b not satisfied,,,,,13b not satisfied,,,,,13b not satisfied,,,,,13b not satisfied,18.428856029294423,8.554414292541473,-0.16269018812924171,0.2821010735523528,18.974716961936785,8.00855335989911,-0.1316510708095099,0.251061956232621,31.01022922547008,-4.026958903634185,0.016589075560620642,0.10282180986249045,23.205990372895634,3.7772799489402615,-0.030269799788034985,0.14968068521114608,,,,,15.82275051000782,11.160519811828076,-0.4130165107067717,0.5324273961298827,OK
2025-05-24 21:30:00,0.1578271791236572,0.5146842538420261,0.044623572263213195,0.0036616893876469606,-0.0038315670502961307,0.09161769472226125,0.11841514997104684,3.161679232441139,0.22328559823201063,0.7481013643471163,0.5817000429664412,0.4259505281138827,-0.5446103898329197,-0.2181197580211523,0.0812311639232513,17.276019142771016,0.6879929166211564,10.81655771192065,6.458501652009106,-0.17521656906433503,0.2564432201451462,OK,16.197008860163315,1.079010282607701,-0.07443834569004842,0.15566950961329973,OK,-0.04209605378002412,-0.03725277319518642,-0.009992519637094901,-0.018898668305948982,,,,,,13b not satisfied,,,,,13b not satisfied,,,,,13b not satisfied,,,,,13b not satisfied,,,,,13b not satisfied,11.745317848095482,5.530701294675534,-0.09491263723681631,0.17614380116006761,12.073726690269257,5.202292452501759,-0.07900522659114487,0.16023639051439617,19.860750063056386,-2.58473092028537,0.010529137577479752,0.07070202634577155,14.845888678081604,2.4301304646894124,-0.018722474354809213,0.09995363827806052,,,,,9.777791484578866,7.4982276581921505,-0.1461396238042822,0.22737078772753347,OK
2025-05-24 22:00:00,0.1960779994173101,0.4232158535569206,0.048368752430862916,-0.0026291412976692614,0.0017841202040981383,0.09553933663659453,0.10333688137771721,1.7054881231839698,0.24920365578014086,0.6397148662375096,0.6693057034634028,0.39459672323045897,-0.41859546041884144,0.15680110130859565,0.08298331788713027,23.264370261472017,-0.6142224688759871,17.588037954376667,5.675039842080824,-0.034062816411346425,0.11704152411414964,OK,18.242675966117567,5.02169429535445,-0.010724173104685472,0.09370749099181575,OK,-0.04716484177676322,-0.042317915246510074,-0.009919803129241303,-0.02013014523140051,,,,,,13b not satisfied,,,,,13b not satisfied,,,,,13b not satisfied,,,,,13b not satisfied,,,,,13b not satisfied,13.079319078373771,10.185051183098246,-0.19583217592297747,0.27881549381010773,13.313741404970841,9.950628856501176,-0.17166321589844846,0.2546465337855787,20.763935167753683,2.500435093718334,-0.010111628156189087,0.09309494604331936,15.828044699681875,7.436325561790142,-0.061024995330946394,0.14400831321807667,,,,,13.06078903801829,10.203581223453726,-0.14392894274008292,0.22691226062721323,OK
2025-05-24 22:30:00,0.2547188267574697,0.31854643143754136,0.0407322263394944,0.003981229160191458,-0.0016019956447411569,0.07463465915282774,0.15746614488844954,1.8990648823334448,0.2837288922924827,0.8000070216340048,0.7299794583682543,0.8092119871699717,-0.5516256430037985,-0.6517132941809166,0.0811397732835493,25.450524810531757,1.2088377014372578,24.24222125221958,1.2068896402671527,-0.005456641143949648,0.08659190666231655,OK,,,,,E>ET,-0.04923624584674687,-0.04437886841583654,-0.00989706204866121,-0.020608914070328704,-0.04548072721696977,17.105665202988508,8.34485960754325,-0.16749676281842135,0.24863653610197065,OK,16.59920404140804,8.851320769123717,-0.16013518129608773,0.241274954579637,OK,9.898994053877873,15.551530756653884,-0.0627453994497622,0.14388517273331144,OK,12.859776141979246,12.590748668552513,-0.10578135238128997,0.18692112566483923,OK,16.71940861015088,8.731116200380878,-0.16188239470411278,0.24302216798766205,OK,16.476197019478825,8.974327791052932,-0.1801313532122196,0.2612711264957689,16.7233752333651,8.727149577166657,-0.15788871697121984,0.23902849025476913,25.452626333956893,-0.0021015234251358095,8.478967686631478e-06,0.08113129431586266,19.613166736555392,5.837358073976365,-0.04904264612487494,0.13018241940842423,16.662674796694763,8.787850013836994,-0.16293428834201557,0.24407406162556486,18.890096599143146,6.560428211388611,-0.04610620861600767,0.12724598189955696,OK
2025-05-24 23:00:00,0.21035709267041441,0.31417817298379347,0.0359549449526921,0.016570234503769384,-0.009789497269018852,0.14845988335762583,0.1496269222692498,2.857811011595477,0.22459737903025473,0.6638894678054158,0.688576141887355,0.5668000424316672,-0.3924366639083907,0.06315842025113919,0.06608960704937333,18.552965467126217,4.159411993628212,13.67331894173851,4.878615805083986,-0.01919142723685768,0.085277362641395,OK,,,,,E>ET,-0.06076194211934421,-0.05492385431200153,-0.009879494925149963,-0.022908920271111063,-0.07210595572705293,6.779486298426654,11.773479168699565,-0.29163451275655483,0.35772411980592816,OK,6.406654137572007,12.146311329554212,-0.2719617749256619,0.33805138197503526,OK,2.4793813571833945,16.073584109942825,-0.06473660523569148,0.1308262122850648,OK,3.854104338271162,14.698861128855057,-0.1372747809527413,0.20336438800211465,OK,7.442175672190738,11.11078979493548,-0.32660175990469303,0.39269136695406637,OK,8.20791289712046,10.345052570005757,-0.256251726653185,0.32234133370255835,8.317604813125914,10.235360654000303,-0.2291746666902183,0.29526427373959163,13.522851528493955,5.030113938632262,-0.02025886063173403,0.08634846768110736,9.91305642480928,8.639909042316937,-0.08068935483085621,0.14677896188022954,8.045559788919283,10.507405678206934,-0.30886527869505664,0.37495488574443,10.788392468702835,7.764572998423382,-0.06030041732789739,0.12639002437727073,OK
2025-05-24 23:30:00,0.12487788006931795,0.8339922515136827,0.08058191077716387,0.005061975190377705,-0.00849833712675985,0.10963862020751833,0.16835217861359733,3.2518936126431517,0.18316503091326625,0.5259505029301202,0.5692201305854034,0.6148398270973376,-0.22606871152887845,-0.6121654392208571,0.10414718436326613,24.684289259547874,0.7553904181073886,18.680904452624688,6.002013457519878,-0.03841826394138337,0.1425596623499626,OK,22.478042307798447,2.206246951749428,-0.05686621608516658,0.1610134004484327,OK,-0.12889450534434482,-0.11307959766177808,-0.009984641306651682,-0.03277034875553856,-0.13503563234168267,11.739666998853869,12.944622260694006,-0.6801837273385927,0.7843309117018589,Small ratioRP,11.000520267207456,13.683768992340418,-0.630801097493096,0.7349482818563622,Small ratioRP,2.886845270745958,21.79744398880192,-0.08872387265797721,0.19287105702124335,OK,5.41242302814096,19.271866231406914,-0.257458531420013,0.36160571578327916,OK,12.005605078541555,12.678684181006323,-0.697951135606476,0.8020983199697422,Small ratioRP,12.164047590090354,12.520241669457521,-0.6578843688448355,0.7620315532081016,12.29049446090454,12.393794798643334,-0.5713352341350291,0.6754824184982952,22.93145372923624,1.7528355303116356,-0.007134706090385717,0.11128189045365185,14.816069811269587,9.868219448278287,-0.13183244717336634,0.23597963153663246,12.122930215553959,12.561359043993916,-0.6914924833170129,0.7956396676802789,16.086156159462828,8.598133100085047,-0.10492396302892422,0.20907114739219035,OK
2025-05-25 00:00:00,0.13683773149437228,0.5368752679253439,0.059969351894898035,0.01116226441153934,-0.015617894897858762,0.0981981149204915,0.13763539690402,2.448131705905842,0.1629482075151387,0.42257685676897916,0.4162290092958253,0.7994564947092225,-0.055690139717238234,-0.27235268221440595,0.0734647937583374,20.129489887807136,1.8261610747174457,17.349252444356438,2.7791191384569243,-0.01534518961436685,0.08880590199527322,OK,18.300384721691305,1.8291051661158306,-0.04686016891990864,0.12032496267824604,OK,-0.10820162283709733,-0.09625523602099863,-0.009933389332563072,-0.03025726653631736,-0.07774635599323486,16.365799347228844,3.763690540578292,-0.16601607189042128,0.23948086564875865,OK,16.02556096783559,4.103928919971544,-0.16103736111099184,0.23450215486932927,OK,8.295406689283944,11.834083198523192,-0.047921955077404876,0.12138674883574227,OK,11.931189882439647,8.19830000536749,-0.10112439804610532,0.1745891918044427,OK,15.357148639182968,4.772341248624166,-0.15125647844954468,0.2247212722078821,OK,11.310115106439824,8.819374781367312,-0.38902187678455513,0.4624866705428925,11.417382004591783,8.712107883215353,-0.3418613944310217,0.41532618818935907,19.860175928511644,0.2693139592954914,-0.0010905831269368838,0.07455537688527428,13.536542293382816,6.59294759442432,-0.08132269572950221,0.1547874894878396,11.648675288205071,8.480814599602065,-0.2687943053295091,0.3422590990878465,14.112183737747285,6.01730615005985,-0.05995657671584404,0.13342137047418146,OK
2025-05-25 00:30:00,0.14965464318180327,0.5448139101584966,0.059121302549458854,0.013447603364089311,-0.015726460560778827,0.09718249092538342,0.15657230176457104,8.369957294048412,0.19809858636583144,0.5691703887494731,0.5160413785265444,0.24377084605557245,-0.22445522761432993,-0.2479455266461855,0.08153393132525283,21.703598054145065,2.4044934041249473,12.362365304427042,9.340030163847914,-0.14926483464773277,0.23079421444753645,OK,15.78132098459422,5.922277069550844,-0.19839381722344135,0.2799277485486942,OK,-0.1053362283589296,-0.09171237515664057,-0.010042905497493525,-0.02954236879953296,-0.14050323528961506,3.021952070944172,18.68164598320089,-0.8022234518577781,0.883757383183031,Small ratioRP,2.707378297547514,18.99621975659755,-0.71022765302693,0.7917615843521829,Small ratioRP,0.574598120266023,21.128999933879044,-0.08650491218609627,0.16803884351134915,OK,1.1262081077485226,20.577389946396544,-0.24782097135273073,0.3293549026779836,OK,3.787773609433887,17.915824444711177,-1.026184793054498,1.1077187243797508,Small ratioRP,10.885709921252388,10.817888132892676,-0.46453955757347626,0.5460734888987291,11.015796503158377,10.687801550986688,-0.39959383018500444,0.48112776151025727,19.194993540525633,2.5086045136194315,-0.010270557709280759,0.09180448903453359,13.132431182771027,8.571166871374038,-0.10322567173113373,0.18475960305638656,10.666525556832918,11.037072497312147,-0.6321827941289799,0.7137167254542328,,,,,unrealistic fluxes
2025-05-25 01:00:00,0.1522108079277595,0.24135848944035115,0.05971117851721295,0.011379935936400274,-0.012876551671195887,0.10413254041950952,0.20140067950470922,4.051152461811267,0.20216687686554066,0.6051229885857713,0.5265222032516627,0.19484768926149054,-0.20268020067823928,-0.3631092740077654,0.03673737067793946,22.29454853501124,2.0709490103234196,12.963487960906239,9.329821988075288,-0.2357290769863203,0.27246440669922223,Small ratioRP,20.911058543674894,1.3834899913363472,-0.1023523987090842,0.13908976938702367,OK,-0.14313940561358768,-0.12693791874055432,-0.009930549203792154,-0.03471214650349671,,,,,,13b not satisfied,,,,,13b not satisfied,,,,,13b not satisfied,,,,,13b not satisfied,,,,,13b not satisfied,12.514151244882298,9.780397290128944,-0.5707135160105178,0.6074508866884573,12.558016291728432,9.73653224328281,-0.5038463671881859,0.5405837378661253,17.124299904868955,5.170248630142286,-0.02093086360271785,0.05766823428065731,13.587676107651218,8.706872427360024,-0.12321004129057365,0.15994741196851311,,,,,12.420162426224286,9.874386108786952,-0.32970943500740685,0.3664468056853461,OK
2025-05-25 01:30:00,0.17132375675880698,0.2472768354276611,0.04697430163771387,0.011130550251469647,-0.00995073620173746,0.11663573168162618,0.146914596342844,5.921363034801038,0.22086956496994226,0.6030750592241962,0.5575331447618443,0.2710009131548727,0.035717548759985986,-0.807205185440252,0.04236439640489616,19.741287319334656,2.2816391206481397,7.863431098482137,11.876759482668117,-0.466966430424636,0.5093284732519541,Small ratioRP,13.692578926344174,6.048708392990482,-0.2602671805399528,0.30263157694484893,OK,-0.11961140528172831,-0.10349201845294358,-0.010076826674862168,-0.031360608536728236,-0.1390701025472171,6.2168800114453475,13.52440730788931,-0.659467331308244,0.7018317277131401,Small ratioRP,5.643807193622243,14.097480125712414,-0.5947723902610025,0.6371367866658986,Small ratioRP,1.0552272784912364,18.686060040843422,-0.07676159326035348,0.11912598966524961,OK,2.345308264418248,17.39597905491641,-0.2224005255826978,0.26476492198759394,Small ratioRP,6.849505254912819,12.891782064421838,-0.7308852236916124,0.7732496200965084,Small ratioRP,7.785044183659925,11.956243135674733,-0.5830016483277913,0.6253660447326875,7.836159214684025,11.905128104650633,-0.5022771045622342,0.5446415009671304,11.352301371445224,8.388985947889433,-0.034461621432831685,0.07682601783772784,8.708553162241842,11.032734157092815,-0.14104902445592254,0.1834134208608187,7.739125761652025,12.002161557682632,-0.6804491800306522,0.7228135764355484,10.630500472433575,9.110786846901082,-0.19634163162089655,0.23870602802579266,OK
2025-05-25 02:00:00,0.15954117094065426,0.3747067596801067,0.05503383078578935,0.014303422364099991,-0.014750915920215636,0.08222135955695,0.3500099987691231,5.729621911446021,0.20253640849931953,0.4860790369334893,0.554497537232462,-0.06778477896539792,0.04716829888759317,-0.1041176553356773,0.05978115519874255,21.537736907455656,2.730654159500861,12.591044292636804,8.945460571599366,0.8031976960467426,-0.7434218591136544,Small ratioRP,,,,,E>ET,-0.16415599282707594,-0.1431159294480572,-0.010013448416126444,-0.03683298217070036,,,,,,13a not satisfied,,,,,13a not satisfied,,,,,13a not satisfied,,,,,13a not satisfied,,,,,13a not satisfied,13.532345780717225,8.00539112673843,-0.5357247975453776,0.5955059527441201,13.611575406426322,7.926161501029334,-0.4624378190685781,0.5222189742673207,21.828320015694366,-0.29058310823871025,0.0011861960721345141,0.05859495912660804,15.395284428366564,6.142452479089092,-0.09223189671694368,0.15201305191568623,,,,,10.429686012008016,11.108050895447642,-0.20637420845369592,0.26615536365243847,OK
2025-05-25 02:30:00,0.13191350734768695,0.43147640565605677,0.05439515302679228,0.014691610697771874,-0.022157615972455056,0.08904026094013733,0.13263939031438335,1.7107717779823852,0.16837262841931197,0.45619105720034475,0.4291222450634148,0.7309599232004488,0.2669709310140018,-0.2932192001079762,0.0569175660078638,17.601392141527317,2.318060222139869,15.397873131410018,2.2025411549983342,-0.011097411651292553,0.06801181557215591,OK,17.66179077324612,-0.06039863171880455,-0.025413404513202224,0.08233097052106603,OK,-0.21084159631132093,-0.18423205313702032,-0.009982472036827747,-0.041756983830931224,-0.14326696000376488,14.153477013491665,3.4479151280356515,-0.29635708501467295,0.35327465102253675,Small ratioRP,13.779698822066994,3.8216933194603246,-0.28702747929238276,0.3439450453002466,Small ratioRP,4.428087312160989,13.173304829366328,-0.053608702442624265,0.11052626845048806,OK,8.492535776724578,9.10885636480274,-0.15505844596141174,0.21197601196927554,OK,13.014123145272654,4.587268996254665,-0.2679185013505644,0.3248360673584282,OK,9.73201982063322,7.869372320894097,-0.6763925895252492,0.733310155533113,9.78298536203534,7.818406779491976,-0.5871998097212415,0.6441173757291053,16.832012123306523,0.7693800182207937,-0.0031309883887415887,0.06004855439660539,11.160845939241023,6.440546202286294,-0.10963627543058876,0.16655384143845256,9.89845383431073,7.702938307216586,-0.44988852603810303,0.5068060920459668,12.106776228944083,5.494615912583234,-0.047158659948737906,0.1040762259566017,OK
2025-05-25 03:00:00,0.08635324550922006,0.9786269971884493,0.06536750065609044,0.03233794507465785,-0.11376200160994245,0.09234957317884472,0.13079065043475455,4.208432369117886,0.15799766251856426,0.5360694095940526,0.35028798955166524,0.15113190382769784,-0.1337149107680032,-0.2663001333990389,0.08450761735016497,13.84643887707217,3.3381317940425403,6.450976850326678,7.394692780141206,-0.9209700121720509,1.0054729346545845,Small ratioRP,9.34290249366435,4.50353638340782,-0.06183518587783286,0.14634280322799784,OK,-0.2546891030820783,-0.21879275466716483,-0.01005084117474894,-0.045467973600296675,,,,,,13b not satisfied,,,,,13b not satisfied,,,,,13b not satisfied,,,,,13b not satisfied,,,,,13b not satisfied,6.511469466424922,7.334969410647249,-0.7615722708243896,0.8460798881745546,6.570780393217826,7.275658483854344,-0.6489447051365753,0.7334523224867403,15.310591623781043,-1.4641527467088729,0.00599917110181139,0.07850844624835358,8.174948448140578,5.671490428931593,-0.10512481740603215,0.18963243475619712,,,,,7.2794647480756245,6.566974128996544,-0.22234438048733968,0.30685199783750466,OK
2025-05-25 03:30:00,0.1604419506197235,0.5557118329743753,0.053611530651293586,0.015243950767478571,-0.01552069166628013,0.13558720651812903,0.11048121317437448,1.850999302482742,0.2230876648502555,0.7131600429528249,0.5886635898251719,0.7873138075578082,-0.13650113578521367,-0.4530070873861624,0.08915949046487076,21.099574071496672,2.920730799365805,18.477025585729123,2.6213762872080246,-0.009201857803969121,0.09835639496381407,OK,20.607084302148127,0.4924897693485448,-0.04189305590639156,0.13105254637126232,OK,-0.18073376486304854,-0.15954720537563086,-0.009934710336381639,-0.038898676299021905,-0.12229032928865691,17.402763463349196,3.696810608147476,-0.2723760697905217,0.36153556025539246,OK,17.030697067649033,4.068877003847642,-0.26464653688587864,0.3538060273507494,OK,7.033872320303962,14.065701751192712,-0.056966438066056085,0.14612592853092685,OK,11.567636089331593,9.531937982165081,-0.15115359562600564,0.24031308609087643,OK,16.15569988134752,4.943874190149152,-0.24646881478802748,0.3356283052528982,OK,8.865585045707356,12.233989025789317,-0.9013839771398786,0.9905434676047493,8.929442410528758,12.170131660967915,-0.7915656321079962,0.8807251225728671,17.133005227089242,3.96656884440743,-0.016064701385447966,0.10522419185031873,10.61901579693693,10.480558274559742,-0.16619643039345083,0.2553559208583216,9.095402696437464,12.004171375059208,-0.5984484591493924,0.6876079496142632,14.58294662019117,6.516627451305504,-0.046351544817131884,0.13551103528200265,OK
2025-05-25 04:00:00,0.17523885031236822,0.46004325100522214,0.04596819140867474,-0.0023092270457374777,0.0019686135994944785,0.08672756644459385,0.09804143847697666,1.404172557298562,0.2150447217710687,0.5377926941231475,0.5872333315153462,0.8267036198348956,-0.14317394992416552,-0.0749116917569062,0.08061745040011936,19.759928121858042,-0.48266505965039924,17.664758655430983,2.094071692642523,-0.008449169682740726,0.08906223953293063,OK,17.456352652567013,2.3035754692910295,-0.013034510597053059,0.09365196099717242,OK,-0.12623506510250052,-0.11202894074590566,-0.009929472271535662,-0.03265111281831402,-0.09434243056649216,15.515573050106505,4.244355071751535,-0.21842088821878675,0.29903833861890616,OK,15.137083961208242,4.622844160649798,-0.21112610458662595,0.2917435549867453,OK,6.8865503180778465,12.873377803780192,-0.05211000731497682,0.13272745771509623,OK,10.546108739863968,9.213819381994071,-0.12264225688098535,0.20325970728110473,OK,14.55975103734533,5.200177084512711,-0.19999891786755186,0.2806163682676713,OK,9.480215967154606,10.279712154703436,-0.5290094305274984,0.6096268809276177,9.568522106672734,10.191406015185308,-0.4654433023206934,0.5460607527208128,17.63701850056939,2.1229096212886525,-0.00859330298392251,0.08921075338404187,11.476162539055027,8.283765582803015,-0.11026260277397795,0.1908800531740973,9.715628105418391,10.044300016439651,-0.3863039856869032,0.4669214360870226,14.274944374260237,5.484983747597802,-0.03750736330435954,0.1181248137044789,OK
2025-05-25 04:30:00,0.13654807910801672,0.5605194366457491,0.06715999428363073,0.02046544295757049,-0.028711256497181144,0.09026312681419292,0.12071607259672426,1.2905859098871473,0.21201799867295051,0.49331564987393894,0.6032778957203446,0.8740768226674893,0.06852411084081668,-0.13505782630607527,0.07653785237668471,22.495403824858148,3.3302396911135013,20.932247082850132,1.5619069973510724,-0.004596333404846691,0.08112993367862158,OK,21.012528502564813,1.482875322293335,-0.00822704816506982,0.08476490054175453,OK,-0.15996954526392335,-0.14096652716107835,-0.009935184272357876,-0.03658570401751238,-0.10008426840714112,19.28647880572351,3.2089250191346355,-0.20926631720219974,0.28580416957888444,OK,18.94257962514517,3.552824199712976,-0.20417011375759375,0.28070796613427845,OK,8.884848019894244,13.610555804963905,-0.055125715438861245,0.13166356781554595,OK,13.858060375229412,8.637343449628737,-0.1288231923953187,0.20536104477200343,OK,17.877988592839746,4.617415232018403,-0.18839405847066962,0.26493191084735435,OK,10.215076099146092,12.280327725712056,-0.8008473061451721,0.8773851585218568,10.283357732958343,12.212046091899804,-0.7017895340832181,0.7783273864599028,17.864207632924966,4.631196191933181,-0.018757353268772203,0.09529520564545692,11.923297635627216,10.572106189230931,-0.15767955478227214,0.23421740715895686,10.518152112195462,11.977251712662685,-0.4886809927395121,0.5652188451161968,16.590067468816017,5.905336356042133,-0.037293310483312324,0.11383116285999703,OK
2025-05-25 05:00:00,0.15289436122016303,0.4959565613232157,0.08033076120624898,0.0250564762118672,-0.028019063571970766,0.1140734354846043,0.13390094298613725,1.4692583290983905,0.21782096236532292,0.5268052573428744,0.5631766380959741,0.8126853394167364,-0.06759367824730929,-0.44997676701727457,0.07582896163646168,30.12804139261216,4.562197185011656,25.389511397504414,4.736862262513935,-0.015386558495189741,0.09121132995112909,OK,24.673415142059778,5.4546262505523835,-0.022231809159638793,0.09806077079610047,OK,-0.20206851534816264,-0.17803788571348214,-0.009901095535246335,-0.041057174969951676,-0.0983618889721781,27.77463392894167,2.353407463670491,-0.19386447296909154,0.26969343460555323,OK,27.494465513740657,2.633575878871508,-0.19114402011427212,0.2669729817507338,OK,14.3627163397614,15.765325052850763,-0.06363391336831958,0.13946287500478127,OK,21.93386797277449,8.19417341983767,-0.1371502698053009,0.2129792314417626,OK,25.77706800128904,4.3509733913231186,-0.1744679827306265,0.25029694436708816,OK,14.743110978220008,15.384930414392153,-1.2673502028418324,1.343179164478294,14.802108579947898,15.325932812664263,-1.1123508661042087,1.1881798277406703,23.22667113782761,6.901370254784553,-0.027856146032095047,0.10368510766855672,16.45726182618168,13.670779566430483,-0.2288151604706794,0.3046441221071411,15.203962771894012,14.924078620718149,-0.5984347999605116,0.6742637615969733,20.88713627393679,9.24090511867537,-0.05356436297988511,0.12939332461634678,OK
2025-05-25 05:30:00,0.15904166046726553,0.48527741137485686,0.08242549911970846,0.013911567837522624,-0.014372012894486452,0.09241210355671761,0.2056619832274336,5.641666053458617,0.19801492267372678,0.6156532848090028,0.5363044900922788,0.2885356236317675,0.02061914777997653,-0.46280006066333346,0.07717932529231353,32.15659346459637,2.6339913383177906,13.460425910991955,18.6943837997396,-0.18332398474529757,0.26049959380381665,OK,17.747197802004955,14.409395662591415,-0.1569196910728458,0.23409901636515934,OK,-0.2657465590800728,-0.232561318390455,-0.009900386078257616,-0.0468458463188565,-0.28144552732285477,14.228457999673669,17.928135464922697,-1.9422504323378056,2.019429757630119,Small ratioRP,13.203942415973755,18.952651048622613,-1.7968420362257984,1.874021361518112,Small ratioRP,1.417904431417894,30.738689033178474,-0.1240623273412027,0.2012416526335163,OK,4.292998604889657,27.86359485970671,-0.5321213545408486,0.6093006798331622,Small ratioRP,14.675494989962672,17.481098474633697,-2.0056979120978227,2.0828772373901363,Small ratioRP,11.053928033789418,21.10266543080695,-2.286164176785548,2.3633435020778615,11.088115620389686,21.068477844206683,-1.997437009347247,2.0746163346395607,17.245312125863503,14.911281338732866,-0.060182406104758834,0.13736173139707236,12.173461393139625,19.983132071456744,-0.38162524826289235,0.4588045735552059,11.040563995468673,21.116029469127696,-2.4227525678367656,2.4999318931290793,16.62311706033935,15.533476404257023,-0.07210163931392935,0.1492809646062429,OK
2025-05-25 06:00:00,0.1368993783422608,0.4676476498187233,0.06497392465382561,0.026934738972347872,-0.03752675048268741,0.09705253586546014,0.17498979043256085,5.716710538931014,0.18428060301977825,0.4632976925915623,0.566763736603794,0.2085394365368024,0.15445131551202246,0.11078589780096876,0.06402067254340249,21.81916490891646,4.386744583884187,15.077826730487503,6.740126002600689,-0.07853355234921064,0.14255066818858297,OK,20.41362243580679,1.4055424731096693,-0.09153975283938343,0.15556042538278592,OK,-0.20243444516384573,-0.17963881467395545,-0.009877885885587233,-0.04128545708420938,,,,,,13b not satisfied,,,,,13b not satisfied,,,,,13b not satisfied,,,,,13b not satisfied,,,,,13b not satisfied,12.473635126287,9.345529782629459,-0.7712422080345659,0.8352628805779684,12.527981018701231,9.291183890215228,-0.68041470075663,0.7444353733000325,20.822157382946635,0.9970075259698241,-0.004014809037342651,0.06803548158074514,14.145286780618004,7.673878128298455,-0.129155958473428,0.1931766310168305,,,,,,,,,unrealistic fluxes
2025-05-25 06:30:00,0.20444742727638107,0.1583070644108992,0.07907619018970753,0.043691252439504086,-0.027279695740392032,0.1411584727382718,0.19100162157851105,1.7933020434097624,0.28146884948289763,0.7088726603447757,0.784604404876761,-0.15732184355860318,-0.19406563516657946,0.3143465415211771,0.03236547203848469,39.65746369653291,10.622144384925162,22.02342152428709,17.631838979818223,0.18199778535984,-0.1496342678680621,Small ratioRP,25.508820849914507,14.1486428466184,-0.02946946279979177,0.061834934838276456,OK,-0.19356167271617117,-0.1696151765809412,-0.009932947923877243,-0.040108598995931395,,,,,,13a not satisfied,,,,,13a not satisfied,,,,,13a not satisfied,,,,,13a not satisfied,,,,,13a not satisfied,24.16288826289132,15.494575433641586,-1.2226481610120494,1.2550136330505341,24.197809738281943,15.459653958250964,-1.068973475747649,1.1013389477861337,28.73564160882545,10.921822087707458,-0.04422580107258472,0.0765912731110694,25.109241814169234,14.548221882363674,-0.23787557993622457,0.27024105197470927,,,,,17.557363150366083,22.100100546166825,-0.1113492388249595,0.1437147108634442,OK
2025-05-25 07:00:00,0.23296024000435203,0.20026514696391723,0.07024123806333771,0.04831993063414397,-0.02320866958133521,0.1673211100536399,0.16039013197397545,1.6733663199126116,0.294805778313946,0.7421107119781263,0.7277076928832005,-0.3170331192374261,0.8126196343760167,-0.5878533900009263,0.04665381670122099,40.13945865675536,13.371304209459614,21.347984871629667,18.789240532084666,0.3423638762099753,-0.29571265115375966,Small ratioRP,20.835869726209214,19.303588930546145,-0.017791785896448177,0.06444560259766917,OK,-0.12923498887361146,-0.11386024209791631,-0.009943126733039483,-0.032942765460303905,,,,,,13a not satisfied,,,,,13a not satisfied,,,,,13a not satisfied,,,,,13a not satisfied,,,,,13a not satisfied,23.306856303060748,16.83260235369461,-0.8868166236826944,0.9334704403839155,23.374788504054344,16.764670152701015,-0.7781611913078881,0.8248150080091091,29.34255651029028,10.79690214646508,-0.04376476411191536,0.09041858081313635,24.77737644580683,15.362082210948529,-0.20630634784230922,0.2529601645435302,,,,,,,,,unrealistic fluxes
2025-05-25 07:30:00,0.19209757140432254,-0.01238615407639619,0.11932174794149701,0.07018110838467485,-0.049467210688799806,0.245360493988124,0.33013186011372586,5.5443242241079504,0.2887260092895906,0.6937457910498498,0.733682710352478,-0.40153224246260505,0.59361207507574,-0.11195515410841653,-0.0023793501171154577,56.22623834242257,15.982557904660107,12.785200739644166,43.437903685116815,-0.005255146626683795,0.00287611643323657,OK,18.834653583746206,37.39158475867636,-0.19347914111246506,0.1910997909953496,OK,-0.38798763815339804,-0.34841856641185515,-0.009610378874534099,-0.056980196561248336,,,,,,13a not satisfied,,,,,13a not satisfied,,,,,13a not satisfied,,,,,13a not satisfied,,,,,13a not satisfied,19.6580907429453,36.56814759947727,-5.783933639937235,5.78155428982012,19.657493279828152,36.56874506259442,-5.194141757109564,5.191762406992448,19.45096167761225,36.77527666481032,-0.14407841091098247,0.14169906079386702,19.62752954722652,36.598708795196046,-0.8501433432687158,0.8477639931516003,,,,,,,,,unrealistic fluxes
2025-05-25 08:00:00,0.19323294917370315,-0.029844460404911857,0.13472412787113025,0.08832189202157606,-0.061465011817050635,0.1502150159955244,0.3328239011827461,6.504385021908471,0.27571784052865506,0.679762172641811,0.762268521989898,0.10321092338459718,0.5073640813331296,0.005693552393119839,-0.005766933100538929,63.85929377747449,20.21474435283158,23.273536473539963,40.58220956539133,0.01976873408403103,-0.02553534679939767,OK,25.430624795808306,38.428668981666185,-0.1701847724146561,0.16441783931411716,OK,-1.1906341589068188,-1.1013785464074424,-0.008707742788506754,-0.09717478628460507,-0.6874302876130644,55.83686708189823,8.02242669557626,-3.893915719975019,3.88814878687448,Small ratioRP,55.274021847464894,8.5852719300096,-3.854722510686466,3.848955577585927,Small ratioRP,3.0187366487442056,60.84055712873029,-0.2159738779398425,0.2102069448393036,Small ratioRP,23.10322052488036,40.75607325259413,-1.6145384052671319,1.608771472166593,Small ratioRP,51.133167005022926,12.726126772451565,-3.566377899451834,3.560610966351295,Small ratioRP,19.631152458154002,44.228141319320486,-21.46740148379171,21.461634550691173,19.630856407830617,44.22843736964387,-19.858235654321632,19.852468721221094,19.135301148225683,44.72399262924881,-0.158762749405043,0.15299581630450407,19.59004546835685,44.26924830911764,-1.7537116768930372,1.7479447437924982,19.62847833177213,44.23081544570236,-12.39527198662843,12.389505053527891,,,,,unrealistic fluxes
2025-05-25 08:30:00,0.21654197929176078,0.11951701605141639,0.07550654972929194,0.0645790886014193,-0.035766382633133996,0.1669775137447057,0.30959408432245134,4.872194725616673,0.2379783636729727,0.6791674927970236,0.6747842068642472,0.04640263017745601,0.050202554454819116,0.22507490377447503,0.02588045121481885,40.107378446471586,16.55422818348462,18.192400085922493,21.91275017285761,-100.58049717766937,100.60637619108688,Small ratioRP,24.657040551081394,15.450337895390192,-0.12439219738204566,0.1502726485968645,OK,-0.2117163996763581,-0.19730164223567767,-0.009606557205386433,-0.04328530236827414,,,,,,13b not satisfied,,,,,13b not satisfied,,,,,13b not satisfied,,,,,13b not satisfied,,,,,13b not satisfied,18.326855016995548,21.780523429476037,-1.879858949676001,1.9057394008908197,18.336791217153767,21.77058722931782,-1.7510691450385145,1.7769495962533333,21.1881549394169,18.919223507054685,-0.07409237786466066,0.0999728290794795,18.856061937866404,21.251316508605182,-0.37499782339945825,0.4008782746142771,,,,,,,,,unrealistic fluxes
2025-05-25 09:00:00,0.18971770119829942,0.1330030070569714,0.0881237368974791,0.06876832364272055,-0.049586255066503625,0.1394031156607089,0.3091343258462415,7.090358176535811,0.26075961802847886,0.7870870274635874,0.7970680561020191,0.1021605597034877,0.560387266700518,-0.029380313521823416,0.025233024751309813,41.010806222079644,15.434366761334598,25.478117667981273,15.530410175974914,-0.04673781631328695,0.07196943922988841,OK,37.687649645763585,3.323156576316059,-0.27788152402350097,0.30311454877481075,OK,-0.1714049271130922,-0.15793727653599993,-0.009673717524925254,-0.03877126415311758,-0.2267606076608778,8.886190742571252,32.12461547950839,-2.2447278331849523,2.2699608579362622,Small ratioRP,8.33473801211268,32.676068209966964,-2.1038602613078203,2.1290932860591303,Small ratioRP,0.7207798493140165,40.29002637276563,-0.15888884394697214,0.18412186869828212,Small ratioRP,2.4826770489146552,38.52812917316499,-0.6089621987355172,0.6341952234868272,Small ratioRP,10.970011094978863,30.040795127100775,-2.7770358571696363,2.8022688819209463,Small ratioRP,21.340781906554067,19.670024315525577,-1.3744553950735479,1.3996884198248576,21.356665743161685,19.65414047891796,-1.2654388177318616,1.2906718424831713,24.454997311842263,16.55580891023738,-0.06528993835885731,0.09052296311016712,21.97800575034367,19.032800471735975,-0.30082581926753205,0.3260588440188419,21.295310038288765,19.71549618379088,-1.8225429657448582,1.847775990496168,23.784339231178514,17.22646699090113,-0.2551380036494201,0.2803710284007297,OK
2025-05-25 09:30:00,0.20401259479083908,-0.2012143506487595,0.10638724509968858,0.08194220948493304,-0.051056802091446786,0.19324374268129324,0.3646510305897348,11.408339261468136,0.237433709632957,0.5503359961071793,0.7157323465374088,-0.5619096998187841,0.7861820066191022,-0.32106191336325673,-0.04105026178500718,53.24074093109561,19.76078760685395,0.0,53.23778311215498,-0.041047981214908075,0.0,OK,0.0,53.24074093109561,-0.04105026178500718,0.0,OK,-0.1674232021943597,-0.16589230248277229,-0.009325778143529747,-0.039685402494159194,,,,,,13a not satisfied,,,,,13a not satisfied,,,,,13a not satisfied,,,,,13a not satisfied,,,,,13a not satisfied,6.073069963602871,47.16767096749274,-3.2193079956899977,3.1782577339049904,6.072429614838471,47.16831131625714,-3.189914296159029,3.148864034374022,4.896722057320939,48.34401887377467,-0.18379355669932218,0.142743294914315,5.849720604129521,47.391020326966085,-0.766706773862425,0.7256565120774179,,,,,,,,,unrealistic fluxes
2025-05-25 11:30:00,0.22876945966240214,0.03036595992053869,0.16784410664895758,0.09853524439064137,-0.04829931566007583,0.2539939982809022,0.3503351055179633,1.4022218373012731,0.2972250523317601,0.8449835373284378,0.8982467933769364,-0.3457109756378715,0.6784506413314348,-0.01555525215473916,0.006946804243151796,94.18932650147833,26.341791483963714,52.2039810111082,41.980112750008935,0.3016954839886768,-0.2947490656790935,Small ratioRP,45.80956460947601,48.37976189200232,-0.04380321185788825,0.050750016101040046,OK,-0.17495450375327432,-0.1774436726360722,-0.009087426061996747,-0.040939390214107814,,,,,,13a not satisfied,,,,,13a not satisfied,,,,,13a not satisfied,,,,,13a not satisfied,,,,,13a not satisfied,52.8027622654428,41.38656423603553,-2.9518001663141495,2.9587469705573013,52.80199709635992,41.387329405118415,-2.9938523156311123,3.000799119874264,53.798357641935006,40.39096885954333,-0.1496330791208777,0.1565798833640295,52.981318894055704,41.20800760742263,-0.6877418277155315,0.6946886319586832,,,,,,,,,unrealistic fluxes
2025-05-25 12:00:00,0.21171483582233222,-0.41288936533202314,0.23725132051381392,0.08168926835400293,-0.046631849350132794,0.38411529753171464,0.7114055863011429,4.537914547922219,0.2861736215189678,0.8126898237828801,1.306108490426172,-0.8371977258716438,-0.25427309530426584,0.45634843576699985,-0.08741480419405623,123.21326858258705,20.155871590755613,18.5155625773547,104.69086491958035,-0.09274692939507546,0.005336976628483657,OK,21.792311120752156,101.42095746183489,-0.09866733986955938,0.011252535675503151,OK,-0.26196982974001826,-0.27254316007570895,-0.008668156863217138,-0.04988239979484514,,,,,,13a not satisfied,,,,,13a not satisfied,,,,,13a not satisfied,,,,,13a not satisfied,,,,,13a not satisfied,92.3481200030778,30.865148579509253,-3.29626486680571,3.208850062611654,92.37207924431536,30.84118933827169,-3.4266429689139124,3.3392281647198563,74.3010026346981,48.912265947888955,-0.1728410900006912,0.08542628580663499,89.72230492837961,33.490963654207434,-0.6810475493329814,0.5936327451389252,,,,,40.887596698469984,82.32567188411707,-0.11871816780211744,0.03130336360806122,OK
2025-05-25 12:30:00,0.2368957794546377,0.05453520907762192,0.21738896577946942,0.12227290345198856,-0.055583020499531496,0.3220104769011493,0.4171482965575982,1.9288377359512656,0.35928885961393375,0.9402498682230996,1.0739594166700577,-0.45853411944715144,0.48042138615793856,0.16905938345632382,0.012919160862164877,126.32589039373367,33.65655414107646,45.09539031311194,81.22348197559987,0.03897636960935897,-0.026057926478353113,OK,39.73313309813692,86.59275729559675,-0.05094746231239622,0.0638666231745611,OK,-0.04845805162272014,-0.04770746401451375,-0.009362248296761883,-0.02147581585788066,,,,,,13a not satisfied,,,,,13a not satisfied,,,,,13a not satisfied,,,,,13a not satisfied,,,,,13a not satisfied,57.608920140877856,68.71697025285582,-1.3574767598327813,1.370395920694946,57.61358819424384,68.71230219948984,-1.3363594311196723,1.349278591981837,58.84791852485294,67.47797186888073,-0.2575399621681105,0.27045912303027536,57.981697060063766,68.3441933336699,-0.5983478642434937,0.6112670251056586,,,,,,,,,unrealistic fluxes
2025-05-25 13:00:00,0.19180649064778976,-0.30047901929578485,0.2865704492460825,0.20340457186477184,-0.14080067302835347,0.37897602869206964,0.44398792087723127,1.3385752513021694,0.34008544331857304,0.9039442470019723,1.045001598487007,-0.42760347701653173,0.6887117193258935,-0.20098212756706227,-0.057633826204414,134.83177509004625,45.2529249217659,41.84264960008781,92.98162077023761,-0.09860940813065672,0.04097898370674991,OK,41.96826677927555,92.8635083107707,-0.09473156789156283,0.03709774168714883,OK,-0.0495852731609091,-0.04921848215955621,-0.009295448028137001,-0.021794088107638568,,,,,,13a not satisfied,,,,,13a not satisfied,,,,,13a not satisfied,,,,,13a not satisfied,,,,,13a not satisfied,68.6160459997412,66.21572909030505,-1.3384936871143631,1.280859860909949,68.60499940804391,66.22677568200234,-1.3288142590255059,1.2711804328210918,62.191197349908734,72.64057774013752,-0.27526568084683806,0.21763185464242407,66.725852741695,68.10592234835126,-0.6050984395890574,0.5474646133846434,,,,,56.96932290549152,77.86245218455474,-0.2272528526896963,0.16961902648528226,OK
2025-05-25 13:30:00,0.23674389751186756,0.05878931103693846,0.17664234251038535,0.09172621180271467,-0.04163442500672421,0.19426965249479605,0.5086921120962291,2.601166346325903,0.34926688407267636,1.0695446735020735,1.072449421703915,-0.7302534908074659,0.7259072534333879,-0.28254172993385185,0.013918010626922264,102.58199873715506,25.160200914564754,22.388729545192994,80.1875109926859,0.020206942784838436,-0.0062897410889642055,OK,29.258000977440837,73.32399775971422,-0.03571656073228802,0.04963457135921029,OK,-0.02797245447016504,-0.02690211870664881,-0.009506448846835557,-0.016191651224492707,,,,,,13a not satisfied,,,,,13a not satisfied,,,,,13a not satisfied,,,,,13a not satisfied,,,,,13a not satisfied,49.08310204412182,53.49889669303324,-0.6100674488177478,0.62398545944467,49.10606362619983,53.475935110955234,-0.5864720563815601,0.6003900670084823,50.20414667687539,52.37785206027967,-0.2029871061223681,0.21690511674929036,49.5030079842305,53.07899075292456,-0.35036139650200887,0.36427940712893114,,,,,,,,,unrealistic fluxes
2025-05-25 14:00:00,0.2159211338470172,0.009114987925163865,0.23754587734338062,0.11267063814672008,-0.06142944099068524,0.27556687445542033,0.41321281511283214,1.6019134747496417,0.3537358274763517,0.917637639986908,1.0049581474287235,-0.4078733713267996,0.8156012816085034,-0.605090344540746,0.0019681185278032525,125.81725270836469,28.164680173521056,46.63341611699471,79.17684674399727,0.004555239891787276,-0.0025872307039022393,OK,48.71013372625673,77.10711898210796,-0.0475823254828815,0.04955044401068475,OK,-0.02936931144123283,-0.028213864379504017,-0.00949165004327467,-0.01657238911061918,,,,,,13a not satisfied,,,,,13a not satisfied,,,,,13a not satisfied,,,,,13a not satisfied,,,,,13a not satisfied,64.13471737629501,61.682535332069676,-0.7385134898705269,0.7404816083983301,64.13814448954717,61.67910821881752,-0.70941948403362,0.7113876025614232,64.30997000836373,61.50728270000096,-0.2379965766413255,0.23996469516912877,64.19933654854388,61.61791615982081,-0.4162886599209377,0.418256778448741,,,,,,,,,unrealistic fluxes
2025-05-25 14:30:00,0.2578778805407699,-0.16019574701034245,0.2580089992010717,0.14225139793009603,-0.054280397509471424,0.3323773070253442,0.4817777756881716,3.2567661026989696,0.372544572859916,1.034386437016064,1.0267038918216835,-0.45813497630470873,0.8664361320459552,-0.5245846961525686,-0.041310939710672484,163.20989843394625,42.39143801250742,55.72145699926989,107.47931082737543,-0.1153404202894682,0.074031245440062,OK,49.7243269047389,113.48557152920735,-0.1671713256312733,0.1258603859206008,OK,-0.02894897016384564,-0.02790872530463998,-0.009465206224375775,-0.0164873387674329,,,,,,13a not satisfied,,,,,13a not satisfied,,,,,13a not satisfied,,,,,13a not satisfied,,,,,13a not satisfied,71.36116738019804,91.84873105374821,-1.083948705610289,1.0426377658996164,71.30286899302111,91.90702944092514,-1.0456616543955315,1.004350714684859,68.14155386695553,95.06834456699072,-0.3668330561502574,0.32552211643958495,70.17898276663468,93.03091566731158,-0.625288309193415,0.5839773694827426,,,,,61.175279294863394,102.03461913908285,-0.13012211872947302,0.08881117901880055,OK
2025-05-25 15:00:00,0.2220663190687243,0.07847498805953536,0.2067606500219041,0.11426146277401684,-0.05881392510288256,0.3072134992860235,0.4236526810528644,1.3652660834802028,0.30299444970935036,0.8673634538236763,0.9963529135287387,0.32475975475663754,0.21740422018484037,-0.42586892810171767,0.017426651737343108,112.62845610205731,29.332202138710045,65.23450675206003,47.387841125398616,-0.04547700260402315,0.06290359609480017,OK,82.22893471518015,30.39952138687717,-0.0716529943214154,0.08907964605875851,OK,-0.02684602545321052,-0.02545810186643046,-0.009558460480493483,-0.01576128338803631,-0.023933220784806176,73.32337166657393,39.30508443548337,-0.43016114846946235,0.44758780020680544,Small ratioRP,71.97413036910841,40.65432573294889,-0.4219249758746332,0.43935162761197627,Small ratioRP,45.62564165117176,67.00281445088555,-0.26108591684086035,0.2785125685782035,Small ratioRP,59.14784249825666,53.48061360380065,-0.34362947687549233,0.3610561286128354,Small ratioRP,70.38076912770103,42.24768697435627,-0.4121986220972879,0.429625273834631,Small ratioRP,56.974077098201704,55.65437900385561,-0.6090904505993201,0.6265171023366632,57.017378625554066,55.61107747650325,-0.5771514371376991,0.5945780888750423,58.41059008066742,54.217866021389895,-0.21126756204734837,0.22869421378469149,57.532672932845124,55.09578316921219,-0.3540074406912982,0.3714340924286413,57.07074313060023,55.557712971457086,-0.5420607463696583,0.5594873981070014,56.72712109619187,55.90133500586541,-0.09467263587686478,0.11209928761420791,OK
2025-05-25 15:30:00,0.19723637306316832,0.24110826887485465,0.10822023183671725,-0.005814758930215033,0.0038004526870719017,0.1578507587570458,0.36544104751921397,2.7465113059755377,0.2484960104418458,0.6537672356894764,0.8984717022682669,0.300479879139407,-0.30393528619197263,-0.7890795230739654,0.04755532046841553,52.35920164590545,-1.3277683130766762,32.27037481942857,20.085917981941023,-0.02926897926914265,0.0768216577753099,OK,43.043378859323965,9.315822786581485,-0.11871163719465776,0.16626695766307328,OK,-0.024276252632866476,-0.022745297804272323,-0.00964047388100638,-0.014907950030699247,-0.03792662290827697,0.8069582547959053,51.552243391109535,-0.5101896797201769,0.5577450001885924,Small ratioRP,0.7610236267838445,51.598178019121605,-0.47844106204760456,0.5259963825160201,Small ratioRP,0.3644526437240222,51.99474900218143,-0.20434326119242244,0.25189858166083795,OK,0.5245845412165655,51.83461710468888,-0.31502155795235554,0.3625768784207711,Small ratioRP,1.2129356245417473,51.146266021363694,-0.7907888889354439,0.8383442094038593,Small ratioRP,21.705257932535336,30.653943713370115,-0.30336848013837825,0.3509238006067938,21.828065393699735,30.531136252205716,-0.2830981599507678,0.33065348041918335,24.47520491766719,27.88399672823826,-0.10958619737327689,0.15714151784169242,22.851818458222443,29.507383187683008,-0.1793292271091208,0.22688454757753632,21.048577217891832,31.310624428013618,-0.4841036468422168,0.5316589673106323,28.958569433613544,23.400632212291903,-0.12886023874636401,0.1764155592147795,OK
2025-05-25 16:00:00,0.15118478027705365,0.2750835729107809,0.1295208739434127,-0.011563635841782029,0.012862773313764448,0.19969528069941592,0.27541681001961865,1.221651756558735,0.2282988517594909,0.5549040719604231,0.6573431235165769,0.4923708481277642,0.14139851576785253,-0.29401604674917253,0.04158844952834328,48.033627682250966,-2.023593334959954,35.671456995209354,12.35950215217036,-0.013925717025447981,0.05551184698370551,OK,40.714969584546076,7.3186580977048905,-0.03295351025259783,0.07454195978094111,OK,-0.026215190122738152,-0.024364897297400098,-0.009668753785657793,-0.015424074821998786,-0.03819524335183534,4.926816856394912,43.10681082585605,-0.4606821204177414,0.5022705699460847,Small ratioRP,4.636186884014862,43.3974407982361,-0.43105348064370613,0.4726419301720494,Small ratioRP,2.1807783868425186,45.85284929540845,-0.18073375874772732,0.2223222082760706,OK,3.174750508137141,44.85887717411382,-0.2820655026352979,0.3236539521636411,Small ratioRP,6.71827248137946,41.31535520087151,-0.6433143277883342,0.6849027773166774,Small ratioRP,21.806529226213367,26.2270984560376,-0.28028877798320334,0.3218772275115466,21.930637890962288,26.102989791288678,-0.25927299854049385,0.30086144806883713,24.60332139601289,23.430306286238075,-0.09235298108609291,0.1339414306144362,22.949916707864343,25.083710974386623,-0.15772239497852888,0.19931084450687217,21.293932663340286,26.73969501891068,-0.4163592166331645,0.4579476661615078,28.784716561722238,19.248911120528724,-0.0563214384469018,0.09790988797524508,OK
2025-05-25 16:30:00,0.12217543802590128,0.4566342254462059,0.12632425404362596,-0.01811986839710841,0.03085185300349024,0.197088379456993,0.3155626905987231,2.186716853870613,0.18329424054614582,0.4997210244132118,0.48666762375358225,0.6096312993544466,-0.5327679105066302,-0.8260683932092128,0.05578948651150836,37.85891778734755,-2.5614614225634003,25.49564359298241,12.361223189559496,-0.03529109051564481,0.09107698028127355,OK,36.65078664108639,1.2081311462611595,-0.05875635186449478,0.11454583837600314,OK,-0.02617691111828955,-0.023990697198719577,-0.009734767186606244,-0.015308507492964198,-0.03133639640759165,14.118194343100832,23.740723444246715,-0.2533464359901896,0.30913592250169797,OK,13.450230584651182,24.408687202696367,-0.2387205151643484,0.2945100016758568,OK,7.965776499392708,29.893141287954844,-0.1186313782774425,0.17442086478895086,OK,10.379807411713422,27.47911037563413,-0.17148967268054804,0.22727915919205638,OK,15.558439360786537,22.300478426561014,-0.28488244274507063,0.34067192925657896,Small ratioRP,19.139211036284646,18.719706751062905,-0.19976522616511136,0.2555547126766197,19.350832832435977,18.508084954911574,-0.18101176595249116,0.23680125246399952,23.061535226779768,14.797382560567783,-0.05872363399848131,0.11451312050998967,20.787918173041973,17.070999614305578,-0.1065354771740668,0.16232496368557517,18.756855012673434,19.102062774674117,-0.24402356759473628,0.29981305410624465,22.848563641348694,15.010354145998859,-0.06369331476941116,0.11948280128091952,OK
2025-05-25 17:00:00,0.13073103075197767,1.263428307687866,0.15876415817931677,-0.09408850776614998,0.14007058545601384,0.3209307019429954,0.4457503556324104,3.7463174613058996,0.17610562491091117,0.5894700339789672,0.5757154666504335,0.8624719272400362,-0.8183194087305697,-0.8003989082485921,0.16516928494526154,50.91300121700342,-14.247519365763043,46.520045965175065,4.390126751760727,-0.01138642605328775,0.1765417182690398,OK,,,,,E>ET,-0.036772711254475385,-0.032051574670176025,-0.009961426162307009,-0.017663218456220993,,,,,,13b not satisfied,,,,,13b not satisfied,,,,,13b not satisfied,,,,,13b not satisfied,,,,,13b not satisfied,25.142717294206143,25.770283922797276,-0.38632010176880294,0.5514893867140644,25.80159190369184,25.11140931331158,-0.3281126011736484,0.49328188611890994,37.18202981974252,13.730971397260902,-0.05576031704466533,0.22092960198992687,29.982043501080092,20.930957715923327,-0.15071670551743913,0.31588599046270066,,,,,36.80998432990705,14.103016887096366,-0.07655116517879143,0.24172045012405294,OK
2025-05-25 17:30:00,0.25827322191279717,0.18340442397052648,0.10644088614987567,-0.04296391805587374,0.016379038972265055,0.21507876231479514,0.3522018054939459,1.4805348901621271,0.33199820357897236,0.9974662988641678,1.0189505161115826,0.326101850311996,-0.8681852880841872,-0.33720085239978204,0.04736845149192852,67.43500748432251,-12.845909529715309,45.59395551034025,21.83720200753869,-0.04717685011250358,0.09454052405210427,OK,62.992821096005905,4.442186388316607,-0.04486143381005153,0.09222988530198005,OK,-0.024378624401471396,-0.02249788378447527,-0.009709484245233413,-0.014826771163684806,,,,,,13b not satisfied,,,,,13b not satisfied,,,,,13b not satisfied,,,,,13b not satisfied,,,,,13b not satisfied,36.84122105318505,30.59378643113746,-0.30404990967123197,0.3514183611631605,37.04452882517362,30.39047865914889,-0.27872868203347223,0.32609713352540076,40.51552638470584,26.919481099616675,-0.10655290567736923,0.15392135716929775,38.40800027188283,29.027007212439685,-0.17544916164104019,0.22281761313296872,,,,,38.111448180660034,29.323559303662456,-0.10135886684441837,0.1487273183363469,OK
2025-05-25 18:00:00,0.21596959663575874,0.5097729610051315,0.08379470633638494,-0.0720043071992782,0.03929714924348904,0.20438090507460727,0.17421490599748543,1.5984385772772558,0.3431435543393122,0.8282306720209729,0.9160755063497195,0.7129230243544458,-0.7955543524809283,-0.9154518142325797,0.11009546076409461,44.39220819960128,-18.022491183346144,35.01031184254302,9.379522864766448,-0.028970939200507764,0.1390602676093012,OK,,,,,E>ET,-0.023780098819061627,-0.021480348660113543,-0.009821032007898628,-0.014487155844900271,-0.03117502036095763,10.974875620404495,33.41733257919678,-0.3239573872820009,0.43405284804609556,OK,10.32631619766031,34.065892001940966,-0.29830706792477224,0.4084025286888669,OK,6.608622522225676,37.783585677375605,-0.15127346282539167,0.2613689235894864,OK,8.189778518082855,36.202429681518424,-0.21380768070126432,0.323903141465359,OK,12.90262191120389,31.48958628839739,-0.4001991413366994,0.510294602100794,OK,24.387608572291626,20.004599627309652,-0.19393043455898357,0.30402589532307817,24.91950276939835,19.47270543020293,-0.17051793803360993,0.2806133987977045,31.448916987677848,12.94329121192343,-0.05182082237254508,0.1619162831366397,27.574417764187846,16.817790435413432,-0.09932407297379019,0.2094195337378848,23.20915427099298,21.1830539286083,-0.2692140797112218,0.3793095404753164,29.664149971730797,14.728058227870479,-0.11959644528182004,0.22969190604591466,OK
2025-05-25 18:30:00,0.12422773326637154,0.6718517162390302,0.05572543265428853,-0.030319027379885795,0.05015631413270721,0.5459114537129492,0.36420948010634835,5.036405431387039,0.2089480998610837,0.6530527876760878,0.4812312286060275,0.6398010957176249,-0.9579198347695201,-0.6069373568969335,0.08346261579949618,16.981246183180552,-4.378612295361711,13.303073683113467,3.677229097501361,-0.046297961463199276,0.12975594045070657,OK,,,,,E>ET,-0.02888821506850548,-0.025430870483738512,-0.00996005429212567,-0.015745187367755452,,,,,,13b not satisfied,,,,,13b not satisfied,,,,,13b not satisfied,,,,,13b not satisfied,,,,,13b not satisfied,13.561919261451163,3.4193269217293896,-0.04026834549712571,0.1237309612966219,14.104825831540962,2.87642035163959,-0.02982057620029996,0.11328319199979614,21.1510208639782,-4.169774680797648,0.016930771384702614,0.06653184441479357,16.895348549324993,0.08589763385555926,-0.000551355213820881,0.08401397101331706,,,,,10.657535021596015,6.323711161584538,-0.1373037941700866,0.22076640996958274,OK
2025-05-25 19:00:00,0.05976741781273778,3.9063363867285097,0.1252677969885107,-0.2211050631711176,1.5869414930819532,0.7584967232963611,0.3790019762079881,12.59327836883954,0.09432806948027,0.259329248536976,0.23520660979684052,0.9365150631013607,-0.9000213366001895,-0.7984949922732372,0.23347163894270329,18.36544606296244,-15.429839475174306,17.681933233760507,0.6824883771490509,-0.006571776744925985,0.2400299032499934,OK,,,,,E>ET,-1.1169141808724385,-0.7580946958298311,-0.009899533190455816,-0.07867025210997314,,,,,,13b not satisfied,,,,,13b not satisfied,,,,,13b not satisfied,,,,,13b not satisfied,,,,,13b not satisfied,7.834029196242715,10.531416866719727,-4.795225781948,5.028697420890703,7.9347429912070275,10.430703071755413,-3.2235877180895653,3.4570593570322687,31.628445273255846,-13.262999210293405,0.05352527553497302,0.17994636340773026,10.642211243009607,7.723234819952834,-0.24769214447216148,0.48116378341486477,,,,,,,,,Not enough points
2025-05-25 19:30:00,0.06641527227834187,2.167685738317279,0.11499869528019074,-0.1394487375625489,0.8101757461764008,0.49797408853759645,0.2696728511558389,10.068335734764071,0.16013775341547906,0.49243453873529963,0.27545277160811277,0.8786254828268106,-0.8222474509243345,-0.7996006935987444,0.14396743852422061,18.73520367276151,-10.809390287931366,17.594644558480912,1.1394201167352285,-0.010534299869413594,0.1544891748654034,OK,,,,,E>ET,-0.10200081275077096,-0.07923320154724701,-0.010585317501640275,-0.027589086304226636,-0.07884897937421544,14.368119821249094,4.367083851512417,-0.1815923775805276,0.32555981610474816,OK,13.630602015080116,5.104601657681394,-0.16488134201446447,0.30884878053868503,OK,8.334573316584933,10.400630356176578,-0.04488135937110767,0.18884879789532827,OK,10.460931063977112,8.274272608784399,-0.09306140281632748,0.23702884134054808,OK,13.616012283449018,5.1191913893124905,-0.16455076081066533,0.30851819933488595,OK,11.38494112363223,7.3502625491292815,-0.30563911697624924,0.44960655550046985,11.895206525288923,6.839997147472587,-0.22093553712527103,0.36490297564949165,26.720576982329703,-7.9853733095681925,0.03445891229144042,0.10950852623278019,16.174438320821174,2.5607653519403364,-0.028801131797617202,0.17276857032183782,11.906346100644331,6.82885757211718,-0.2195060945182724,0.363473533042493,13.515317899365353,5.2198857733961574,-0.08775186642008781,0.23171930494430842,OK
2025-05-25 20:00:00,0.14199551985441863,0.05441228999988923,0.08870375005015087,-0.10596644909758564,0.13504711593718668,0.5683624286375238,0.2995701273249967,7.012712902956007,0.2478723666535667,0.632085173795469,0.5975481046684032,0.435772130620924,-0.7962240668463703,-0.3287685676438154,0.007726301405003655,30.896847603752807,-17.61316522417287,20.84146875688677,10.053693355855193,-0.012902183557377742,0.020626237024405213,OK,,,,,E>ET,-0.10492032584519358,-0.08980289984349298,-0.01005546535666205,-0.02939878158699681,-0.08621608854097366,20.19939961723351,10.697447986519299,-0.4575539047931494,0.4652802061981531,Small ratioRP,19.094060951546297,11.802786652206509,-0.43209313803596927,0.43981943944097296,Small ratioRP,4.952539189318168,25.94430841443464,-0.1063522602788029,0.11407856168380659,Small ratioRP,10.79464529120757,20.102202312545238,-0.240921424869196,0.2486477262741997,Small ratioRP,18.797434300227902,12.099413303524905,-0.42526053349798054,0.4329868349029843,Small ratioRP,17.546233253394472,13.350614350358335,-0.5710357961162307,0.5787620975212343,17.56340186105345,13.333445742699357,-0.48812967492877224,0.49585597633377587,18.508400975995396,12.38844662775741,-0.05078336562913633,0.058509667034139984,17.80822590812092,13.088621695631886,-0.15686487179156525,0.1645911731965689,17.56835906822285,13.328488535529956,-0.468459089970079,0.47618539137508265,16.49963865142517,14.397208952327638,-0.013439045419084882,0.02116534682408854,OK
2025-05-25 20:30:00,0.09699918580049964,0.7252741284556081,0.021828536456951417,-0.0007079298955967173,0.0019390319309621061,0.31470628114174154,0.22496062050521137,14.008523920327455,0.11516027905772028,0.38865628132156155,0.4692054907257404,0.8474385091977,-0.8641074975186052,-0.841984789598282,0.07035099994236098,5.193860196465609,-0.0806484083843784,4.34408004576061,0.8494916029163051,-0.020619789320256748,0.09095937530819642,OK,,,,,E>ET,-0.10233095186508369,-0.08492548404885962,-0.010295453763522781,-0.028632951225576932,-0.09835504582735254,3.336477631862474,1.8573825646031352,-0.07748378549264137,0.14783478543500242,OK,3.1695035698325107,2.024356626633098,-0.0700853919300173,0.14043639187237839,OK,1.899777373752852,3.294082822712757,-0.01382555132264729,0.08417655126500835,OK,2.339657478971897,2.854202717493712,-0.0333160404394238,0.10366704038178487,OK,3.3008099786577914,1.8930502178078175,-0.07590340029595095,0.14625440023831202,OK,3.693842220417812,1.500017976047797,-0.06257573065785048,0.13292673060021146,3.8794011694944865,1.3144590269711225,-0.04550797763062188,0.11585897757298286,11.787486427614873,-6.593626231149264,0.027674021197206786,0.04267697874515419,6.024206566432481,-0.8303463699668718,0.00969232250778488,0.0606586774345761,3.7304415981628107,1.4634185983027983,-0.058676968324774384,0.12902796826713536,,,,,Not enough points
2025-05-25 21:00:00,0.12146899684216614,0.817898801495732,0.059025764037824204,-0.03372120314173213,0.05887246155122288,0.10740844584575708,0.13418475209063688,3.8150231838005877,0.2325461025886921,0.5852617309756595,0.5501317461393938,0.6902517817309882,-0.3980927676781673,-0.49584027860402435,0.09934934693609654,17.587520247552984,-4.808155129205672,16.42720019813541,1.1593429649593727,-0.012665277451238617,0.11200776872216599,OK,,,,,E>ET,-0.08352999433368823,-0.07073790465840604,-0.010161442740438823,-0.02611920319706439,-0.08256003907976533,9.702788731304857,7.884731516248128,-0.2684922865368362,0.3678416334729328,OK,9.086773916539181,8.500746331013804,-0.24513859905770463,0.34448794599380117,OK,4.094911940555516,13.49260830699747,-0.055892526184559324,0.15524187312065588,OK,5.90251281435414,11.685007433198843,-0.12442033571419825,0.22376968265029482,OK,9.65922509594549,7.928295151607491,-0.2668407491042105,0.36619009604030706,OK,12.625196081523358,4.962324166029626,-0.16897794923374587,0.2683272961698424,12.950048444630573,4.637471802922411,-0.1337321802899193,0.23308152722601583,25.59553420102166,-8.008013953468677,0.03317283948341099,0.06617650745268555,16.57367964058274,1.0138406069702448,-0.010795233926983658,0.1101445808630802,12.646300750096433,4.941219497456551,-0.1663054524303757,0.26565479936647224,12.066939229767229,5.520581017785756,-0.09225589797902943,0.19160524491512598,OK
2025-05-25 21:30:00,0.07527589528950353,1.242192758570981,0.07885697377705195,-0.06989147241350686,0.31768505332891794,0.15380371450031602,0.1212881198955404,3.746964701770115,0.1949426587906625,0.45581861448423944,0.5769616722312213,0.8643141783536185,-0.9296994621621426,-0.8681864631688352,0.0935071720235687,14.56107987507946,-6.175266137204559,12.014280358928922,2.5459905672685927,-0.02196537206017704,0.11546196988618186,OK,,,,,E>ET,-0.111903162274469,-0.09401517237164621,-0.010165890530369577,-0.030053577150455608,-0.08498906831920258,11.570199828179613,2.990880046899848,-0.13644065847195477,0.22994783049552348,OK,11.19545609851095,3.3656237765685093,-0.12899294720432103,0.22250011922788976,OK,6.405593589706854,8.155486285372607,-0.03379852458174819,0.1273056966053169,OK,8.46376316811678,6.097316706962682,-0.07470288547226456,0.16821005749583326,OK,10.968310953105066,3.5927689219743946,-0.12447863162037896,0.21798580364394768,OK,7.857779307546159,6.703300567533302,-0.30579719983009346,0.39930437185366213,8.042269081762697,6.518810793316764,-0.24984391373494616,0.34335108575851486,17.561613412155673,-3.000533537076212,0.012435016498418008,0.0810721555251507,10.498539810127324,4.062540064952136,-0.04977328221314953,0.14328045423671823,8.164840831307057,6.396239043772404,-0.22161043500901914,0.31511760703258784,10.857350470781181,3.7037294042982785,-0.040268803025083594,0.1337759750486523,OK
2025-05-25 22:00:00,0.10370751663812085,2.7196215623628226,0.051463793331256474,-0.0518671954744145,0.12441898842752619,0.36818999551405096,0.22507894924701033,19.77423994907377,0.13547074495039138,0.49945565494054567,0.5671251332257168,0.9517468876845326,-0.9633299852416308,-0.9721364312815512,0.28204519842813464,13.092107944356615,-6.325393353766718,13.091381486764753,0.0,0.0,0.2820295499036998,OK,13.092107944356615,0.0,0.0,0.28204519842813464,OK,-0.12028792003065317,-0.09327165396951122,-0.010700512627300634,-0.02996201434873311,-0.10542473407177808,9.962236416382574,3.129871527974042,-0.1534797130302323,0.43552491145836697,OK,9.540526440646646,3.55158150370997,-0.13504357156891666,0.41708876999705136,OK,7.054018326776364,6.038089617580251,-0.026339443211451413,0.3083846416395861,OK,7.9016977355826645,5.190410208773951,-0.06339793931964771,0.3454431377477824,OK,9.743488206016844,3.34861973833977,-0.14391656967875144,0.42596176810688613,OK,12.067849745230099,1.0242581991265158,-0.05022661571433806,0.3322718141424727,13.134769410631773,-0.04266146627515788,0.001622138410211471,0.28042306001792316,49.7913638478323,-36.69925590347569,0.1600900331054541,0.12195516532268051,23.17230838187274,-10.080200437516124,0.12312397478473866,0.15892122364339598,12.58715829260975,0.5049496517468643,-0.021701664392601017,0.30374686282073565,,,,,Not enough points
2025-05-25 22:30:00,0.09920070448233907,1.797188279026672,0.02463331019499286,-0.022548828803953147,0.05919111232486763,0.22370526413403108,0.14992446754041536,13.365513724288997,0.13622968759813378,0.2925418232554098,0.43608805496712627,0.863492523926732,-0.9427034144144572,-0.8853465032865339,0.17828234336684842,5.994253151609654,-2.6341576260078337,5.170999005228731,0.8229211323169452,-0.02501166372305198,0.20328410251526913,OK,,,,,E>ET,-0.12319742623127697,-0.09738720738603102,-0.010596225045727211,-0.030625798002630877,-0.1455718524481788,1.6727365630456856,4.321516588563969,-0.21704024505782687,0.39532258842467555,OK,1.5080085079660768,4.486244643643578,-0.1781095953913526,0.35639193875820135,OK,0.848425359204866,5.145827792404789,-0.022228434298768363,0.2005107776656171,OK,1.0172935311517042,4.976959620457951,-0.06213752955703042,0.24041987292387915,OK,1.8060495989805385,4.188203552629116,-0.2485464939202055,0.42682883728705423,OK,4.161467956562429,1.832785195047225,-0.09204827511806243,0.27033061848491086,4.571679231051331,1.4225739205583237,-0.0564779867196791,0.23476033008652752,20.609338084153297,-14.615084932543642,0.06313278801779426,0.11514955534905416,8.839985980315369,-2.8457328287057146,0.0355290822590284,0.14275326110782002,3.9235691209727763,2.070684030636878,-0.12288353451882264,0.30116587788567106,,,,,Not enough points
2025-05-25 23:00:00,0.0958444092589271,1.6340881974194335,0.050614376746071554,-0.07244311328181503,0.20347810067816138,0.1351102145990519,0.14471890612956378,3.4019682987260245,0.20709342521273663,0.4785361822343231,0.6366703068955127,0.6406173778806856,-0.5013696943440481,-0.8936601215065019,0.15661821795865064,11.899760661245919,-8.166104527545816,9.645549081937544,2.253551345733747,-0.033379803065004196,0.18998885280696445,OK,,,,,E>ET,-0.1006414101123256,-0.08187434151419222,-0.010397716571192553,-0.028077001839476715,,,,,,13b not satisfied,,,,,13b not satisfied,,,,,13b not satisfied,,,,,13b not satisfied,,,,,13b not satisfied,6.746137481086533,5.153623180159386,-0.21144227641207028,0.3680604943707209,7.121710111661767,4.778050549584152,-0.15947808498521268,0.3160963029438633,20.96694315371335,-9.06718249246743,0.038433751999981905,0.11818446595866873,10.980794514734086,0.9189661465118331,-0.010518472966175918,0.16713669092482655,,,,,7.550213152183103,4.349547509062815,-0.1250390175590175,0.28165723551766814,OK
2025-05-25 23:30:00,0.07733577203603054,1.1011284014678924,0.057314150966651975,-0.06658920470905698,0.28749365507702274,0.1281707289203983,0.12415499193433367,3.6804184241753326,0.1755950051769864,0.48528897764321355,0.45057109947882246,0.9146306124179987,-0.8466357463603974,-0.8730776913225102,0.08515661503831963,10.872760880650096,-6.06152651413831,10.033402927155505,0.8387539112234493,-0.006263071278855842,0.09141487151535467,OK,,,,,E>ET,-0.10849790628423221,-0.08990799888889454,-0.0102772992769898,-0.02939632849552244,-0.0803727489213163,9.02892909127669,1.8438317893734053,-0.0815539701130549,0.1667105851513746,OK,8.775404064464562,2.097356816185535,-0.07687287170779633,0.16202948674611603,OK,5.769912583584034,5.102848297066061,-0.02137933106972101,0.10653594610804071,OK,7.076155490228619,3.796605390421477,-0.045497863524134076,0.1306544785624538,OK,8.616260214067085,2.2565006665830105,-0.07393443192664452,0.1590910469649642,OK,5.764476328965027,5.1082845516850695,-0.22594299982140958,0.3110996148597292,5.943780230658404,4.928980649991693,-0.18065829058411564,0.26581490562243526,14.052184601522365,-3.1794237208722684,0.013320786427951412,0.07183582861036822,8.097949970372774,2.7748109102773224,-0.033252854884415706,0.11840946992273534,6.06793320585344,4.804827674796656,-0.15743057819674827,0.2425871932350679,8.503419705824218,2.3693411748258777,-0.03050020018368435,0.11565681522200398,OK
